timeStamp,response time,label
1.74314E+12,28,Create room
1.74314E+12,33,Create room
1.74314E+12,40,Create room
1.74314E+12,41,Create room
1.74314E+12,44,Create room
1.74314E+12,50,Create room
1.74314E+12,55,Create room
1.74314E+12,91,Join Call
1.74314E+12,56,Create room
1.74314E+12,65,Create room
1.74314E+12,74,Create room
1.74314E+12,117,Join Call
1.74314E+12,67,Create room
1.74314E+12,77,Create room
1.74314E+12,70,Create room
1.74314E+12,128,Join Call
1.74314E+12,82,Create room
1.74314E+12,166,Join Call
1.74314E+12,102,Create room
1.74314E+12,79,Create room
1.74314E+12,85,Create room
1.74314E+12,137,Join Call
1.74314E+12,110,Create room
1.74314E+12,147,Create room
1.74314E+12,90,Create room
1.74314E+12,79,Create room
1.74314E+12,94,Create room
1.74314E+12,132,Create room
1.74314E+12,128,Join Call
1.74314E+12,94,Create room
1.74314E+12,183,Join Call
1.74314E+12,214,Join Call
1.74314E+12,187,Join Call
1.74314E+12,127,Create room
1.74314E+12,102,Create room
1.74314E+12,113,Create room
1.74314E+12,206,Create room
1.74314E+12,277,Create room
1.74314E+12,419,Join Call
1.74314E+12,215,Create room
1.74314E+12,244,Create room
1.74314E+12,85,Create room
1.74314E+12,410,Join Call
1.74314E+12,93,Create room
1.74314E+12,196,Create room
1.74314E+12,165,Create room
1.74314E+12,305,Create room
1.74314E+12,258,Create room
1.74314E+12,342,Create room
1.74314E+12,209,Create room
1.74314E+12,217,Create room
1.74314E+12,339,Join Call
1.74314E+12,235,Create room
1.74314E+12,299,Join Call
1.74314E+12,189,Create room
1.74314E+12,159,Create room
1.74314E+12,289,Join Call
1.74314E+12,426,Create room
1.74314E+12,471,Create room
1.74314E+12,281,Create room
1.74314E+12,418,Join Call
1.74314E+12,429,Join Call
1.74314E+12,566,Create room
1.74314E+12,288,Create room
1.74314E+12,362,Join Call
1.74314E+12,340,Join Call
1.74314E+12,287,Create room
1.74314E+12,398,Create room
1.74314E+12,364,Create room
1.74314E+12,356,Create room
1.74314E+12,437,Create room
1.74314E+12,245,Create room
1.74314E+12,713,Join Call
1.74314E+12,669,Join Call
1.74314E+12,439,Join Call
1.74314E+12,326,Create room
1.74314E+12,532,Join Call
1.74314E+12,267,Join Call
1.74314E+12,537,Create room
1.74314E+12,313,Create room
1.74314E+12,381,Join Call
1.74314E+12,67,Create room
1.74314E+12,60,Create room
1.74314E+12,422,Join Call
1.74314E+12,356,Create room
1.74314E+12,437,Create room
1.74314E+12,456,Create room
1.74314E+12,476,Create room
1.74314E+12,489,Create room
1.74314E+12,818,Create room
1.74314E+12,449,Create room
1.74314E+12,85,Create room
1.74314E+12,421,Create room
1.74314E+12,85,Create room
1.74314E+12,684,Join Call
1.74314E+12,475,Join Call
1.74314E+12,385,Create room
1.74314E+12,558,Join Call
1.74314E+12,338,Create room
1.74314E+12,545,Join Call
1.74314E+12,258,Join Call
1.74314E+12,567,Join Call
1.74314E+12,849,Join Call
1.74314E+12,594,Create room
1.74314E+12,548,Create room
1.74314E+12,791,Create room
1.74314E+12,521,Join Call
1.74314E+12,735,Join Call
1.74314E+12,583,Join Call
1.74314E+12,747,Create room
1.74314E+12,261,Join Call
1.74314E+12,453,Join Call
1.74314E+12,654,Join Call
1.74314E+12,243,Create room
1.74314E+12,517,Create room
1.74314E+12,351,Join Call
1.74314E+12,663,Create room
1.74314E+12,873,Join Call
1.74314E+12,670,Join Call
1.74314E+12,500,Create room
1.74314E+12,672,Create room
1.74314E+12,826,Create room
1.74314E+12,493,Create room
1.74314E+12,544,Create room
1.74314E+12,517,Create room
1.74314E+12,840,Join Call
1.74314E+12,527,Create room
1.74314E+12,334,Join Call
1.74314E+12,480,Create room
1.74314E+12,860,Create room
1.74314E+12,312,Create room
1.74314E+12,579,Create room
1.74314E+12,542,Create room
1.74314E+12,779,Create room
1.74314E+12,724,Join Call
1.74314E+12,822,Create room
1.74314E+12,762,Create room
1.74314E+12,594,Create room
1.74314E+12,781,Create room
1.74314E+12,737,Create room
1.74314E+12,360,Create room
1.74314E+12,369,Create room
1.74314E+12,537,Create room
1.74314E+12,943,Join Call
1.74314E+12,733,Create room
1.74314E+12,782,Create room
1.74314E+12,822,Join Call
1.74314E+12,585,Create room
1.74314E+12,687,Create room
1.74314E+12,318,Create room
1.74314E+12,411,Create room
1.74314E+12,889,Create room
1.74314E+12,959,Create room
1.74314E+12,628,Create room
1.74314E+12,751,Create room
1.74314E+12,336,Create room
1.74314E+12,903,Create room
1.74314E+12,875,Create room
1.74314E+12,923,Create room
1.74314E+12,666,Join Call
1.74314E+12,1027,Create room
1.74314E+12,970,Join Call
1.74314E+12,1066,Create room
1.74314E+12,840,Join Call
1.74314E+12,810,Create room
1.74314E+12,750,Create room
1.74314E+12,531,Join Call
1.74314E+12,476,Create room
1.74314E+12,412,Join Call
1.74314E+12,819,Create room
1.74314E+12,1058,Create room
1.74314E+12,1186,Join Call
1.74314E+12,803,Create room
1.74314E+12,150,Create room
1.74314E+12,203,Join Call
1.74314E+12,331,Join Call
1.74314E+12,522,Join Call
1.74314E+12,1275,Join Call
1.74314E+12,1091,Join Call
1.74314E+12,769,Join Call
1.74314E+12,1118,Create room
1.74314E+12,518,Join Call
1.74314E+12,1173,Join Call
1.74314E+12,570,Create room
1.74314E+12,925,Create room
1.74314E+12,786,Create room
1.74314E+12,302,Join Call
1.74314E+12,1234,Create room
1.74314E+12,787,Create room
1.74314E+12,357,Join Call
1.74314E+12,1580,Join Call
1.74314E+12,1203,Create room
1.74314E+12,792,Join Call
1.74314E+12,982,Create room
1.74314E+12,694,Create room
1.74314E+12,573,Create room
1.74314E+12,1091,Join Call
1.74314E+12,678,Join Call
1.74314E+12,1256,Create room
1.74314E+12,707,Create room
1.74314E+12,1503,Create room
1.74314E+12,497,Join Call
1.74314E+12,1017,Join Call
1.74314E+12,447,Join Call
1.74314E+12,1816,Join Call
1.74314E+12,996,Join Call
1.74314E+12,774,Join Call
1.74314E+12,422,Join Call
1.74314E+12,522,Join Call
1.74314E+12,1473,Join Call
1.74314E+12,620,Create room
1.74314E+12,634,Join Call
1.74314E+12,1252,Join Call
1.74314E+12,586,Join Call
1.74314E+12,978,Join Call
1.74314E+12,248,Create room
1.74314E+12,534,Join Call
1.74314E+12,249,Create room
1.74314E+12,173,Create room
1.74314E+12,642,Join Call
1.74314E+12,512,Create room
1.74314E+12,385,Create room
1.74314E+12,939,Create room
1.74314E+12,572,Join Call
1.74314E+12,193,Create room
1.74314E+12,1360,Create room
1.74314E+12,644,Join Call
1.74314E+12,909,Join Call
1.74314E+12,660,Join Call
1.74314E+12,232,Create room
1.74314E+12,1278,Create room
1.74314E+12,478,Create room
1.74314E+12,704,Create room
1.74314E+12,1550,Create room
1.74314E+12,860,Join Call
1.74314E+12,585,Create room
1.74314E+12,1518,Create room
1.74314E+12,574,Create room
1.74314E+12,596,Join Call
1.74314E+12,469,Create room
1.74314E+12,1142,Create room
1.74314E+12,1014,Join Call
1.74314E+12,1304,Join Call
1.74314E+12,608,Join Call
1.74314E+12,362,Create room
1.74314E+12,407,Create room
1.74314E+12,411,Create room
1.74314E+12,516,Create room
1.74314E+12,202,Create room
1.74314E+12,740,Create room
1.74314E+12,542,Create room
1.74314E+12,963,Join Call
1.74314E+12,542,Join Call
1.74314E+12,629,Create room
1.74314E+12,106,Create room
1.74314E+12,144,Create room
1.74314E+12,1157,Join Call
1.74314E+12,992,Join Call
1.74314E+12,750,Join Call
1.74314E+12,1435,Create room
1.74314E+12,1064,Join Call
1.74314E+12,224,Create room
1.74314E+12,1032,Join Call
1.74314E+12,980,Create room
1.74314E+12,897,Create room
1.74314E+12,1315,Create room
1.74314E+12,960,Join Call
1.74314E+12,1138,Create room
1.74314E+12,775,Join Call
1.74314E+12,1638,Join Call
1.74314E+12,699,Create room
1.74314E+12,1150,Create room
1.74314E+12,1133,Join Call
1.74314E+12,1575,Join Call
1.74314E+12,1362,Join Call
1.74314E+12,1110,Join Call
1.74314E+12,907,Create room
1.74314E+12,2141,Join Call
1.74314E+12,663,Join Call
1.74314E+12,1142,Join Call
1.74314E+12,939,Create room
1.74314E+12,989,Join Call
1.74314E+12,1160,Join Call
1.74314E+12,1351,Join Call
1.74314E+12,1124,Join Call
1.74314E+12,317,Join Call
1.74314E+12,1386,Join Call
1.74314E+12,1849,Join Call
1.74314E+12,815,Create room
1.74314E+12,772,Join Call
1.74314E+12,909,Join Call
1.74314E+12,854,Join Call
1.74314E+12,618,Create room
1.74314E+12,836,Create room
1.74314E+12,646,Create room
1.74314E+12,505,Join Call
1.74314E+12,626,Join Call
1.74314E+12,795,Create room
1.74314E+12,287,Create room
1.74314E+12,902,Create room
1.74314E+12,1493,Join Call
1.74314E+12,431,Create room
1.74314E+12,939,Create room
1.74314E+12,523,Join Call
1.74314E+12,547,Join Call
1.74314E+12,366,Join Call
1.74314E+12,753,Join Call
1.74314E+12,607,Join Call
1.74314E+12,962,Create room
1.74314E+12,293,Create room
1.74314E+12,1056,Join Call
1.74314E+12,2072,Join Call
1.74314E+12,1474,Join Call
1.74314E+12,1780,Join Call
1.74314E+12,1563,Join Call
1.74314E+12,1032,Join Call
1.74314E+12,967,Join Call
1.74314E+12,590,Join Call
1.74314E+12,1140,Join Call
1.74314E+12,2065,Join Call
1.74314E+12,729,Join Call
1.74314E+12,1147,Join Call
1.74314E+12,778,Join Call
1.74314E+12,1392,Join Call
1.74314E+12,679,Join Call
1.74314E+12,1027,Join Call
1.74314E+12,1276,Join Call
1.74314E+12,213,Create room
1.74314E+12,294,Create room
1.74314E+12,488,Create room
1.74314E+12,1080,Create room
1.74314E+12,285,Create room
1.74314E+12,2391,Join Call
1.74314E+12,557,Join Call
1.74314E+12,312,Create room
1.74314E+12,499,Create room
1.74314E+12,320,Join Call
1.74314E+12,941,Create room
1.74314E+12,1473,Join Call
1.74314E+12,1307,Join Call
1.74314E+12,1995,Join Call
1.74314E+12,583,Join Call
1.74314E+12,352,Join Call
1.74314E+12,754,Create room
1.74314E+12,527,Create room
1.74314E+12,221,Create room
1.74314E+12,434,Create room
1.74314E+12,1281,Create room
1.74314E+12,814,Join Call
1.74314E+12,287,Create room
1.74314E+12,304,Create room
1.74314E+12,491,Create room
1.74314E+12,616,Create room
1.74314E+12,1794,Join Call
1.74314E+12,691,Join Call
1.74314E+12,773,Create room
1.74314E+12,330,Join Call
1.74314E+12,947,Join Call
1.74314E+12,682,Create room
1.74314E+12,862,Create room
1.74314E+12,949,Join Call
1.74314E+12,1041,Create room
1.74314E+12,1274,Join Call
1.74314E+12,1089,Join Call
1.74314E+12,506,Create room
1.74314E+12,1522,Create room
1.74314E+12,644,Join Call
1.74314E+12,456,Create room
1.74314E+12,530,Create room
1.74314E+12,1099,Join Call
1.74314E+12,1378,Join Call
1.74314E+12,938,Join Call
1.74314E+12,497,Join Call
1.74314E+12,466,Join Call
1.74314E+12,1727,Join Call
1.74314E+12,1614,Join Call
1.74314E+12,588,Create room
1.74314E+12,1339,Join Call
1.74314E+12,1303,Join Call
1.74314E+12,1141,Join Call
1.74314E+12,541,Create room
1.74314E+12,441,Create room
1.74314E+12,892,Join Call
1.74314E+12,522,Join Call
1.74314E+12,921,Join Call
1.74314E+12,796,Join Call
1.74314E+12,932,Create room
1.74314E+12,745,Join Call
1.74314E+12,264,Create room
1.74314E+12,271,Create room
1.74314E+12,931,Create room
1.74314E+12,631,Create room
1.74314E+12,127,Create room
1.74314E+12,630,Create room
1.74314E+12,648,Create room
1.74314E+12,649,Create room
1.74314E+12,1247,Create room
1.74314E+12,993,Create room
1.74314E+12,720,Create room
1.74314E+12,527,Create room
1.74314E+12,1236,Join Call
1.74314E+12,704,Create room
1.74314E+12,490,Join Call
1.74314E+12,790,Create room
1.74314E+12,1049,Create room
1.74314E+12,772,Join Call
1.74314E+12,815,Join Call
1.74314E+12,1635,Join Call
1.74314E+12,463,Join Call
1.74314E+12,765,Create room
1.74314E+12,268,Create room
1.74314E+12,644,Create room
1.74314E+12,421,Join Call
1.74314E+12,444,Join Call
1.74314E+12,321,Create room
1.74314E+12,675,Create room
1.74314E+12,1872,Create room
1.74314E+12,1063,Create room
1.74314E+12,1135,Create room
1.74314E+12,379,Create room
1.74314E+12,738,Join Call
1.74314E+12,168,Create room
1.74314E+12,760,Create room
1.74314E+12,822,Join Call
1.74314E+12,910,Create room
1.74314E+12,716,Join Call
1.74314E+12,1350,Join Call
1.74314E+12,991,Join Call
1.74314E+12,1342,Create room
1.74314E+12,1272,Create room
1.74314E+12,330,Create room
1.74314E+12,466,Join Call
1.74314E+12,1623,Create room
1.74314E+12,528,Create room
1.74314E+12,822,Join Call
1.74314E+12,651,Join Call
1.74314E+12,385,Create room
1.74314E+12,604,Create room
1.74314E+12,850,Join Call
1.74314E+12,2011,Join Call
1.74314E+12,294,Create room
1.74314E+12,1317,Create room
1.74314E+12,515,Create room
1.74314E+12,1151,Join Call
1.74314E+12,448,Create room
1.74314E+12,506,Create room
1.74314E+12,686,Create room
1.74314E+12,903,Create room
1.74314E+12,626,Create room
1.74314E+12,376,Join Call
1.74314E+12,1346,Create room
1.74314E+12,604,Join Call
1.74314E+12,1712,Join Call
1.74314E+12,912,Join Call
1.74314E+12,530,Join Call
1.74314E+12,423,Join Call
1.74314E+12,1486,Join Call
1.74314E+12,711,Join Call
1.74314E+12,595,Create room
1.74314E+12,2195,Create room
1.74314E+12,1023,Create room
1.74314E+12,1232,Join Call
1.74314E+12,416,Create room
1.74314E+12,460,Create room
1.74314E+12,334,Create room
1.74314E+12,320,Create room
1.74314E+12,806,Create room
1.74314E+12,461,Create room
1.74314E+12,1403,Create room
1.74314E+12,344,Create room
1.74314E+12,1407,Create room
1.74314E+12,493,Create room
1.74314E+12,637,Create room
1.74314E+12,1488,Create room
1.74314E+12,501,Create room
1.74314E+12,973,Join Call
1.74314E+12,403,Join Call
1.74314E+12,535,Create room
1.74314E+12,910,Join Call
1.74314E+12,846,Join Call
1.74314E+12,1142,Join Call
1.74314E+12,719,Join Call
1.74314E+12,442,Create room
1.74314E+12,542,Create room
1.74314E+12,658,Join Call
1.74314E+12,481,Create room
1.74314E+12,577,Join Call
1.74314E+12,886,Join Call
1.74314E+12,365,Join Call
1.74314E+12,1019,Create room
1.74314E+12,513,Join Call
1.74314E+12,561,Create room
1.74314E+12,493,Create room
1.74314E+12,811,Join Call
1.74314E+12,741,Join Call
1.74314E+12,550,Create room
1.74314E+12,436,Join Call
1.74314E+12,559,Create room
1.74314E+12,175,Create room
1.74314E+12,1232,Join Call
1.74314E+12,3443,Join Call
1.74314E+12,1926,Create room
1.74314E+12,920,Create room
1.74314E+12,227,Join Call
1.74314E+12,1631,Create room
1.74314E+12,1667,Create room
1.74314E+12,1126,Create room
1.74314E+12,877,Create room
1.74314E+12,1515,Create room
1.74314E+12,916,Join Call
1.74314E+12,307,Join Call
1.74314E+12,797,Join Call
1.74314E+12,993,Join Call
1.74314E+12,2075,Join Call
1.74314E+12,214,Join Call
1.74314E+12,145,Create room
1.74314E+12,1386,Create room
1.74314E+12,841,Create room
1.74314E+12,1462,Create room
1.74314E+12,1115,Join Call
1.74314E+12,1405,Join Call
1.74314E+12,1318,Join Call
1.74314E+12,1186,Create room
1.74314E+12,1800,Create room
1.74314E+12,1351,Create room
1.74314E+12,1959,Join Call
1.74314E+12,1129,Create room
1.74314E+12,922,Join Call
1.74314E+12,356,Create room
1.74314E+12,257,Create room
1.74314E+12,1596,Join Call
1.74314E+12,846,Create room
1.74314E+12,942,Join Call
1.74314E+12,480,Join Call
1.74314E+12,875,Join Call
1.74314E+12,312,Create room
1.74314E+12,2646,Join Call
1.74314E+12,897,Create room
1.74314E+12,454,Join Call
1.74314E+12,928,Join Call
1.74314E+12,978,Join Call
1.74314E+12,390,Create room
1.74314E+12,1384,Create room
1.74314E+12,1300,Join Call
1.74314E+12,1291,Join Call
1.74314E+12,313,Create room
1.74314E+12,1281,Join Call
1.74314E+12,508,Create room
1.74314E+12,1042,Join Call
1.74314E+12,942,Join Call
1.74314E+12,944,Join Call
1.74314E+12,1089,Join Call
1.74314E+12,1375,Join Call
1.74314E+12,1376,Join Call
1.74314E+12,575,Create room
1.74314E+12,209,Create room
1.74314E+12,1401,Join Call
1.74314E+12,471,Join Call
1.74314E+12,1518,Join Call
1.74314E+12,573,Create room
1.74314E+12,642,Create room
1.74314E+12,997,Join Call
1.74314E+12,1210,Join Call
1.74314E+12,962,Join Call
1.74314E+12,747,Join Call
1.74314E+12,650,Join Call
1.74314E+12,537,Create room
1.74314E+12,1120,Join Call
1.74314E+12,1502,Join Call
1.74314E+12,763,Join Call
1.74314E+12,1397,Create room
1.74314E+12,531,Create room
1.74314E+12,1137,Join Call
1.74314E+12,454,Create room
1.74314E+12,191,Create room
1.74314E+12,465,Create room
1.74314E+12,1144,Join Call
1.74314E+12,568,Create room
1.74314E+12,1447,Join Call
1.74314E+12,1329,Join Call
1.74314E+12,544,Join Call
1.74314E+12,643,Join Call
1.74314E+12,510,Create room
1.74314E+12,569,Join Call
1.74314E+12,661,Join Call
1.74314E+12,1238,Join Call
1.74314E+12,423,Join Call
1.74314E+12,568,Join Call
1.74314E+12,502,Join Call
1.74314E+12,1524,Join Call
1.74314E+12,1639,Join Call
1.74314E+12,885,Join Call
1.74314E+12,717,Join Call
1.74314E+12,869,Join Call
1.74314E+12,904,Join Call
1.74314E+12,281,Create room
1.74314E+12,387,Create room
1.74314E+12,500,Create room
1.74314E+12,825,Join Call
1.74314E+12,2110,Join Call
1.74314E+12,703,Join Call
1.74314E+12,1001,Join Call
1.74314E+12,969,Join Call
1.74314E+12,519,Create room
1.74314E+12,505,Create room
1.74314E+12,374,Create room
1.74314E+12,553,Create room
1.74314E+12,655,Create room
1.74314E+12,431,Create room
1.74314E+12,638,Join Call
1.74314E+12,762,Create room
1.74314E+12,672,Join Call
1.74314E+12,1005,Create room
1.74314E+12,780,Join Call
1.74314E+12,722,Join Call
1.74314E+12,1623,Join Call
1.74314E+12,821,Create room
1.74314E+12,1498,Join Call
1.74314E+12,923,Join Call
1.74314E+12,799,Create room
1.74314E+12,749,Join Call
1.74314E+12,732,Create room
1.74314E+12,677,Join Call
1.74314E+12,782,Create room
1.74314E+12,510,Create room
1.74314E+12,679,Create room
1.74314E+12,988,Join Call
1.74314E+12,452,Create room
1.74314E+12,419,Create room
1.74314E+12,443,Create room
1.74314E+12,257,Create room
1.74314E+12,853,Create room
1.74314E+12,803,Create room
1.74314E+12,314,Join Call
1.74314E+12,1268,Create room
1.74314E+12,397,Join Call
1.74314E+12,782,Join Call
1.74314E+12,643,Join Call
1.74314E+12,1330,Join Call
1.74314E+12,1019,Join Call
1.74314E+12,913,Join Call
1.74314E+12,1709,Join Call
1.74314E+12,613,Create room
1.74314E+12,1045,Create room
1.74314E+12,481,Create room
1.74314E+12,692,Create room
1.74314E+12,405,Create room
1.74314E+12,1976,Join Call
1.74314E+12,649,Create room
1.74314E+12,1279,Create room
1.74314E+12,987,Create room
1.74314E+12,265,Create room
1.74314E+12,851,Create room
1.74314E+12,656,Create room
1.74314E+12,778,Create room
1.74314E+12,1837,Create room
1.74314E+12,995,Join Call
1.74314E+12,675,Create room
1.74314E+12,626,Create room
1.74314E+12,844,Join Call
1.74314E+12,181,Create room
1.74314E+12,1147,Join Call
1.74314E+12,1344,Join Call
1.74314E+12,750,Create room
1.74314E+12,746,Create room
1.74314E+12,1096,Join Call
1.74314E+12,451,Join Call
1.74314E+12,311,Join Call
1.74314E+12,736,Create room
1.74314E+12,562,Join Call
1.74314E+12,276,Create room
1.74314E+12,371,Create room
1.74314E+12,1276,Join Call
1.74314E+12,581,Join Call
1.74314E+12,841,Create room
1.74314E+12,479,Join Call
1.74314E+12,862,Join Call
1.74314E+12,877,Join Call
1.74314E+12,439,Join Call
1.74314E+12,136,Create room
1.74314E+12,552,Create room
1.74314E+12,867,Create room
1.74314E+12,955,Create room
1.74314E+12,740,Create room
1.74314E+12,1543,Join Call
1.74314E+12,434,Create room
1.74314E+12,1242,Create room
1.74314E+12,421,Join Call
1.74314E+12,1260,Create room
1.74314E+12,478,Create room
1.74314E+12,507,Create room
1.74314E+12,2048,Create room
1.74314E+12,658,Join Call
1.74314E+12,1279,Join Call
1.74314E+12,919,Join Call
1.74314E+12,486,Join Call
1.74314E+12,430,Join Call
1.74314E+12,321,Join Call
1.74314E+12,1099,Create room
1.74314E+12,1101,Join Call
1.74314E+12,1007,Create room
1.74314E+12,528,Join Call
1.74314E+12,1629,Join Call
1.74314E+12,460,Join Call
1.74314E+12,1131,Join Call
1.74314E+12,883,Join Call
1.74314E+12,761,Create room
1.74314E+12,699,Join Call
1.74314E+12,671,Join Call
1.74314E+12,829,Create room
1.74314E+12,1143,Join Call
1.74314E+12,500,Join Call
1.74314E+12,1457,Join Call
1.74314E+12,1156,Join Call
1.74314E+12,590,Create room
1.74314E+12,1496,Create room
1.74314E+12,311,Create room
1.74314E+12,1197,Create room
1.74314E+12,826,Create room
1.74314E+12,1927,Join Call
1.74314E+12,1263,Create room
1.74314E+12,867,Create room
1.74314E+12,1220,Create room
1.74314E+12,879,Join Call
1.74314E+12,828,Create room
1.74314E+12,448,Join Call
1.74314E+12,1254,Join Call
1.74314E+12,1048,Create room
1.74314E+12,491,Create room
1.74314E+12,1317,Join Call
1.74314E+12,234,Create room
1.74314E+12,756,Join Call
1.74314E+12,480,Join Call
1.74314E+12,685,Join Call
1.74314E+12,535,Join Call
1.74314E+12,374,Join Call
1.74314E+12,1276,Create room
1.74314E+12,442,Create room
1.74314E+12,906,Join Call
1.74314E+12,434,Join Call
1.74314E+12,1244,Create room
1.74314E+12,899,Join Call
1.74314E+12,1191,Join Call
1.74314E+12,683,Join Call
1.74314E+12,1103,Join Call
1.74314E+12,703,Create room
1.74314E+12,607,Join Call
1.74314E+12,704,Join Call
1.74314E+12,1051,Create room
1.74314E+12,423,Join Call
1.74314E+12,1411,Create room
1.74314E+12,1542,Create room
1.74314E+12,463,Create room
1.74314E+12,1545,Create room
1.74314E+12,299,Create room
1.74314E+12,842,Create room
1.74314E+12,420,Create room
1.74314E+12,810,Create room
1.74314E+12,1256,Join Call
1.74314E+12,564,Join Call
1.74314E+12,336,Create room
1.74314E+12,353,Create room
1.74314E+12,750,Join Call
1.74314E+12,357,Create room
1.74314E+12,804,Create room
1.74314E+12,1142,Create room
1.74314E+12,817,Create room
1.74314E+12,677,Create room
1.74314E+12,416,Create room
1.74314E+12,514,Create room
1.74314E+12,600,Create room
1.74314E+12,601,Create room
1.74314E+12,397,Join Call
1.74314E+12,1569,Create room
1.74314E+12,592,Join Call
1.74314E+12,525,Join Call
1.74314E+12,709,Join Call
1.74314E+12,1520,Join Call
1.74314E+12,429,Create room
1.74314E+12,570,Join Call
1.74314E+12,1039,Create room
1.74314E+12,1006,Create room
1.74314E+12,637,Join Call
1.74314E+12,614,Join Call
1.74314E+12,703,Join Call
1.74314E+12,546,Create room
1.74314E+12,723,Create room
1.74314E+12,589,Join Call
1.74314E+12,1075,Join Call
1.74314E+12,692,Create room
1.74314E+12,424,Create room
1.74314E+12,1078,Create room
1.74314E+12,686,Create room
1.74314E+12,594,Join Call
1.74314E+12,1860,Create room
1.74314E+12,731,Create room
1.74314E+12,835,Join Call
1.74314E+12,769,Join Call
1.74314E+12,603,Join Call
1.74314E+12,182,Create room
1.74314E+12,626,Join Call
1.74314E+12,820,Create room
1.74314E+12,466,Create room
1.74314E+12,1134,Create room
1.74314E+12,757,Create room
1.74314E+12,736,Create room
1.74314E+12,1308,Create room
1.74314E+12,559,Join Call
1.74314E+12,1038,Create room
1.74314E+12,702,Join Call
1.74314E+12,1442,Join Call
1.74314E+12,1390,Join Call
1.74314E+12,1567,Create room
1.74314E+12,247,Create room
1.74314E+12,1205,Join Call
1.74314E+12,631,Create room
1.74314E+12,860,Create room
1.74314E+12,844,Create room
1.74314E+12,859,Create room
1.74314E+12,604,Join Call
1.74314E+12,695,Create room
1.74314E+12,1178,Create room
1.74314E+12,637,Join Call
1.74314E+12,1308,Join Call
1.74314E+12,1288,Join Call
1.74314E+12,1301,Join Call
1.74314E+12,607,Create room
1.74314E+12,1031,Create room
1.74314E+12,636,Join Call
1.74314E+12,2236,Join Call
1.74314E+12,1517,Join Call
1.74314E+12,803,Create room
1.74314E+12,1219,Join Call
1.74314E+12,897,Create room
1.74314E+12,673,Join Call
1.74314E+12,211,Create room
1.74314E+12,1223,Join Call
1.74314E+12,468,Join Call
1.74314E+12,2175,Join Call
1.74314E+12,959,Join Call
1.74314E+12,348,Join Call
1.74314E+12,522,Join Call
1.74314E+12,664,Join Call
1.74314E+12,1012,Create room
1.74314E+12,581,Join Call
1.74314E+12,615,Join Call
1.74314E+12,447,Join Call
1.74314E+12,698,Join Call
1.74314E+12,351,Join Call
1.74314E+12,262,Join Call
1.74314E+12,479,Create room
1.74314E+12,568,Create room
1.74314E+12,598,Create room
1.74314E+12,1663,Join Call
1.74314E+12,792,Join Call
1.74314E+12,466,Join Call
1.74314E+12,621,Create room
1.74314E+12,1089,Create room
1.74314E+12,1575,Join Call
1.74314E+12,276,Create room
1.74314E+12,733,Join Call
1.74314E+12,724,Join Call
1.74314E+12,315,Create room
1.74314E+12,705,Join Call
1.74314E+12,1424,Join Call
1.74314E+12,1366,Create room
1.74314E+12,602,Join Call
1.74314E+12,1413,Create room
1.74314E+12,737,Create room
1.74314E+12,2138,Join Call
1.74314E+12,276,Create room
1.74314E+12,652,Create room
1.74314E+12,926,Join Call
1.74314E+12,412,Create room
1.74314E+12,476,Create room
1.74314E+12,837,Join Call
1.74314E+12,456,Create room
1.74314E+12,810,Create room
1.74314E+12,664,Join Call
1.74314E+12,712,Create room
1.74314E+12,782,Create room
1.74314E+12,794,Create room
1.74314E+12,738,Create room
1.74314E+12,1485,Create room
1.74314E+12,613,Create room
1.74314E+12,725,Create room
1.74314E+12,973,Join Call
1.74314E+12,1394,Create room
1.74314E+12,626,Create room
1.74314E+12,685,Create room
1.74314E+12,792,Create room
1.74314E+12,315,Create room
1.74314E+12,969,Join Call
1.74314E+12,918,Join Call
1.74314E+12,749,Create room
1.74314E+12,415,Create room
1.74314E+12,381,Create room
1.74314E+12,822,Join Call
1.74314E+12,869,Join Call
1.74314E+12,943,Create room
1.74314E+12,564,Join Call
1.74314E+12,829,Create room
1.74314E+12,1529,Join Call
1.74314E+12,948,Create room
1.74314E+12,476,Create room
1.74314E+12,972,Join Call
1.74314E+12,1052,Join Call
1.74314E+12,629,Create room
1.74314E+12,674,Create room
1.74314E+12,382,Join Call
1.74314E+12,431,Create room
1.74314E+12,1006,Create room
1.74314E+12,153,Create room
1.74314E+12,343,Create room
1.74314E+12,682,Create room
1.74314E+12,618,Join Call
1.74314E+12,590,Create room
1.74314E+12,1110,Create room
1.74314E+12,394,Create room
1.74314E+12,740,Join Call
1.74314E+12,1195,Create room
1.74314E+12,670,Create room
1.74314E+12,968,Join Call
1.74314E+12,230,Create room
1.74314E+12,1521,Join Call
1.74314E+12,1920,Join Call
1.74314E+12,510,Create room
1.74314E+12,448,Join Call
1.74314E+12,1168,Join Call
1.74314E+12,1066,Create room
1.74314E+12,542,Join Call
1.74314E+12,1068,Join Call
1.74314E+12,724,Create room
1.74314E+12,1163,Join Call
1.74314E+12,546,Create room
1.74314E+12,371,Join Call
1.74314E+12,1120,Join Call
1.74314E+12,416,Join Call
1.74314E+12,357,Create room
1.74314E+12,558,Join Call
1.74314E+12,1181,Join Call
1.74314E+12,1188,Join Call
1.74314E+12,1380,Join Call
1.74314E+12,1241,Join Call
1.74314E+12,1268,Join Call
1.74314E+12,1396,Join Call
1.74314E+12,355,Create room
1.74314E+12,647,Create room
1.74314E+12,2071,Join Call
1.74314E+12,837,Create room
1.74314E+12,365,Create room
1.74314E+12,297,Create room
1.74314E+12,578,Create room
1.74314E+12,1351,Join Call
1.74314E+12,1245,Join Call
1.74314E+12,474,Join Call
1.74314E+12,771,Create room
1.74314E+12,489,Create room
1.74314E+12,201,Create room
1.74314E+12,1056,Join Call
1.74314E+12,600,Join Call
1.74314E+12,761,Create room
1.74314E+12,1351,Join Call
1.74314E+12,1543,Join Call
1.74314E+12,612,Join Call
1.74314E+12,600,Create room
1.74314E+12,2094,Join Call
1.74314E+12,1422,Join Call
1.74314E+12,1331,Join Call
1.74314E+12,718,Join Call
1.74314E+12,931,Join Call
1.74314E+12,664,Join Call
1.74314E+12,521,Join Call
1.74314E+12,763,Join Call
1.74314E+12,1041,Join Call
1.74314E+12,575,Join Call
1.74314E+12,923,Join Call
1.74314E+12,769,Join Call
1.74314E+12,343,Create room
1.74314E+12,256,Create room
1.74314E+12,405,Create room
1.74314E+12,1237,Create room
1.74314E+12,382,Create room
1.74314E+12,558,Create room
1.74314E+12,399,Create room
1.74314E+12,728,Join Call
1.74314E+12,900,Join Call
1.74314E+12,1380,Create room
1.74314E+12,1267,Join Call
1.74314E+12,1117,Join Call
1.74314E+12,527,Create room
1.74314E+12,394,Join Call
1.74314E+12,432,Join Call
1.74314E+12,567,Create room
1.74314E+12,1886,Create room
1.74314E+12,505,Create room
1.74314E+12,763,Join Call
1.74314E+12,971,Create room
1.74314E+12,953,Join Call
1.74314E+12,491,Join Call
1.74314E+12,924,Create room
1.74314E+12,476,Create room
1.74314E+12,784,Create room
1.74314E+12,1193,Join Call
1.74314E+12,420,Create room
1.74314E+12,2004,Join Call
1.74314E+12,1729,Create room
1.74314E+12,1019,Join Call
1.74314E+12,119,Create room
1.74314E+12,1028,Join Call
1.74314E+12,1273,Create room
1.74314E+12,347,Create room
1.74314E+12,345,Create room
1.74314E+12,766,Create room
1.74314E+12,669,Create room
1.74314E+12,1127,Join Call
1.74314E+12,789,Create room
1.74314E+12,492,Create room
1.74314E+12,720,Create room
1.74314E+12,101,Create room
1.74314E+12,141,Create room
1.74314E+12,1299,Join Call
1.74314E+12,571,Create room
1.74314E+12,929,Create room
1.74314E+12,951,Join Call
1.74314E+12,1167,Join Call
1.74314E+12,801,Join Call
1.74314E+12,492,Create room
1.74314E+12,1187,Create room
1.74314E+12,644,Create room
1.74314E+12,1043,Join Call
1.74314E+12,954,Create room
1.74314E+12,1042,Join Call
1.74314E+12,546,Create room
1.74314E+12,334,Create room
1.74314E+12,1022,Join Call
1.74314E+12,1869,Join Call
1.74314E+12,1090,Join Call
1.74314E+12,1076,Join Call
1.74314E+12,798,Join Call
1.74314E+12,321,Create room
1.74314E+12,409,Join Call
1.74314E+12,921,Join Call
1.74314E+12,2163,Join Call
1.74314E+12,830,Join Call
1.74314E+12,1428,Join Call
1.74314E+12,1431,Join Call
1.74314E+12,359,Create room
1.74314E+12,152,Create room
1.74314E+12,552,Join Call
1.74314E+12,1433,Join Call
1.74314E+12,728,Create room
1.74314E+12,1452,Join Call
1.74314E+12,1098,Create room
1.74314E+12,1367,Join Call
1.74314E+12,713,Create room
1.74314E+12,383,Create room
1.74314E+12,909,Join Call
1.74314E+12,1129,Create room
1.74314E+12,528,Join Call
1.74314E+12,518,Join Call
1.74314E+12,553,Join Call
1.74314E+12,884,Create room
1.74314E+12,1090,Create room
1.74314E+12,1562,Join Call
1.74314E+12,520,Create room
1.74314E+12,3111,Create room
1.74314E+12,1759,Create room
1.74314E+12,1125,Create room
1.74314E+12,1612,Create room
1.74314E+12,853,Create room
1.74314E+12,634,Create room
1.74314E+12,373,Create room
1.74314E+12,2357,Join Call
1.74314E+12,1111,Join Call
1.74314E+12,309,Join Call
1.74314E+12,1635,Join Call
1.74314E+12,1042,Join Call
1.74314E+12,443,Create room
1.74314E+12,1074,Join Call
1.74314E+12,304,Create room
1.74314E+12,1031,Create room
1.74314E+12,464,Create room
1.74314E+12,1294,Join Call
1.74314E+12,565,Join Call
1.74314E+12,686,Create room
1.74314E+12,1332,Join Call
1.74314E+12,381,Create room
1.74314E+12,349,Create room
1.74314E+12,1514,Join Call
1.74314E+12,1460,Join Call
1.74314E+12,673,Create room
1.74314E+12,573,Join Call
1.74314E+12,427,Join Call
1.74314E+12,1873,Join Call
1.74314E+12,806,Join Call
1.74314E+12,427,Create room
1.74314E+12,724,Create room
1.74314E+12,839,Join Call
1.74314E+12,1075,Join Call
1.74314E+12,1492,Create room
1.74314E+12,967,Create room
1.74314E+12,463,Create room
1.74314E+12,457,Create room
1.74314E+12,635,Create room
1.74314E+12,858,Create room
1.74314E+12,448,Create room
1.74314E+12,273,Create room
1.74314E+12,523,Create room
1.74314E+12,536,Create room
1.74314E+12,335,Create room
1.74314E+12,427,Join Call
1.74314E+12,399,Create room
1.74314E+12,1491,Create room
1.74314E+12,626,Create room
1.74314E+12,572,Join Call
1.74314E+12,1124,Create room
1.74314E+12,1073,Join Call
1.74314E+12,477,Create room
1.74314E+12,657,Create room
1.74314E+12,676,Create room
1.74314E+12,1306,Join Call
1.74314E+12,483,Create room
1.74314E+12,772,Create room
1.74314E+12,1792,Join Call
1.74314E+12,588,Join Call
1.74314E+12,2489,Join Call
1.74314E+12,633,Join Call
1.74314E+12,1871,Join Call
1.74314E+12,680,Join Call
1.74314E+12,1024,Join Call
1.74314E+12,648,Create room
1.74314E+12,839,Join Call
1.74314E+12,591,Create room
1.74314E+12,382,Join Call
1.74314E+12,1536,Create room
1.74314E+12,94,Create room
1.74314E+12,1001,Join Call
1.74314E+12,1325,Join Call
1.74314E+12,950,Join Call
1.74314E+12,654,Join Call
1.74314E+12,1270,Join Call
1.74314E+12,739,Create room
1.74314E+12,1170,Join Call
1.74314E+12,904,Create room
1.74314E+12,126,Create room
1.74314E+12,747,Create room
1.74314E+12,917,Create room
1.74314E+12,1622,Create room
1.74314E+12,592,Create room
1.74314E+12,447,Create room
1.74314E+12,763,Create room
1.74314E+12,469,Join Call
1.74314E+12,977,Join Call
1.74314E+12,345,Join Call
1.74314E+12,983,Join Call
1.74314E+12,296,Join Call
1.74314E+12,1028,Join Call
1.74314E+12,1363,Join Call
1.74314E+12,1147,Create room
1.74314E+12,1045,Create room
1.74314E+12,1094,Create room
1.74314E+12,1345,Join Call
1.74314E+12,195,Create room
1.74314E+12,919,Create room
1.74314E+12,1450,Join Call
1.74314E+12,2055,Create room
1.74314E+12,896,Create room
1.74314E+12,1537,Join Call
1.74314E+12,2044,Join Call
1.74314E+12,1489,Join Call
1.74314E+12,1022,Join Call
1.74314E+12,1459,Join Call
1.74314E+12,1742,Join Call
1.74314E+12,235,Create room
1.74314E+12,976,Join Call
1.74314E+12,1549,Join Call
1.74314E+12,1413,Join Call
1.74314E+12,1345,Join Call
1.74314E+12,894,Join Call
1.74314E+12,488,Join Call
1.74314E+12,282,Create room
1.74314E+12,1496,Join Call
1.74314E+12,1086,Join Call
1.74314E+12,534,Create room
1.74314E+12,765,Join Call
1.74314E+12,329,Create room
1.74314E+12,384,Create room
1.74314E+12,568,Join Call
1.74314E+12,327,Join Call
1.74314E+12,1587,Join Call
1.74314E+12,238,Create room
1.74314E+12,372,Create room
1.74314E+12,803,Join Call
1.74314E+12,427,Join Call
1.74314E+12,1557,Join Call
1.74314E+12,1595,Join Call
1.74314E+12,1160,Join Call
1.74314E+12,1282,Join Call
1.74314E+12,1763,Join Call
1.74314E+12,1177,Join Call
1.74314E+12,473,Create room
1.74314E+12,1519,Join Call
1.74314E+12,2496,Join Call
1.74314E+12,1123,Join Call
1.74314E+12,1676,Join Call
1.74314E+12,1131,Join Call
1.74314E+12,1110,Join Call
1.74314E+12,1203,Join Call
1.74314E+12,698,Join Call
1.74314E+12,143,Create room
1.74314E+12,150,Create room
1.74314E+12,649,Create room
1.74314E+12,1382,Join Call
1.74314E+12,485,Join Call
1.74314E+12,537,Create room
1.74314E+12,367,Create room
1.74314E+12,827,Create room
1.74314E+12,386,Create room
1.74314E+12,532,Create room
1.74314E+12,339,Create room
1.74314E+12,310,Create room
1.74314E+12,826,Join Call
1.74314E+12,364,Create room
1.74314E+12,442,Create room
1.74314E+12,335,Create room
1.74314E+12,371,Create room
1.74314E+12,152,Create room
1.74314E+12,970,Join Call
1.74314E+12,715,Create room
1.74314E+12,929,Join Call
1.74314E+12,1502,Join Call
1.74314E+12,937,Join Call
1.74314E+12,591,Join Call
1.74314E+12,996,Join Call
1.74314E+12,657,Join Call
1.74314E+12,1288,Join Call
1.74314E+12,950,Join Call
1.74314E+12,662,Join Call
1.74314E+12,242,Create room
1.74314E+12,550,Create room
1.74314E+12,661,Join Call
1.74314E+12,1392,Join Call
1.74314E+12,899,Join Call
1.74314E+12,1625,Create room
1.74314E+12,827,Create room
1.74314E+12,1471,Create room
1.74314E+12,1180,Create room
1.74314E+12,1380,Create room
1.74314E+12,662,Create room
1.74314E+12,823,Join Call
1.74314E+12,882,Join Call
1.74314E+12,459,Create room
1.74314E+12,898,Join Call
1.74314E+12,314,Create room
1.74314E+12,630,Create room
1.74314E+12,320,Create room
1.74314E+12,521,Create room
1.74314E+12,944,Create room
1.74314E+12,1003,Create room
1.74314E+12,466,Create room
1.74314E+12,1386,Join Call
1.74314E+12,786,Create room
1.74314E+12,603,Create room
1.74314E+12,730,Create room
1.74314E+12,685,Join Call
1.74314E+12,408,Create room
1.74314E+12,620,Create room
1.74314E+12,2046,Create room
1.74314E+12,693,Create room
1.74314E+12,782,Create room
1.74314E+12,1363,Join Call
1.74314E+12,130,Create room
1.74314E+12,849,Join Call
1.74314E+12,439,Create room
1.74314E+12,681,Create room
1.74314E+12,776,Join Call
1.74314E+12,878,Create room
1.74314E+12,1320,Create room
1.74314E+12,665,Create room
1.74314E+12,1436,Join Call
1.74314E+12,719,Create room
1.74314E+12,887,Join Call
1.74314E+12,572,Join Call
1.74314E+12,879,Create room
1.74314E+12,833,Join Call
1.74314E+12,394,Join Call
1.74314E+12,752,Create room
1.74314E+12,1146,Join Call
1.74314E+12,948,Create room
1.74314E+12,1115,Create room
1.74314E+12,876,Join Call
1.74314E+12,739,Join Call
1.74314E+12,619,Join Call
1.74314E+12,1027,Join Call
1.74314E+12,533,Create room
1.74314E+12,562,Join Call
1.74314E+12,461,Join Call
1.74314E+12,656,Join Call
1.74314E+12,1064,Join Call
1.74314E+12,1069,Join Call
1.74314E+12,664,Join Call
1.74314E+12,1067,Join Call
1.74314E+12,1231,Join Call
1.74314E+12,862,Join Call
1.74314E+12,219,Create room
1.74314E+12,531,Join Call
1.74314E+12,850,Join Call
1.74314E+12,1050,Create room
1.74314E+12,878,Create room
1.74314E+12,1107,Join Call
1.74314E+12,851,Join Call
1.74314E+12,1097,Create room
1.74314E+12,379,Join Call
1.74314E+12,1301,Join Call
1.74314E+12,811,Join Call
1.74314E+12,1123,Join Call
1.74314E+12,738,Join Call
1.74314E+12,1445,Join Call
1.74314E+12,1603,Join Call
1.74314E+12,863,Join Call
1.74314E+12,764,Create room
1.74314E+12,787,Create room
1.74314E+12,1177,Create room
1.74314E+12,1024,Create room
1.74314E+12,500,Join Call
1.74314E+12,667,Join Call
1.74314E+12,828,Create room
1.74314E+12,1047,Create room
1.74314E+12,369,Create room
1.74314E+12,203,Create room
1.74314E+12,438,Join Call
1.74314E+12,1085,Create room
1.74314E+12,854,Create room
1.74314E+12,362,Create room
1.74314E+12,1250,Create room
1.74314E+12,980,Create room
1.74314E+12,278,Create room
1.74314E+12,842,Join Call
1.74314E+12,571,Join Call
1.74314E+12,889,Create room
1.74314E+12,685,Create room
1.74314E+12,294,Create room
1.74314E+12,693,Join Call
1.74314E+12,861,Join Call
1.74314E+12,1053,Join Call
1.74314E+12,395,Create room
1.74314E+12,420,Join Call
1.74314E+12,1304,Join Call
1.74314E+12,1173,Join Call
1.74314E+12,2026,Join Call
1.74314E+12,569,Join Call
1.74314E+12,1106,Join Call
1.74314E+12,655,Join Call
1.74314E+12,449,Join Call
1.74314E+12,2927,Join Call
1.74314E+12,726,Join Call
1.74314E+12,499,Join Call
1.74314E+12,970,Create room
1.74314E+12,806,Create room
1.74314E+12,541,Create room
1.74314E+12,647,Create room
1.74314E+12,584,Join Call
1.74314E+12,476,Create room
1.74314E+12,1344,Create room
1.74314E+12,777,Create room
1.74314E+12,1533,Create room
1.74314E+12,648,Create room
1.74314E+12,577,Create room
1.74314E+12,720,Create room
1.74314E+12,524,Create room
1.74314E+12,455,Create room
1.74314E+12,1004,Join Call
1.74314E+12,867,Join Call
1.74314E+12,635,Create room
1.74314E+12,1450,Join Call
1.74314E+12,640,Create room
1.74314E+12,522,Join Call
1.74314E+12,485,Join Call
1.74314E+12,750,Create room
1.74314E+12,437,Join Call
1.74314E+12,389,Create room
1.74314E+12,933,Join Call
1.74314E+12,1346,Create room
1.74314E+12,1010,Join Call
1.74314E+12,554,Create room
1.74314E+12,1309,Create room
1.74314E+12,700,Create room
1.74314E+12,1087,Join Call
1.74314E+12,711,Join Call
1.74314E+12,1459,Create room
1.74314E+12,524,Create room
1.74314E+12,434,Create room
1.74314E+12,810,Create room
1.74314E+12,477,Create room
1.74314E+12,457,Create room
1.74314E+12,1398,Join Call
1.74314E+12,633,Join Call
1.74314E+12,853,Join Call
1.74314E+12,1049,Join Call
1.74314E+12,979,Create room
1.74314E+12,1091,Join Call
1.74314E+12,906,Create room
1.74314E+12,699,Create room
1.74314E+12,801,Create room
1.74314E+12,886,Create room
1.74314E+12,1771,Create room
1.74314E+12,947,Join Call
1.74314E+12,544,Create room
1.74314E+12,693,Join Call
1.74314E+12,686,Join Call
1.74314E+12,959,Create room
1.74314E+12,87,Create room
1.74314E+12,1162,Join Call
1.74314E+12,695,Create room
1.74314E+12,1201,Join Call
1.74314E+12,1746,Join Call
1.74314E+12,602,Join Call
1.74314E+12,337,Create room
1.74314E+12,118,Create room
1.74314E+12,581,Create room
1.74314E+12,1340,Create room
1.74314E+12,439,Join Call
1.74314E+12,1230,Join Call
1.74314E+12,1026,Create room
1.74314E+12,735,Create room
1.74314E+12,365,Join Call
1.74314E+12,1205,Create room
1.74314E+12,1285,Join Call
1.74314E+12,1071,Create room
1.74314E+12,885,Join Call
1.74314E+12,248,Join Call
1.74314E+12,1019,Create room
1.74314E+12,281,Create room
1.74314E+12,1006,Join Call
1.74314E+12,438,Create room
1.74314E+12,1104,Create room
1.74314E+12,1100,Create room
1.74314E+12,750,Join Call
1.74314E+12,403,Create room
1.74314E+12,1029,Join Call
1.74314E+12,860,Create room
1.74314E+12,1003,Join Call
1.74314E+12,1186,Join Call
1.74314E+12,1178,Join Call
1.74314E+12,967,Join Call
1.74314E+12,1446,Join Call
1.74314E+12,564,Join Call
1.74314E+12,1082,Join Call
1.74314E+12,1451,Join Call
1.74314E+12,770,Join Call
1.74314E+12,364,Join Call
1.74314E+12,821,Join Call
1.74314E+12,216,Create room
1.74314E+12,536,Create room
1.74314E+12,360,Create room
1.74314E+12,883,Create room
1.74314E+12,773,Join Call
1.74314E+12,374,Create room
1.74314E+12,253,Create room
1.74314E+12,993,Create room
1.74314E+12,562,Create room
1.74314E+12,1301,Create room
1.74314E+12,646,Create room
1.74314E+12,453,Join Call
1.74314E+12,721,Join Call
1.74314E+12,500,Join Call
1.74314E+12,1199,Join Call
1.74314E+12,679,Join Call
1.74314E+12,1261,Join Call
1.74314E+12,2066,Join Call
1.74314E+12,2156,Join Call
1.74314E+12,763,Join Call
1.74314E+12,683,Join Call
1.74314E+12,773,Create room
1.74314E+12,719,Join Call
1.74314E+12,1647,Join Call
1.74314E+12,852,Join Call
1.74314E+12,1586,Create room
1.74314E+12,628,Create room
1.74314E+12,1212,Join Call
1.74314E+12,340,Join Call
1.74314E+12,1319,Join Call
1.74314E+12,391,Join Call
1.74314E+12,348,Join Call
1.74314E+12,632,Join Call
1.74314E+12,1664,Join Call
1.74314E+12,612,Join Call
1.74314E+12,580,Join Call
1.74314E+12,580,Join Call
1.74314E+12,1357,Join Call
1.74314E+12,1170,Create room
1.74314E+12,409,Create room
1.74314E+12,911,Create room
1.74314E+12,1283,Create room
1.74314E+12,911,Join Call
1.74314E+12,1300,Create room
1.74314E+12,263,Create room
1.74314E+12,252,Create room
1.74314E+12,568,Create room
1.74314E+12,552,Create room
1.74314E+12,554,Create room
1.74314E+12,495,Create room
1.74314E+12,501,Join Call
1.74314E+12,897,Join Call
1.74314E+12,656,Join Call
1.74314E+12,1098,Join Call
1.74314E+12,863,Join Call
1.74314E+12,398,Join Call
1.74314E+12,1020,Join Call
1.74314E+12,548,Create room
1.74314E+12,368,Create room
1.74314E+12,722,Create room
1.74314E+12,991,Join Call
1.74314E+12,568,Create room
1.74314E+12,849,Create room
1.74314E+12,405,Create room
1.74314E+12,1114,Join Call
1.74314E+12,842,Join Call
1.74314E+12,649,Create room
1.74314E+12,215,Create room
1.74314E+12,421,Create room
1.74314E+12,588,Join Call
1.74314E+12,1984,Create room
1.74314E+12,677,Create room
1.74314E+12,880,Join Call
1.74314E+12,1597,Join Call
1.74314E+12,860,Join Call
1.74314E+12,1253,Create room
1.74314E+12,609,Join Call
1.74314E+12,1240,Join Call
1.74314E+12,183,Create room
1.74314E+12,474,Create room
1.74314E+12,714,Join Call
1.74314E+12,470,Create room
1.74314E+12,1260,Join Call
1.74314E+12,1003,Create room
1.74314E+12,899,Join Call
1.74314E+12,817,Create room
1.74314E+12,829,Create room
1.74314E+12,1365,Create room
1.74314E+12,602,Create room
1.74314E+12,1163,Join Call
1.74314E+12,189,Create room
1.74314E+12,800,Create room
1.74314E+12,995,Join Call
1.74314E+12,638,Create room
1.74314E+12,671,Create room
1.74314E+12,1522,Join Call
1.74314E+12,424,Create room
1.74314E+12,410,Create room
1.74314E+12,961,Create room
1.74314E+12,1577,Join Call
1.74314E+12,709,Create room
1.74314E+12,681,Create room
1.74314E+12,718,Join Call
1.74314E+12,702,Create room
1.74314E+12,559,Join Call
1.74314E+12,994,Create room
1.74314E+12,481,Create room
1.74314E+12,230,Create room
1.74314E+12,734,Create room
1.74314E+12,1917,Create room
1.74314E+12,587,Join Call
1.74314E+12,973,Join Call
1.74314E+12,644,Join Call
1.74314E+12,299,Join Call
1.74314E+12,185,Join Call
1.74314E+12,2472,Create room
1.74314E+12,477,Join Call
1.74314E+12,940,Join Call
1.74314E+12,484,Join Call
1.74314E+12,1051,Create room
1.74314E+12,801,Create room
1.74314E+12,333,Create room
1.74314E+12,548,Create room
1.74314E+12,911,Create room
1.74314E+12,603,Create room
1.74314E+12,267,Create room
1.74314E+12,473,Create room
1.74314E+12,1116,Create room
1.74314E+12,1523,Create room
1.74314E+12,705,Join Call
1.74314E+12,1575,Join Call
1.74314E+12,473,Create room
1.74314E+12,1163,Join Call
1.74314E+12,922,Join Call
1.74314E+12,928,Create room
1.74314E+12,744,Create room
1.74314E+12,1102,Join Call
1.74314E+12,1106,Join Call
1.74314E+12,625,Join Call
1.74314E+12,517,Create room
1.74314E+12,870,Join Call
1.74314E+12,620,Create room
1.74314E+12,919,Create room
1.74314E+12,1300,Join Call
1.74314E+12,486,Join Call
1.74314E+12,1659,Join Call
1.74314E+12,565,Create room
1.74314E+12,829,Join Call
1.74314E+12,1410,Join Call
1.74314E+12,1491,Create room
1.74314E+12,701,Join Call
1.74314E+12,726,Join Call
1.74314E+12,1722,Create room
1.74314E+12,1345,Create room
1.74314E+12,970,Create room
1.74314E+12,1559,Join Call
1.74314E+12,1525,Join Call
1.74314E+12,1126,Join Call
1.74314E+12,2213,Join Call
1.74314E+12,549,Join Call
1.74314E+12,976,Join Call
1.74314E+12,453,Create room
1.74314E+12,1333,Create room
1.74314E+12,570,Join Call
1.74314E+12,729,Join Call
1.74314E+12,476,Join Call
1.74314E+12,381,Create room
1.74314E+12,1419,Create room
1.74314E+12,1574,Create room
1.74314E+12,1213,Create room
1.74314E+12,708,Join Call
1.74314E+12,1431,Join Call
1.74314E+12,513,Create room
1.74314E+12,120,Create room
1.74314E+12,1525,Create room
1.74314E+12,857,Join Call
1.74314E+12,643,Create room
1.74314E+12,1274,Join Call
1.74314E+12,736,Join Call
1.74314E+12,637,Create room
1.74314E+12,624,Join Call
1.74314E+12,390,Create room
1.74314E+12,287,Create room
1.74314E+12,988,Join Call
1.74314E+12,649,Create room
1.74314E+12,292,Create room
1.74314E+12,824,Join Call
1.74314E+12,929,Create room
1.74314E+12,494,Create room
1.74314E+12,507,Create room
1.74314E+12,676,Create room
1.74314E+12,832,Create room
1.74314E+12,739,Create room
1.74314E+12,780,Join Call
1.74314E+12,370,Create room
1.74314E+12,354,Create room
1.74314E+12,2643,Create room
1.74314E+12,1490,Create room
1.74314E+12,772,Join Call
1.74314E+12,781,Create room
1.74314E+12,670,Create room
1.74314E+12,1482,Join Call
1.74314E+12,652,Join Call
1.74314E+12,666,Create room
1.74314E+12,782,Join Call
1.74314E+12,1241,Join Call
1.74314E+12,660,Join Call
1.74314E+12,516,Join Call
1.74314E+12,488,Join Call
1.74314E+12,1580,Join Call
1.74314E+12,1229,Join Call
1.74314E+12,777,Join Call
1.74314E+12,974,Join Call
1.74314E+12,554,Create room
1.74314E+12,294,Create room
1.74314E+12,1224,Join Call
1.74314E+12,884,Join Call
1.74314E+12,786,Create room
1.74314E+12,869,Join Call
1.74314E+12,600,Create room
1.74314E+12,524,Create room
1.74314E+12,975,Create room
1.74314E+12,910,Join Call
1.74314E+12,1063,Join Call
1.74314E+12,932,Join Call
1.74314E+12,1068,Create room
1.74314E+12,1011,Join Call
1.74314E+12,1013,Join Call
1.74314E+12,1349,Join Call
1.74314E+12,1625,Join Call
1.74314E+12,1318,Create room
1.74314E+12,1079,Join Call
1.74314E+12,633,Create room
1.74314E+12,1049,Join Call
1.74314E+12,625,Join Call
1.74314E+12,963,Join Call
1.74314E+12,400,Create room
1.74314E+12,1052,Create room
1.74314E+12,420,Create room
1.74314E+12,167,Create room
1.74314E+12,1070,Join Call
1.74314E+12,1034,Join Call
1.74314E+12,1868,Create room
1.74314E+12,669,Join Call
1.74314E+12,1162,Join Call
1.74314E+12,492,Create room
1.74314E+12,1623,Join Call
1.74314E+12,1925,Create room
1.74314E+12,1061,Create room
1.74314E+12,942,Create room
1.74314E+12,539,Create room
1.74314E+12,482,Join Call
1.74314E+12,840,Create room
1.74314E+12,324,Create room
1.74314E+12,2230,Join Call
1.74314E+12,1100,Create room
1.74314E+12,1054,Create room
1.74314E+12,1248,Join Call
1.74314E+12,1265,Join Call
1.74314E+12,999,Create room
1.74314E+12,804,Create room
1.74314E+12,1098,Join Call
1.74314E+12,1306,Create room
1.74314E+12,641,Join Call
1.74314E+12,1153,Join Call
1.74314E+12,1329,Join Call
1.74314E+12,674,Join Call
1.74314E+12,609,Create room
1.74314E+12,588,Join Call
1.74314E+12,995,Join Call
1.74314E+12,1429,Join Call
1.74314E+12,1159,Join Call
1.74314E+12,1127,Create room
1.74314E+12,700,Join Call
1.74314E+12,905,Join Call
1.74314E+12,631,Join Call
1.74314E+12,1224,Join Call
1.74314E+12,888,Join Call
1.74314E+12,321,Create room
1.74314E+12,777,Create room
1.74314E+12,1209,Create room
1.74314E+12,537,Create room
1.74314E+12,1239,Join Call
1.74314E+12,692,Create room
1.74314E+12,512,Create room
1.74314E+12,696,Join Call
1.74314E+12,838,Join Call
1.74314E+12,822,Join Call
1.74314E+12,330,Join Call
1.74314E+12,321,Join Call
1.74314E+12,764,Join Call
1.74314E+12,1066,Join Call
1.74314E+12,928,Join Call
1.74314E+12,1562,Join Call
1.74314E+12,764,Create room
1.74314E+12,800,Create room
1.74314E+12,339,Create room
1.74314E+12,1043,Join Call
1.74314E+12,719,Create room
1.74314E+12,735,Join Call
1.74314E+12,493,Create room
1.74314E+12,495,Create room
1.74314E+12,685,Create room
1.74314E+12,749,Create room
1.74314E+12,1606,Create room
1.74314E+12,884,Create room
1.74314E+12,1468,Join Call
1.74314E+12,1640,Create room
1.74314E+12,807,Create room
1.74314E+12,707,Join Call
1.74314E+12,129,Create room
1.74314E+12,853,Create room
1.74314E+12,868,Create room
1.74314E+12,963,Create room
1.74314E+12,1507,Join Call
1.74314E+12,515,Join Call
1.74314E+12,591,Join Call
1.74314E+12,901,Create room
1.74314E+12,977,Create room
1.74314E+12,529,Create room
1.74314E+12,776,Create room
1.74314E+12,1189,Join Call
1.74314E+12,885,Join Call
1.74314E+12,1188,Join Call
1.74314E+12,732,Create room
1.74314E+12,848,Join Call
1.74314E+12,812,Create room
1.74314E+12,1252,Join Call
1.74314E+12,1038,Create room
1.74314E+12,421,Create room
1.74314E+12,1756,Join Call
1.74314E+12,1059,Join Call
1.74314E+12,1067,Create room
1.74314E+12,1026,Join Call
1.74314E+12,866,Join Call
1.74314E+12,1312,Join Call
1.74314E+12,499,Join Call
1.74314E+12,738,Join Call
1.74314E+12,1011,Join Call
1.74314E+12,533,Join Call
1.74314E+12,1090,Join Call
1.74314E+12,829,Join Call
1.74314E+12,635,Create room
1.74314E+12,997,Join Call
1.74314E+12,668,Create room
1.74314E+12,713,Create room
1.74314E+12,1390,Join Call
1.74314E+12,1062,Create room
1.74314E+12,844,Join Call
1.74314E+12,568,Create room
1.74314E+12,612,Join Call
1.74314E+12,730,Create room
1.74314E+12,817,Join Call
1.74314E+12,601,Create room
1.74314E+12,1122,Create room
1.74314E+12,423,Create room
1.74314E+12,844,Create room
1.74314E+12,789,Create room
1.74314E+12,944,Join Call
1.74314E+12,196,Create room
1.74314E+12,1169,Create room
1.74314E+12,974,Join Call
1.74314E+12,939,Join Call
1.74314E+12,200,Create room
1.74314E+12,239,Create room
1.74314E+12,228,Create room
1.74314E+12,803,Create room
1.74314E+12,593,Create room
1.74314E+12,551,Join Call
1.74314E+12,785,Join Call
1.74314E+12,1099,Create room
1.74314E+12,527,Join Call
1.74314E+12,452,Join Call
1.74314E+12,1036,Join Call
1.74314E+12,1213,Create room
1.74314E+12,1249,Join Call
1.74314E+12,1256,Join Call
1.74314E+12,1031,Join Call
1.74314E+12,426,Join Call
1.74314E+12,551,Join Call
1.74314E+12,414,Create room
1.74314E+12,580,Join Call
1.74314E+12,734,Create room
1.74314E+12,357,Create room
1.74314E+12,522,Create room
1.74314E+12,1953,Join Call
1.74314E+12,982,Join Call
1.74314E+12,502,Join Call
1.74314E+12,375,Join Call
1.74314E+12,642,Join Call
1.74314E+12,281,Create room
1.74314E+12,509,Create room
1.74314E+12,1374,Create room
1.74314E+12,1166,Create room
1.74314E+12,1391,Create room
1.74314E+12,1045,Create room
1.74314E+12,1620,Join Call
1.74314E+12,250,Create room
1.74314E+12,189,Create room
1.74314E+12,607,Join Call
1.74314E+12,417,Create room
1.74314E+12,632,Create room
1.74314E+12,577,Create room
1.74314E+12,246,Create room
1.74314E+12,242,Create room
1.74314E+12,511,Create room
1.74314E+12,776,Join Call
1.74314E+12,776,Join Call
1.74314E+12,1106,Create room
1.74314E+12,436,Create room
1.74314E+12,160,Create room
1.74314E+12,1006,Create room
1.74314E+12,1608,Create room
1.74314E+12,572,Create room
1.74314E+12,683,Join Call
1.74314E+12,1196,Create room
1.74314E+12,695,Create room
1.74314E+12,358,Create room
1.74314E+12,355,Create room
1.74314E+12,758,Join Call
1.74314E+12,262,Create room
1.74314E+12,1073,Create room
1.74314E+12,1532,Join Call
1.74314E+12,546,Join Call
1.74314E+12,1316,Create room
1.74314E+12,244,Create room
1.74314E+12,349,Create room
1.74314E+12,788,Join Call
1.74314E+12,532,Join Call
1.74314E+12,748,Create room
1.74314E+12,697,Join Call
1.74314E+12,1776,Join Call
1.74314E+12,573,Join Call
1.74314E+12,664,Join Call
1.74314E+12,875,Join Call
1.74314E+12,1342,Join Call
1.74314E+12,1328,Create room
1.74314E+12,513,Join Call
1.74314E+12,420,Join Call
1.74314E+12,712,Join Call
1.74314E+12,658,Join Call
1.74314E+12,720,Join Call
1.74314E+12,323,Create room
1.74314E+12,151,Create room
1.74314E+12,650,Create room
1.74314E+12,975,Create room
1.74314E+12,761,Create room
1.74314E+12,282,Create room
1.74314E+12,1169,Join Call
1.74314E+12,1009,Join Call
1.74314E+12,586,Join Call
1.74314E+12,488,Join Call
1.74314E+12,607,Create room
1.74314E+12,1971,Join Call
1.74314E+12,273,Create room
1.74314E+12,772,Join Call
1.74314E+12,1519,Create room
1.74314E+12,705,Create room
1.74314E+12,672,Join Call
1.74314E+12,967,Create room
1.74314E+12,345,Create room
1.74314E+12,1216,Join Call
1.74314E+12,1372,Join Call
1.74314E+12,486,Join Call
1.74314E+12,514,Join Call
1.74314E+12,938,Join Call
1.74314E+12,970,Join Call
1.74314E+12,615,Join Call
1.74314E+12,577,Join Call
1.74314E+12,919,Join Call
1.74314E+12,670,Join Call
1.74314E+12,643,Join Call
1.74314E+12,430,Create room
1.74314E+12,1209,Join Call
1.74314E+12,1218,Create room
1.74314E+12,222,Create room
1.74314E+12,1232,Join Call
1.74314E+12,703,Join Call
1.74314E+12,108,Create room
1.74314E+12,855,Create room
1.74314E+12,418,Join Call
1.74314E+12,729,Join Call
1.74314E+12,1374,Join Call
1.74314E+12,1755,Join Call
1.74314E+12,1231,Create room
1.74314E+12,264,Create room
1.74314E+12,648,Create room
1.74314E+12,901,Join Call
1.74314E+12,532,Create room
1.74314E+12,731,Join Call
1.74314E+12,780,Create room
1.74314E+12,1790,Create room
1.74314E+12,969,Join Call
1.74314E+12,174,Create room
1.74314E+12,919,Join Call
1.74314E+12,977,Join Call
1.74314E+12,1457,Create room
1.74314E+12,831,Join Call
1.74314E+12,797,Join Call
1.74314E+12,256,Join Call
1.74314E+12,1072,Create room
1.74314E+12,198,Create room
1.74314E+12,254,Join Call
1.74314E+12,693,Join Call
1.74314E+12,2067,Create room
1.74314E+12,629,Create room
1.74314E+12,251,Create room
1.74314E+12,572,Create room
1.74314E+12,1036,Join Call
1.74314E+12,1376,Join Call
1.74314E+12,1505,Join Call
1.74314E+12,1515,Create room
1.74314E+12,1118,Create room
1.74314E+12,802,Join Call
1.74314E+12,962,Create room
1.74314E+12,537,Join Call
1.74314E+12,1484,Create room
1.74314E+12,430,Create room
1.74314E+12,1528,Create room
1.74314E+12,604,Create room
1.74314E+12,970,Join Call
1.74314E+12,1679,Join Call
1.74314E+12,641,Create room
1.74314E+12,908,Create room
1.74314E+12,390,Create room
1.74314E+12,1037,Join Call
1.74314E+12,1072,Join Call
1.74314E+12,1497,Join Call
1.74314E+12,921,Join Call
1.74314E+12,1400,Join Call
1.74314E+12,1627,Join Call
1.74314E+12,1412,Create room
1.74314E+12,2505,Join Call
1.74314E+12,411,Create room
1.74314E+12,419,Create room
1.74314E+12,673,Join Call
1.74314E+12,1659,Create room
1.74314E+12,1390,Create room
1.74314E+12,269,Join Call
1.74314E+12,316,Join Call
1.74314E+12,161,Create room
1.74314E+12,642,Create room
1.74314E+12,1195,Join Call
1.74314E+12,1532,Join Call
1.74314E+12,411,Create room
1.74314E+12,905,Create room
1.74314E+12,1600,Join Call
1.74314E+12,545,Join Call
1.74314E+12,1272,Create room
1.74314E+12,579,Create room
1.74314E+12,1137,Join Call
1.74314E+12,2593,Create room
1.74314E+12,1037,Create room
1.74314E+12,687,Create room
1.74314E+12,476,Join Call
1.74314E+12,322,Create room
1.74314E+12,727,Create room
1.74314E+12,630,Create room
1.74314E+12,522,Create room
1.74314E+12,1609,Join Call
1.74314E+12,832,Join Call
1.74314E+12,1716,Join Call
1.74314E+12,726,Create room
1.74314E+12,244,Join Call
1.74314E+12,788,Create room
1.74314E+12,1627,Create room
1.74314E+12,1467,Join Call
1.74314E+12,500,Join Call
1.74314E+12,734,Join Call
1.74314E+12,972,Join Call
1.74314E+12,1040,Join Call
1.74314E+12,1307,Join Call
1.74314E+12,988,Join Call
1.74314E+12,973,Create room
1.74314E+12,518,Join Call
1.74314E+12,739,Join Call
1.74314E+12,621,Create room
1.74314E+12,767,Create room
1.74314E+12,760,Create room
1.74314E+12,774,Join Call
1.74314E+12,539,Create room
1.74314E+12,1560,Join Call
1.74314E+12,942,Join Call
1.74314E+12,1051,Create room
1.74314E+12,593,Create room
1.74314E+12,953,Join Call
1.74314E+12,819,Join Call
1.74314E+12,422,Create room
1.74314E+12,343,Create room
1.74314E+12,1256,Create room
1.74314E+12,861,Create room
1.74314E+12,1039,Create room
1.74314E+12,422,Create room
1.74314E+12,1014,Join Call
1.74314E+12,268,Create room
1.74314E+12,683,Create room
1.74314E+12,905,Create room
1.74314E+12,778,Create room
1.74314E+12,281,Create room
1.74314E+12,1294,Join Call
1.74314E+12,388,Create room
1.74314E+12,1061,Join Call
1.74314E+12,311,Join Call
1.74314E+12,545,Create room
1.74314E+12,326,Create room
1.74314E+12,693,Create room
1.74314E+12,381,Create room
1.74314E+12,674,Create room
1.74314E+12,912,Create room
1.74314E+12,496,Create room
1.74314E+12,969,Join Call
1.74314E+12,987,Join Call
1.74314E+12,653,Join Call
1.74314E+12,1020,Join Call
1.74314E+12,492,Join Call
1.74314E+12,1536,Join Call
1.74314E+12,830,Join Call
1.74314E+12,1295,Create room
1.74314E+12,903,Join Call
1.74314E+12,387,Create room
1.74314E+12,479,Create room
1.74314E+12,1265,Create room
1.74314E+12,580,Create room
1.74314E+12,517,Create room
1.74314E+12,597,Create room
1.74314E+12,483,Create room
1.74314E+12,426,Create room
1.74314E+12,1151,Join Call
1.74314E+12,442,Create room
1.74314E+12,729,Join Call
1.74314E+12,526,Create room
1.74314E+12,894,Create room
1.74314E+12,1262,Create room
1.74314E+12,1151,Create room
1.74314E+12,1098,Join Call
1.74314E+12,673,Join Call
1.74314E+12,1084,Create room
1.74314E+12,920,Create room
1.74314E+12,1198,Create room
1.74314E+12,936,Create room
1.74314E+12,1073,Join Call
1.74314E+12,638,Create room
1.74314E+12,1085,Create room
1.74314E+12,901,Create room
1.74314E+12,687,Join Call
1.74314E+12,2311,Join Call
1.74314E+12,834,Join Call
1.74314E+12,864,Join Call
1.74314E+12,884,Create room
1.74314E+12,936,Create room
1.74314E+12,443,Create room
1.74314E+12,634,Join Call
1.74314E+12,1247,Join Call
1.74314E+12,555,Join Call
1.74314E+12,1165,Join Call
1.74314E+12,1450,Join Call
1.74314E+12,566,Join Call
1.74314E+12,1450,Create room
1.74314E+12,765,Create room
1.74314E+12,852,Create room
1.74314E+12,1452,Create room
1.74314E+12,768,Join Call
1.74314E+12,1345,Join Call
1.74314E+12,2151,Create room
1.74314E+12,1471,Join Call
1.74314E+12,506,Join Call
1.74314E+12,446,Join Call
1.74314E+12,1024,Join Call
1.74314E+12,1329,Join Call
1.74314E+12,604,Create room
1.74314E+12,685,Join Call
1.74314E+12,633,Join Call
1.74314E+12,605,Create room
1.74314E+12,433,Create room
1.74314E+12,762,Join Call
1.74314E+12,1488,Create room
1.74314E+12,720,Create room
1.74314E+12,652,Create room
1.74314E+12,655,Create room
1.74314E+12,672,Create room
1.74314E+12,1005,Join Call
1.74314E+12,1074,Join Call
1.74314E+12,1197,Join Call
1.74314E+12,992,Join Call
1.74314E+12,707,Join Call
1.74314E+12,784,Join Call
1.74314E+12,795,Join Call
1.74314E+12,1289,Join Call
1.74314E+12,1256,Join Call
1.74314E+12,1033,Join Call
1.74314E+12,1473,Join Call
1.74314E+12,876,Join Call
1.74314E+12,1461,Join Call
1.74314E+12,2097,Join Call
1.74314E+12,869,Join Call
1.74314E+12,613,Join Call
1.74314E+12,1204,Join Call
1.74314E+12,298,Join Call
1.74314E+12,1745,Join Call
1.74314E+12,1265,Join Call
1.74314E+12,1594,Join Call
1.74314E+12,1340,Join Call
1.74314E+12,1248,Join Call
1.74314E+12,1105,Join Call
1.74314E+12,1760,Join Call
1.74314E+12,1199,Join Call
1.74314E+12,754,Join Call
1.74314E+12,1044,Join Call
1.74314E+12,1257,Join Call
1.74314E+12,1134,Join Call
1.74314E+12,333,Create room
1.74314E+12,651,Create room
1.74314E+12,894,Create room
1.74314E+12,885,Join Call
1.74314E+12,973,Join Call
1.74314E+12,708,Create room
1.74314E+12,397,Create room
1.74314E+12,894,Create room
1.74314E+12,899,Create room
1.74314E+12,235,Create room
1.74314E+12,943,Create room
1.74314E+12,937,Join Call
1.74314E+12,1647,Join Call
1.74314E+12,164,Create room
1.74314E+12,997,Join Call
1.74314E+12,845,Join Call
1.74314E+12,392,Join Call
1.74314E+12,445,Join Call
1.74314E+12,420,Create room
1.74314E+12,487,Create room
1.74314E+12,744,Create room
1.74314E+12,953,Join Call
1.74314E+12,359,Create room
1.74314E+12,644,Create room
1.74314E+12,629,Create room
1.74314E+12,330,Create room
1.74314E+12,557,Join Call
1.74314E+12,685,Join Call
1.74314E+12,556,Create room
1.74314E+12,635,Create room
1.74314E+12,821,Create room
1.74314E+12,1302,Join Call
1.74314E+12,1034,Join Call
1.74314E+12,791,Create room
1.74314E+12,735,Join Call
1.74314E+12,575,Join Call
1.74314E+12,334,Join Call
1.74314E+12,1273,Join Call
1.74314E+12,477,Create room
1.74314E+12,485,Create room
1.74314E+12,428,Create room
1.74314E+12,632,Join Call
1.74314E+12,454,Create room
1.74314E+12,497,Create room
1.74314E+12,511,Create room
1.74314E+12,1645,Create room
1.74314E+12,372,Create room
1.74314E+12,1111,Join Call
1.74314E+12,929,Join Call
1.74314E+12,774,Create room
1.74314E+12,465,Join Call
1.74314E+12,912,Join Call
1.74314E+12,558,Create room
1.74314E+12,254,Create room
1.74314E+12,1395,Join Call
1.74314E+12,358,Create room
1.74314E+12,1195,Join Call
1.74314E+12,714,Create room
1.74314E+12,627,Create room
1.74314E+12,1409,Join Call
1.74314E+12,910,Create room
1.74314E+12,1027,Create room
1.74314E+12,590,Create room
1.74314E+12,1045,Join Call
1.74314E+12,1148,Join Call
1.74314E+12,657,Create room
1.74314E+12,566,Create room
1.74314E+12,414,Create room
1.74314E+12,666,Create room
1.74314E+12,679,Create room
1.74314E+12,1288,Join Call
1.74314E+12,599,Create room
1.74314E+12,496,Create room
1.74314E+12,792,Create room
1.74314E+12,1216,Create room
1.74314E+12,462,Join Call
1.74314E+12,779,Create room
1.74314E+12,161,Create room
1.74314E+12,1400,Join Call
1.74314E+12,994,Create room
1.74314E+12,809,Create room
1.74314E+12,1039,Create room
1.74314E+12,812,Join Call
1.74314E+12,1671,Create room
1.74314E+12,403,Join Call
1.74314E+12,555,Join Call
1.74314E+12,747,Join Call
1.74314E+12,762,Create room
1.74314E+12,426,Create room
1.74314E+12,546,Join Call
1.74314E+12,857,Create room
1.74314E+12,568,Join Call
1.74314E+12,420,Join Call
1.74314E+12,878,Create room
1.74314E+12,416,Join Call
1.74314E+12,1170,Join Call
1.74314E+12,1555,Join Call
1.74314E+12,1145,Create room
1.74314E+12,575,Join Call
1.74314E+12,474,Create room
1.74314E+12,490,Create room
1.74314E+12,1118,Create room
1.74314E+12,794,Join Call
1.74314E+12,545,Create room
1.74314E+12,1057,Join Call
1.74314E+12,2044,Create room
1.74314E+12,1363,Join Call
1.74314E+12,1143,Join Call
1.74314E+12,1159,Join Call
1.74314E+12,919,Join Call
1.74314E+12,605,Join Call
1.74314E+12,901,Join Call
1.74314E+12,911,Join Call
1.74314E+12,1328,Create room
1.74314E+12,533,Create room
1.74314E+12,1033,Join Call
1.74314E+12,475,Join Call
1.74314E+12,1717,Join Call
1.74314E+12,835,Join Call
1.74314E+12,847,Join Call
1.74314E+12,302,Create room
1.74314E+12,1230,Create room
1.74314E+12,1731,Create room
1.74314E+12,1785,Join Call
1.74314E+12,621,Create room
1.74314E+12,829,Create room
1.74314E+12,355,Create room
1.74314E+12,633,Create room
1.74314E+12,363,Create room
1.74314E+12,624,Create room
1.74314E+12,1270,Create room
1.74314E+12,581,Join Call
1.74314E+12,751,Join Call
1.74314E+12,1250,Create room
1.74314E+12,1241,Create room
1.74314E+12,1565,Create room
1.74314E+12,819,Create room
1.74314E+12,1844,Create room
1.74314E+12,408,Create room
1.74314E+12,1122,Create room
1.74314E+12,1851,Join Call
1.74314E+12,517,Join Call
1.74314E+12,737,Create room
1.74314E+12,1317,Create room
1.74314E+12,721,Join Call
1.74314E+12,1224,Join Call
1.74314E+12,844,Join Call
1.74314E+12,827,Join Call
1.74314E+12,774,Join Call
1.74314E+12,812,Join Call
1.74314E+12,910,Join Call
1.74314E+12,695,Join Call
1.74314E+12,593,Join Call
1.74314E+12,490,Create room
1.74314E+12,512,Join Call
1.74314E+12,849,Create room
1.74314E+12,1655,Join Call
1.74314E+12,692,Join Call
1.74314E+12,1750,Join Call
1.74314E+12,701,Join Call
1.74314E+12,390,Create room
1.74314E+12,555,Create room
1.74314E+12,2027,Join Call
1.74314E+12,956,Join Call
1.74314E+12,591,Join Call
1.74314E+12,1458,Create room
1.74314E+12,477,Create room
1.74314E+12,663,Create room
1.74314E+12,596,Join Call
1.74314E+12,547,Create room
1.74314E+12,1026,Create room
1.74314E+12,556,Create room
1.74314E+12,884,Join Call
1.74314E+12,344,Create room
1.74314E+12,557,Join Call
1.74314E+12,600,Create room
1.74314E+12,354,Create room
1.74314E+12,285,Create room
1.74314E+12,594,Create room
1.74314E+12,273,Join Call
1.74314E+12,515,Create room
1.74314E+12,1088,Join Call
1.74314E+12,1117,Create room
1.74314E+12,678,Create room
1.74314E+12,619,Create room
1.74314E+12,726,Create room
1.74314E+12,560,Create room
1.74314E+12,352,Join Call
1.74314E+12,534,Join Call
1.74314E+12,708,Join Call
1.74314E+12,779,Create room
1.74314E+12,352,Create room
1.74314E+12,622,Create room
1.74314E+12,444,Create room
1.74314E+12,1056,Create room
1.74314E+12,440,Create room
1.74314E+12,821,Join Call
1.74314E+12,833,Join Call
1.74314E+12,374,Join Call
1.74314E+12,414,Join Call
1.74314E+12,719,Join Call
1.74314E+12,1045,Join Call
1.74314E+12,931,Create room
1.74314E+12,788,Join Call
1.74314E+12,1233,Join Call
1.74314E+12,670,Create room
1.74314E+12,869,Join Call
1.74314E+12,1188,Create room
1.74314E+12,446,Join Call
1.74314E+12,949,Join Call
1.74314E+12,495,Create room
1.74314E+12,765,Join Call
1.74314E+12,1683,Create room
1.74314E+12,1102,Join Call
1.74314E+12,390,Create room
1.74314E+12,1162,Create room
1.74314E+12,709,Create room
1.74314E+12,437,Join Call
1.74314E+12,730,Join Call
1.74314E+12,683,Join Call
1.74314E+12,484,Join Call
1.74314E+12,1132,Join Call
1.74314E+12,475,Create room
1.74314E+12,921,Join Call
1.74314E+12,524,Join Call
1.74314E+12,932,Join Call
1.74314E+12,523,Join Call
1.74314E+12,533,Join Call
1.74314E+12,828,Join Call
1.74314E+12,1156,Join Call
1.74314E+12,469,Join Call
1.74314E+12,1168,Join Call
1.74314E+12,869,Join Call
1.74314E+12,536,Join Call
1.74314E+12,539,Join Call
1.74314E+12,1003,Join Call
1.74314E+12,552,Join Call
1.74314E+12,545,Join Call
1.74314E+12,1407,Join Call
1.74314E+12,545,Join Call
1.74314E+12,609,Join Call
