timeStamp,Response time,label
1.74E+12,73,Create room
1.74E+12,70,Create room
1.74E+12,72,Create room
1.74E+12,118,Create room
1.74E+12,133,Create room
1.74E+12,133,Create room
1.74E+12,145,Create room
1.74E+12,157,Create room
1.74E+12,169,Create room
1.74E+12,180,Create room
1.74E+12,184,Create room
1.74E+12,187,Create room
1.74E+12,184,Create room
1.74E+12,185,Create room
1.74E+12,185,Create room
1.74E+12,187,Create room
1.74E+12,182,Create room
1.74E+12,189,Create room
1.74E+12,203,Create room
1.74E+12,309,Create room
1.74E+12,312,Create room
1.74E+12,313,Create room
1.74E+12,336,Create room
1.74E+12,405,Create room
1.74E+12,435,Create room
1.74E+12,450,Create room
1.74E+12,464,Create room
1.74E+12,466,Create room
1.74E+12,474,Create room
1.74E+12,476,Create room
1.74E+12,483,Create room
1.74E+12,490,Create room
1.74E+12,527,Create room
1.74E+12,525,Create room
1.74E+12,531,Create room
1.74E+12,530,Create room
1.74E+12,560,Create room
1.74E+12,561,Create room
1.74E+12,564,Create room
1.74E+12,564,Create room
1.74E+12,565,Create room
1.74E+12,574,Create room
1.74E+12,580,Create room
1.74E+12,433,Join Call&&Leave Call
1.74E+12,517,Join Call&&Leave Call
1.74E+12,277,Join Call&&Leave Call
1.74E+12,610,Create room
1.74E+12,606,Create room
1.74E+12,613,Create room
1.74E+12,612,Create room
1.74E+12,610,Create room
1.74E+12,626,Create room
1.74E+12,627,Create room
1.74E+12,631,Create room
1.74E+12,676,Create room
1.74E+12,678,Create room
1.74E+12,677,Create room
1.74E+12,678,Create room
1.74E+12,680,Create room
1.74E+12,693,Create room
1.74E+12,701,Create room
1.74E+12,640,Join Call&&Leave Call
1.74E+12,714,Create room
1.74E+12,560,Join Call&&Leave Call
1.74E+12,744,Create room
1.74E+12,761,Create room
1.74E+12,773,Create room
1.74E+12,770,Create room
1.74E+12,772,Create room
1.74E+12,771,Create room
1.74E+12,188,Create room
1.74E+12,793,Create room
1.74E+12,797,Create room
1.74E+12,203,Create room
1.74E+12,799,Create room
1.74E+12,735,Join Call&&Leave Call
1.74E+12,827,Create room
1.74E+12,857,Create room
1.74E+12,865,Create room
1.74E+12,756,Join Call&&Leave Call
1.74E+12,875,Create room
1.74E+12,873,Create room
1.74E+12,876,Create room
1.74E+12,916,Create room
1.74E+12,583,Join Call&&Leave Call
1.74E+12,927,Create room
1.74E+12,927,Create room
1.74E+12,745,Join Call&&Leave Call
1.74E+12,939,Create room
1.74E+12,966,Create room
1.74E+12,580,Join Call&&Leave Call
1.74E+12,281,Create room
1.74E+12,1018,Create room
1.74E+12,1021,Create room
1.74E+12,1057,Create room
1.74E+12,1070,Create room
1.74E+12,937,Join Call&&Leave Call
1.74E+12,635,Join Call&&Leave Call
1.74E+12,886,Join Call&&Leave Call
1.74E+12,517,Join Call&&Leave Call
1.74E+12,508,Join Call&&Leave Call
1.74E+12,534,Join Call&&Leave Call
1.74E+12,1118,Create room
1.74E+12,1121,Create room
1.74E+12,380,Join Call&&Leave Call
1.74E+12,1146,Create room
1.74E+12,1147,Create room
1.74E+12,835,Join Call&&Leave Call
1.74E+12,972,Join Call&&Leave Call
1.74E+12,1201,Create room
1.74E+12,1201,Create room
1.74E+12,697,Join Call&&Leave Call
1.74E+12,1242,Create room
1.74E+12,400,Create room
1.74E+12,667,Join Call&&Leave Call
1.74E+12,208,Create room
1.74E+12,456,Join Call&&Leave Call
1.74E+12,537,Create room
1.74E+12,1279,Create room
1.74E+12,755,Join Call&&Leave Call
1.74E+12,1282,Create room
1.74E+12,612,Join Call&&Leave Call
1.74E+12,1290,Create room
1.74E+12,1112,Join Call&&Leave Call
1.74E+12,1332,Create room
1.74E+12,1146,Join Call&&Leave Call
1.74E+12,1039,Join Call&&Leave Call
1.74E+12,1385,Create room
1.74E+12,1295,Join Call&&Leave Call
1.74E+12,807,Join Call&&Leave Call
1.74E+12,358,Create room
1.74E+12,1460,Create room
1.74E+12,330,Join Call&&Leave Call
1.74E+12,701,Join Call&&Leave Call
1.74E+12,486,Join Call&&Leave Call
1.74E+12,488,Create room
1.74E+12,176,Create room
1.74E+12,902,Join Call&&Leave Call
1.74E+12,378,Create room
1.74E+12,928,Join Call&&Leave Call
1.74E+12,1339,Join Call&&Leave Call
1.74E+12,617,Join Call&&Leave Call
1.74E+12,623,Join Call&&Leave Call
1.74E+12,270,Create room
1.74E+12,400,Join Call&&Leave Call
1.74E+12,933,Join Call&&Leave Call
1.74E+12,421,Create room
1.74E+12,1041,Join Call&&Leave Call
1.74E+12,634,Join Call&&Leave Call
1.74E+12,481,Join Call&&Leave Call
1.74E+12,1599,Create room
1.74E+12,1602,Create room
1.74E+12,728,Join Call&&Leave Call
1.74E+12,749,Join Call&&Leave Call
1.74E+12,550,Create room
1.74E+12,397,Create room
1.74E+12,929,Join Call&&Leave Call
1.74E+12,1150,Join Call&&Leave Call
1.74E+12,1191,Join Call&&Leave Call
1.74E+12,999,Join Call&&Leave Call
1.74E+12,1171,Join Call&&Leave Call
1.74E+12,769,Create room
1.74E+12,1253,Join Call&&Leave Call
1.74E+12,652,Join Call&&Leave Call
1.74E+12,1580,Join Call&&Leave Call
1.74E+12,917,Create room
1.74E+12,946,Join Call&&Leave Call
1.74E+12,184,Create room
1.74E+12,1246,Join Call&&Leave Call
1.74E+12,1151,Join Call&&Leave Call
1.74E+12,712,Join Call&&Leave Call
1.74E+12,1293,Join Call&&Leave Call
1.74E+12,1156,Join Call&&Leave Call
1.74E+12,527,Join Call&&Leave Call
1.74E+12,431,Create room
1.74E+12,1286,Join Call&&Leave Call
1.74E+12,584,Create room
1.74E+12,1199,Join Call&&Leave Call
1.74E+12,1306,Join Call&&Leave Call
1.74E+12,1282,Create room
1.74E+12,1191,Join Call&&Leave Call
1.74E+12,1070,Join Call&&Leave Call
1.74E+12,583,Create room
1.74E+12,930,Join Call&&Leave Call
1.74E+12,440,Create room
1.74E+12,1106,Join Call&&Leave Call
1.74E+12,217,Create room
1.74E+12,1722,Join Call&&Leave Call
1.74E+12,266,Create room
1.74E+12,1279,Join Call&&Leave Call
1.74E+12,307,Create room
1.74E+12,890,Join Call&&Leave Call
1.74E+12,794,Create room
1.74E+12,1119,Join Call&&Leave Call
1.74E+12,1247,Join Call&&Leave Call
1.74E+12,732,Join Call&&Leave Call
1.74E+12,1757,Join Call&&Leave Call
1.74E+12,373,Join Call&&Leave Call
1.74E+12,1186,Join Call&&Leave Call
1.74E+12,701,Join Call&&Leave Call
1.74E+12,930,Join Call&&Leave Call
1.74E+12,1505,Join Call&&Leave Call
1.74E+12,1077,Join Call&&Leave Call
1.74E+12,1483,Join Call&&Leave Call
1.74E+12,1256,Join Call&&Leave Call
1.74E+12,668,Join Call&&Leave Call
1.74E+12,676,Join Call&&Leave Call
1.74E+12,360,Create room
1.74E+12,704,Join Call&&Leave Call
1.74E+12,1212,Join Call&&Leave Call
1.74E+12,372,Join Call&&Leave Call
1.74E+12,1246,Join Call&&Leave Call
1.74E+12,548,Create room
1.74E+12,1497,Join Call&&Leave Call
1.74E+12,307,Create room
1.74E+12,390,Create room
1.74E+12,555,Create room
1.74E+12,1238,Join Call&&Leave Call
1.74E+12,382,Create room
1.74E+12,1245,Join Call&&Leave Call
1.74E+12,771,Create room
1.74E+12,532,Create room
1.74E+12,956,Create room
1.74E+12,2086,Create room
1.74E+12,2128,Create room
1.74E+12,678,Join Call&&Leave Call
1.74E+12,537,Create room
1.74E+12,534,Create room
1.74E+12,1234,Join Call&&Leave Call
1.74E+12,714,Join Call&&Leave Call
1.74E+12,618,Create room
1.74E+12,468,Create room
1.74E+12,883,Join Call&&Leave Call
1.74E+12,1096,Create room
1.74E+12,451,Create room
1.74E+12,233,Create room
1.74E+12,495,Join Call&&Leave Call
1.74E+12,625,Create room
1.74E+12,517,Join Call&&Leave Call
1.74E+12,1769,Join Call&&Leave Call
1.74E+12,1154,Create room
1.74E+12,1152,Join Call&&Leave Call
1.74E+12,1361,Create room
1.74E+12,1725,Join Call&&Leave Call
1.74E+12,1017,Create room
1.74E+12,789,Join Call&&Leave Call
1.74E+12,1620,Join Call&&Leave Call
1.74E+12,1733,Join Call&&Leave Call
1.74E+12,728,Join Call&&Leave Call
1.74E+12,802,Create room
1.74E+12,654,Create room
1.74E+12,449,Create room
1.74E+12,458,Create room
1.74E+12,450,Create room
1.74E+12,518,Create room
1.74E+12,427,Create room
1.74E+12,587,Join Call&&Leave Call
1.74E+12,1599,Join Call&&Leave Call
1.74E+12,747,Create room
1.74E+12,998,Create room
1.74E+12,566,Create room
1.74E+12,318,Join Call&&Leave Call
1.74E+12,532,Create room
1.74E+12,432,Join Call&&Leave Call
1.74E+12,383,Join Call&&Leave Call
1.74E+12,984,Create room
1.74E+12,992,Join Call&&Leave Call
1.74E+12,501,Create room
1.74E+12,680,Create room
1.74E+12,406,Join Call&&Leave Call
1.74E+12,219,Create room
1.74E+12,697,Create room
1.74E+12,475,Join Call&&Leave Call
1.74E+12,796,Create room
1.74E+12,626,Create room
1.74E+12,636,Create room
1.74E+12,637,Create room
1.74E+12,468,Join Call&&Leave Call
1.74E+12,1298,Create room
1.74E+12,803,Create room
1.74E+12,770,Create room
1.74E+12,780,Join Call&&Leave Call
1.74E+12,449,Create room
1.74E+12,1516,Join Call&&Leave Call
1.74E+12,724,Create room
1.74E+12,423,Create room
1.74E+12,633,Join Call&&Leave Call
1.74E+12,1046,Create room
1.74E+12,819,Create room
1.74E+12,1048,Join Call&&Leave Call
1.74E+12,746,Join Call&&Leave Call
1.74E+12,1009,Create room
1.74E+12,923,Create room
1.74E+12,772,Join Call&&Leave Call
1.74E+12,1208,Join Call&&Leave Call
1.74E+12,810,Join Call&&Leave Call
1.74E+12,1959,Join Call&&Leave Call
1.74E+12,978,Join Call&&Leave Call
1.74E+12,1216,Join Call&&Leave Call
1.74E+12,874,Join Call&&Leave Call
1.74E+12,899,Create room
1.74E+12,554,Create room
1.74E+12,792,Join Call&&Leave Call
1.74E+12,802,Join Call&&Leave Call
1.74E+12,337,Create room
1.74E+12,739,Create room
1.74E+12,634,Join Call&&Leave Call
1.74E+12,877,Create room
1.74E+12,609,Join Call&&Leave Call
1.74E+12,1100,Join Call&&Leave Call
1.74E+12,405,Create room
1.74E+12,1084,Join Call&&Leave Call
1.74E+12,1090,Join Call&&Leave Call
1.74E+12,770,Create room
1.74E+12,1065,Create room
1.74E+12,946,Join Call&&Leave Call
1.74E+12,290,Create room
1.74E+12,887,Join Call&&Leave Call
1.74E+12,889,Create room
1.74E+12,1189,Join Call&&Leave Call
1.74E+12,1192,Create room
1.74E+12,786,Create room
1.74E+12,1119,Create room
1.74E+12,1542,Create room
1.74E+12,795,Join Call&&Leave Call
1.74E+12,917,Create room
1.74E+12,609,Join Call&&Leave Call
1.74E+12,623,Create room
1.74E+12,1601,Join Call&&Leave Call
1.74E+12,1085,Join Call&&Leave Call
1.74E+12,897,Create room
1.74E+12,683,Join Call&&Leave Call
1.74E+12,939,Join Call&&Leave Call
1.74E+12,1214,Create room
1.74E+12,545,Create room
1.74E+12,128,Create room
1.74E+12,740,Join Call&&Leave Call
1.74E+12,209,Create room
1.74E+12,1199,Create room
1.74E+12,1012,Join Call&&Leave Call
1.74E+12,887,Join Call&&Leave Call
1.74E+12,1856,Join Call&&Leave Call
1.74E+12,673,Join Call&&Leave Call
1.74E+12,730,Join Call&&Leave Call
1.74E+12,1994,Join Call&&Leave Call
1.74E+12,429,Join Call&&Leave Call
1.74E+12,368,Join Call&&Leave Call
1.74E+12,1391,Create room
1.74E+12,717,Join Call&&Leave Call
1.74E+12,787,Create room
1.74E+12,837,Join Call&&Leave Call
1.74E+12,436,Create room
1.74E+12,340,Create room
1.74E+12,1106,Join Call&&Leave Call
1.74E+12,503,Join Call&&Leave Call
1.74E+12,843,Join Call&&Leave Call
1.74E+12,945,Join Call&&Leave Call
1.74E+12,562,Join Call&&Leave Call
1.74E+12,1484,Create room
1.74E+12,1219,Create room
1.74E+12,800,Join Call&&Leave Call
1.74E+12,978,Join Call&&Leave Call
1.74E+12,650,Join Call&&Leave Call
1.74E+12,409,Create room
1.74E+12,602,Create room
1.74E+12,1104,Create room
1.74E+12,1095,Create room
1.74E+12,690,Create room
1.74E+12,148,Create room
1.74E+12,877,Join Call&&Leave Call
1.74E+12,953,Join Call&&Leave Call
1.74E+12,381,Create room
1.74E+12,913,Create room
1.74E+12,944,Create room
1.74E+12,809,Join Call&&Leave Call
1.74E+12,916,Join Call&&Leave Call
1.74E+12,291,Join Call&&Leave Call
1.74E+12,286,Join Call&&Leave Call
1.74E+12,941,Create room
1.74E+12,1227,Create room
1.74E+12,1198,Join Call&&Leave Call
1.74E+12,646,Create room
1.74E+12,963,Create room
1.74E+12,724,Join Call&&Leave Call
1.74E+12,530,Join Call&&Leave Call
1.74E+12,350,Create room
1.74E+12,294,Create room
1.74E+12,617,Create room
1.74E+12,496,Create room
1.74E+12,1670,Join Call&&Leave Call
1.74E+12,1073,Join Call&&Leave Call
1.74E+12,791,Create room
1.74E+12,842,Create room
1.74E+12,1724,Join Call&&Leave Call
1.74E+12,1673,Create room
1.74E+12,1226,Join Call&&Leave Call
1.74E+12,1717,Create room
1.74E+12,830,Create room
1.74E+12,595,Join Call&&Leave Call
1.74E+12,945,Join Call&&Leave Call
1.74E+12,988,Join Call&&Leave Call
1.74E+12,397,Create room
1.74E+12,426,Create room
1.74E+12,604,Create room
1.74E+12,428,Create room
1.74E+12,439,Create room
1.74E+12,653,Join Call&&Leave Call
1.74E+12,367,Create room
1.74E+12,1091,Join Call&&Leave Call
1.74E+12,94,Create room
1.74E+12,571,Create room
1.74E+12,1846,Join Call&&Leave Call
1.74E+12,707,Join Call&&Leave Call
1.74E+12,1294,Create room
1.74E+12,636,Create room
1.74E+12,128,Create room
1.74E+12,1888,Create room
1.74E+12,489,Create room
1.74E+12,1089,Create room
1.74E+12,410,Create room
1.74E+12,907,Create room
1.74E+12,562,Create room
1.74E+12,442,Join Call&&Leave Call
1.74E+12,801,Create room
1.74E+12,379,Join Call&&Leave Call
1.74E+12,1017,Create room
1.74E+12,775,Join Call&&Leave Call
1.74E+12,1018,Create room
1.74E+12,207,Create room
1.74E+12,1040,Create room
1.74E+12,721,Join Call&&Leave Call
1.74E+12,632,Create room
1.74E+12,1014,Join Call&&Leave Call
1.74E+12,678,Create room
1.74E+12,1080,Create room
1.74E+12,296,Create room
1.74E+12,1053,Join Call&&Leave Call
1.74E+12,241,Create room
1.74E+12,1555,Join Call&&Leave Call
1.74E+12,385,Join Call&&Leave Call
1.74E+12,944,Join Call&&Leave Call
1.74E+12,363,Join Call&&Leave Call
1.74E+12,859,Create room
1.74E+12,753,Join Call&&Leave Call
1.74E+12,862,Join Call&&Leave Call
1.74E+12,975,Join Call&&Leave Call
1.74E+12,1183,Join Call&&Leave Call
1.74E+12,647,Join Call&&Leave Call
1.74E+12,668,Join Call&&Leave Call
1.74E+12,581,Join Call&&Leave Call
1.74E+12,467,Join Call&&Leave Call
1.74E+12,971,Join Call&&Leave Call
1.74E+12,1454,Join Call&&Leave Call
1.74E+12,864,Join Call&&Leave Call
1.74E+12,1284,Join Call&&Leave Call
1.74E+12,325,Create room
1.74E+12,2225,Create room
1.74E+12,819,Join Call&&Leave Call
1.74E+12,1190,Create room
1.74E+12,1044,Join Call&&Leave Call
1.74E+12,558,Join Call&&Leave Call
1.74E+12,792,Create room
1.74E+12,684,Create room
1.74E+12,708,Join Call&&Leave Call
1.74E+12,1491,Join Call&&Leave Call
1.74E+12,1287,Create room
1.74E+12,724,Create room
1.74E+12,727,Create room
1.74E+12,608,Create room
1.74E+12,155,Create room
1.74E+12,746,Join Call&&Leave Call
1.74E+12,503,Join Call&&Leave Call
1.74E+12,545,Join Call&&Leave Call
1.74E+12,807,Join Call&&Leave Call
1.74E+12,922,Join Call&&Leave Call
1.74E+12,866,Create room
1.74E+12,866,Create room
1.74E+12,881,Join Call&&Leave Call
1.74E+12,578,Create room
1.74E+12,548,Join Call&&Leave Call
1.74E+12,2770,Create room
1.74E+12,993,Create room
1.74E+12,467,Create room
1.74E+12,430,Create room
1.74E+12,705,Join Call&&Leave Call
1.74E+12,716,Create room
1.74E+12,866,Create room
1.74E+12,1098,Create room
1.74E+12,622,Join Call&&Leave Call
1.74E+12,522,Join Call&&Leave Call
1.74E+12,777,Join Call&&Leave Call
1.74E+12,1485,Join Call&&Leave Call
1.74E+12,765,Create room
1.74E+12,832,Join Call&&Leave Call
1.74E+12,902,Join Call&&Leave Call
1.74E+12,1178,Join Call&&Leave Call
1.74E+12,755,Create room
1.74E+12,1058,Join Call&&Leave Call
1.74E+12,563,Create room
1.74E+12,1088,Create room
1.74E+12,446,Join Call&&Leave Call
1.74E+12,188,Create room
1.74E+12,585,Create room
1.74E+12,728,Join Call&&Leave Call
1.74E+12,540,Create room
1.74E+12,1077,Create room
1.74E+12,1219,Create room
1.74E+12,1242,Create room
1.74E+12,1105,Create room
1.74E+12,1444,Create room
1.74E+12,800,Create room
1.74E+12,1102,Join Call&&Leave Call
1.74E+12,514,Create room
1.74E+12,519,Create room
1.74E+12,1340,Join Call&&Leave Call
1.74E+12,716,Create room
1.74E+12,905,Join Call&&Leave Call
1.74E+12,764,Join Call&&Leave Call
1.74E+12,886,Join Call&&Leave Call
1.74E+12,229,Create room
1.74E+12,2204,Join Call&&Leave Call
1.74E+12,846,Create room
1.74E+12,723,Create room
1.74E+12,1011,Join Call&&Leave Call
1.74E+12,1028,Join Call&&Leave Call
1.74E+12,875,Join Call&&Leave Call
1.74E+12,1922,Join Call&&Leave Call
1.74E+12,617,Join Call&&Leave Call
1.74E+12,733,Join Call&&Leave Call
1.74E+12,785,Join Call&&Leave Call
1.74E+12,1150,Join Call&&Leave Call
1.74E+12,734,Join Call&&Leave Call
1.74E+12,1052,Join Call&&Leave Call
1.74E+12,883,Join Call&&Leave Call
1.74E+12,742,Join Call&&Leave Call
1.74E+12,263,Create room
1.74E+12,1061,Join Call&&Leave Call
1.74E+12,261,Create room
1.74E+12,1103,Join Call&&Leave Call
1.74E+12,304,Join Call&&Leave Call
1.74E+12,507,Create room
1.74E+12,855,Create room
1.74E+12,864,Create room
1.74E+12,1322,Create room
1.74E+12,369,Create room
1.74E+12,384,Create room
1.74E+12,800,Create room
1.74E+12,398,Join Call&&Leave Call
1.74E+12,1159,Join Call&&Leave Call
1.74E+12,1784,Join Call&&Leave Call
1.74E+12,860,Create room
1.74E+12,219,Create room
1.74E+12,1205,Join Call&&Leave Call
1.74E+12,958,Create room
1.74E+12,1007,Create room
1.74E+12,707,Join Call&&Leave Call
1.74E+12,433,Join Call&&Leave Call
1.74E+12,756,Create room
1.74E+12,925,Create room
1.74E+12,382,Join Call&&Leave Call
1.74E+12,711,Join Call&&Leave Call
1.74E+12,998,Create room
1.74E+12,1010,Create room
1.74E+12,859,Join Call&&Leave Call
1.74E+12,845,Join Call&&Leave Call
1.74E+12,1112,Join Call&&Leave Call
1.74E+12,268,Create room
1.74E+12,828,Create room
1.74E+12,1853,Join Call&&Leave Call
1.74E+12,1370,Join Call&&Leave Call
1.74E+12,1412,Join Call&&Leave Call
1.74E+12,1447,Join Call&&Leave Call
1.74E+12,925,Join Call&&Leave Call
1.74E+12,937,Join Call&&Leave Call
1.74E+12,1279,Join Call&&Leave Call
1.74E+12,1183,Join Call&&Leave Call
1.74E+12,763,Join Call&&Leave Call
1.74E+12,806,Join Call&&Leave Call
1.74E+12,1668,Join Call&&Leave Call
1.74E+12,1748,Join Call&&Leave Call
1.74E+12,576,Join Call&&Leave Call
1.74E+12,928,Create room
1.74E+12,406,Create room
1.74E+12,795,Create room
1.74E+12,194,Create room
1.74E+12,593,Join Call&&Leave Call
1.74E+12,1146,Join Call&&Leave Call
1.74E+12,317,Create room
1.74E+12,473,Create room
1.74E+12,1428,Create room
1.74E+12,330,Create room
1.74E+12,334,Create room
1.74E+12,333,Create room
1.74E+12,327,Create room
1.74E+12,326,Create room
1.74E+12,395,Create room
1.74E+12,490,Join Call&&Leave Call
1.74E+12,743,Create room
1.74E+12,742,Create room
1.74E+12,619,Join Call&&Leave Call
1.74E+12,761,Join Call&&Leave Call
1.74E+12,314,Join Call&&Leave Call
1.74E+12,774,Join Call&&Leave Call
1.74E+12,523,Join Call&&Leave Call
1.74E+12,490,Create room
1.74E+12,596,Create room
1.74E+12,1517,Create room
1.74E+12,913,Join Call&&Leave Call
1.74E+12,120,Create room
1.74E+12,793,Create room
1.74E+12,974,Join Call&&Leave Call
1.74E+12,1344,Create room
1.74E+12,1430,Join Call&&Leave Call
1.74E+12,598,Join Call&&Leave Call
1.74E+12,169,Join Call&&Leave Call
1.74E+12,1322,Create room
1.74E+12,1047,Join Call&&Leave Call
1.74E+12,868,Create room
1.74E+12,876,Create room
1.74E+12,1058,Create room
1.74E+12,107,Create room
1.74E+12,777,Join Call&&Leave Call
1.74E+12,224,Join Call&&Leave Call
1.74E+12,200,Join Call&&Leave Call
1.74E+12,1088,Join Call&&Leave Call
1.74E+12,450,Join Call&&Leave Call
1.74E+12,251,Create room
1.74E+12,642,Join Call&&Leave Call
1.74E+12,182,Join Call&&Leave Call
1.74E+12,584,Create room
1.74E+12,833,Join Call&&Leave Call
1.74E+12,818,Join Call&&Leave Call
1.74E+12,241,Create room
1.74E+12,619,Create room
1.74E+12,915,Create room
1.74E+12,616,Create room
1.74E+12,1730,Create room
1.74E+12,1040,Create room
1.74E+12,308,Join Call&&Leave Call
1.74E+12,110,Create room
1.74E+12,658,Create room
1.74E+12,885,Join Call&&Leave Call
1.74E+12,1511,Join Call&&Leave Call
1.74E+12,862,Create room
1.74E+12,987,Create room
1.74E+12,939,Create room
1.74E+12,2094,Join Call&&Leave Call
1.74E+12,1035,Create room
1.74E+12,724,Create room
1.74E+12,1038,Create room
1.74E+12,1014,Join Call&&Leave Call
1.74E+12,1562,Join Call&&Leave Call
1.74E+12,1046,Create room
1.74E+12,259,Create room
1.74E+12,1366,Join Call&&Leave Call
1.74E+12,1573,Create room
1.74E+12,1217,Join Call&&Leave Call
1.74E+12,176,Create room
1.74E+12,895,Join Call&&Leave Call
1.74E+12,890,Join Call&&Leave Call
1.74E+12,1084,Create room
1.74E+12,1868,Create room
1.74E+12,914,Create room
1.74E+12,310,Join Call&&Leave Call
1.74E+12,424,Create room
1.74E+12,330,Join Call&&Leave Call
1.74E+12,841,Join Call&&Leave Call
1.74E+12,411,Join Call&&Leave Call
1.74E+12,1689,Create room
1.74E+12,342,Create room
1.74E+12,1578,Create room
1.74E+12,448,Create room
1.74E+12,445,Create room
1.74E+12,1695,Join Call&&Leave Call
1.74E+12,341,Create room
1.74E+12,1358,Create room
1.74E+12,938,Join Call&&Leave Call
1.74E+12,2010,Create room
1.74E+12,510,Join Call&&Leave Call
1.74E+12,1763,Join Call&&Leave Call
1.74E+12,628,Join Call&&Leave Call
1.74E+12,624,Join Call&&Leave Call
1.74E+12,1206,Join Call&&Leave Call
1.74E+12,1053,Create room
1.74E+12,1215,Create room
1.74E+12,383,Create room
1.74E+12,535,Join Call&&Leave Call
1.74E+12,1780,Create room
1.74E+12,1104,Create room
1.74E+12,1358,Create room
1.74E+12,1422,Join Call&&Leave Call
1.74E+12,675,Join Call&&Leave Call
1.74E+12,599,Join Call&&Leave Call
1.74E+12,1390,Join Call&&Leave Call
1.74E+12,603,Join Call&&Leave Call
1.74E+12,555,Create room
1.74E+12,1390,Join Call&&Leave Call
1.74E+12,912,Join Call&&Leave Call
1.74E+12,1326,Create room
1.74E+12,639,Create room
1.74E+12,695,Join Call&&Leave Call
1.74E+12,2891,Join Call&&Leave Call
1.74E+12,1854,Join Call&&Leave Call
1.74E+12,1354,Create room
1.74E+12,321,Join Call&&Leave Call
1.74E+12,1244,Join Call&&Leave Call
1.74E+12,1159,Create room
1.74E+12,1594,Join Call&&Leave Call
1.74E+12,480,Create room
1.74E+12,664,Join Call&&Leave Call
1.74E+12,464,Join Call&&Leave Call
1.74E+12,2718,Join Call&&Leave Call
1.74E+12,1603,Join Call&&Leave Call
1.74E+12,444,Join Call&&Leave Call
1.74E+12,548,Join Call&&Leave Call
1.74E+12,1609,Join Call&&Leave Call
1.74E+12,1235,Join Call&&Leave Call
1.74E+12,441,Join Call&&Leave Call
1.74E+12,351,Create room
1.74E+12,498,Create room
1.74E+12,685,Create room
1.74E+12,766,Join Call&&Leave Call
1.74E+12,1257,Create room
1.74E+12,509,Create room
1.74E+12,601,Create room
1.74E+12,1175,Join Call&&Leave Call
1.74E+12,476,Create room
1.74E+12,849,Create room
1.74E+12,501,Join Call&&Leave Call
1.74E+12,626,Create room
1.74E+12,526,Create room
1.74E+12,824,Create room
1.74E+12,268,Create room
1.74E+12,694,Join Call&&Leave Call
1.74E+12,668,Join Call&&Leave Call
1.74E+12,635,Join Call&&Leave Call
1.74E+12,295,Join Call&&Leave Call
1.74E+12,783,Create room
1.74E+12,803,Join Call&&Leave Call
1.74E+12,268,Join Call&&Leave Call
1.74E+12,803,Join Call&&Leave Call
1.74E+12,468,Create room
1.74E+12,696,Create room
1.74E+12,369,Create room
1.74E+12,1006,Create room
1.74E+12,426,Create room
1.74E+12,566,Create room
1.74E+12,1571,Create room
1.74E+12,556,Create room
1.74E+12,970,Join Call&&Leave Call
1.74E+12,621,Join Call&&Leave Call
1.74E+12,1158,Join Call&&Leave Call
1.74E+12,772,Join Call&&Leave Call
1.74E+12,768,Create room
1.74E+12,487,Create room
1.74E+12,645,Create room
1.74E+12,570,Create room
1.74E+12,1674,Join Call&&Leave Call
1.74E+12,563,Create room
1.74E+12,261,Create room
1.74E+12,612,Join Call&&Leave Call
1.74E+12,614,Create room
1.74E+12,815,Create room
1.74E+12,847,Create room
1.74E+12,830,Join Call&&Leave Call
1.74E+12,1056,Join Call&&Leave Call
1.74E+12,1262,Join Call&&Leave Call
1.74E+12,1278,Create room
1.74E+12,915,Create room
1.74E+12,971,Create room
1.74E+12,1081,Join Call&&Leave Call
1.74E+12,428,Join Call&&Leave Call
1.74E+12,692,Create room
1.74E+12,792,Join Call&&Leave Call
1.74E+12,743,Create room
1.74E+12,762,Join Call&&Leave Call
1.74E+12,315,Create room
1.74E+12,941,Join Call&&Leave Call
1.74E+12,1067,Join Call&&Leave Call
1.74E+12,900,Join Call&&Leave Call
1.74E+12,739,Create room
1.74E+12,353,Create room
1.74E+12,1320,Create room
1.74E+12,906,Create room
1.74E+12,821,Join Call&&Leave Call
1.74E+12,1221,Join Call&&Leave Call
1.74E+12,852,Create room
1.74E+12,1307,Join Call&&Leave Call
1.74E+12,821,Create room
1.74E+12,585,Create room
1.74E+12,822,Create room
1.74E+12,832,Create room
1.74E+12,291,Create room
1.74E+12,822,Create room
1.74E+12,920,Create room
1.74E+12,609,Join Call&&Leave Call
1.74E+12,112,Create room
1.74E+12,1008,Join Call&&Leave Call
1.74E+12,1137,Join Call&&Leave Call
1.74E+12,1225,Join Call&&Leave Call
1.74E+12,887,Create room
1.74E+12,1195,Join Call&&Leave Call
1.74E+12,538,Create room
1.74E+12,445,Join Call&&Leave Call
1.74E+12,1304,Join Call&&Leave Call
1.74E+12,922,Join Call&&Leave Call
1.74E+12,973,Join Call&&Leave Call
1.74E+12,362,Join Call&&Leave Call
1.74E+12,451,Join Call&&Leave Call
1.74E+12,1276,Join Call&&Leave Call
1.74E+12,1130,Join Call&&Leave Call
1.74E+12,606,Join Call&&Leave Call
1.74E+12,1186,Join Call&&Leave Call
1.74E+12,391,Join Call&&Leave Call
1.74E+12,974,Create room
1.74E+12,930,Create room
1.74E+12,709,Create room
1.74E+12,583,Join Call&&Leave Call
1.74E+12,321,Create room
1.74E+12,591,Join Call&&Leave Call
1.74E+12,1220,Join Call&&Leave Call
1.74E+12,1197,Join Call&&Leave Call
1.74E+12,387,Join Call&&Leave Call
1.74E+12,1300,Join Call&&Leave Call
1.74E+12,522,Join Call&&Leave Call
1.74E+12,661,Join Call&&Leave Call
1.74E+12,382,Join Call&&Leave Call
1.74E+12,830,Join Call&&Leave Call
1.74E+12,376,Create room
1.74E+12,698,Join Call&&Leave Call
1.74E+12,681,Create room
1.74E+12,889,Join Call&&Leave Call
1.74E+12,754,Create room
1.74E+12,498,Create room
1.74E+12,454,Join Call&&Leave Call
1.74E+12,478,Create room
1.74E+12,835,Join Call&&Leave Call
1.74E+12,1200,Join Call&&Leave Call
1.74E+12,511,Create room
1.74E+12,403,Create room
1.74E+12,691,Create room
1.74E+12,1146,Create room
1.74E+12,1183,Join Call&&Leave Call
1.74E+12,1241,Join Call&&Leave Call
1.74E+12,535,Create room
1.74E+12,2212,Create room
1.74E+12,555,Join Call&&Leave Call
1.74E+12,1020,Join Call&&Leave Call
1.74E+12,821,Create room
1.74E+12,1224,Join Call&&Leave Call
1.74E+12,1741,Create room
1.74E+12,1264,Create room
1.74E+12,1323,Create room
1.74E+12,880,Create room
1.74E+12,602,Create room
1.74E+12,478,Create room
1.74E+12,1363,Join Call&&Leave Call
1.74E+12,552,Create room
1.74E+12,385,Create room
1.74E+12,950,Create room
1.74E+12,1033,Join Call&&Leave Call
1.74E+12,1351,Create room
1.74E+12,603,Create room
1.74E+12,820,Join Call&&Leave Call
1.74E+12,1023,Join Call&&Leave Call
1.74E+12,1421,Create room
1.74E+12,789,Join Call&&Leave Call
1.74E+12,622,Join Call&&Leave Call
1.74E+12,1447,Create room
1.74E+12,537,Create room
1.74E+12,1072,Create room
1.74E+12,435,Create room
1.74E+12,545,Create room
1.74E+12,620,Create room
1.74E+12,369,Create room
1.74E+12,1080,Join Call&&Leave Call
1.74E+12,418,Create room
1.74E+12,358,Create room
1.74E+12,555,Create room
1.74E+12,687,Create room
1.74E+12,1623,Join Call&&Leave Call
1.74E+12,1176,Join Call&&Leave Call
1.74E+12,434,Join Call&&Leave Call
1.74E+12,428,Join Call&&Leave Call
1.74E+12,731,Create room
1.74E+12,163,Create room
1.74E+12,1675,Join Call&&Leave Call
1.74E+12,446,Create room
1.74E+12,974,Join Call&&Leave Call
1.74E+12,425,Create room
1.74E+12,684,Create room
1.74E+12,691,Create room
1.74E+12,325,Create room
1.74E+12,770,Create room
1.74E+12,529,Create room
1.74E+12,849,Join Call&&Leave Call
1.74E+12,725,Join Call&&Leave Call
1.74E+12,550,Create room
1.74E+12,756,Create room
1.74E+12,685,Create room
1.74E+12,915,Join Call&&Leave Call
1.74E+12,891,Join Call&&Leave Call
1.74E+12,271,Create room
1.74E+12,900,Create room
1.74E+12,1387,Join Call&&Leave Call
1.74E+12,222,Create room
1.74E+12,1538,Join Call&&Leave Call
1.74E+12,595,Create room
1.74E+12,552,Join Call&&Leave Call
1.74E+12,984,Join Call&&Leave Call
1.74E+12,365,Join Call&&Leave Call
1.74E+12,974,Join Call&&Leave Call
1.74E+12,574,Join Call&&Leave Call
1.74E+12,504,Join Call&&Leave Call
1.74E+12,983,Join Call&&Leave Call
1.74E+12,390,Create room
1.74E+12,693,Join Call&&Leave Call
1.74E+12,1023,Join Call&&Leave Call
1.74E+12,900,Join Call&&Leave Call
1.74E+12,1537,Join Call&&Leave Call
1.74E+12,820,Create room
1.74E+12,558,Create room
1.74E+12,1018,Create room
1.74E+12,963,Join Call&&Leave Call
1.74E+12,976,Create room
1.74E+12,491,Create room
1.74E+12,1037,Create room
1.74E+12,999,Create room
1.74E+12,1003,Create room
1.74E+12,806,Join Call&&Leave Call
1.74E+12,1200,Join Call&&Leave Call
1.74E+12,823,Join Call&&Leave Call
1.74E+12,377,Create room
1.74E+12,398,Create room
1.74E+12,339,Join Call&&Leave Call
1.74E+12,361,Join Call&&Leave Call
1.74E+12,1109,Create room
1.74E+12,507,Join Call&&Leave Call
1.74E+12,1182,Join Call&&Leave Call
1.74E+12,1222,Join Call&&Leave Call
1.74E+12,735,Join Call&&Leave Call
1.74E+12,460,Create room
1.74E+12,1430,Create room
1.74E+12,578,Join Call&&Leave Call
1.74E+12,527,Join Call&&Leave Call
1.74E+12,583,Join Call&&Leave Call
1.74E+12,990,Create room
1.74E+12,530,Create room
1.74E+12,718,Join Call&&Leave Call
1.74E+12,955,Join Call&&Leave Call
1.74E+12,306,Create room
1.74E+12,735,Join Call&&Leave Call
1.74E+12,963,Join Call&&Leave Call
1.74E+12,1517,Join Call&&Leave Call
1.74E+12,269,Create room
1.74E+12,355,Create room
1.74E+12,472,Create room
1.74E+12,1083,Create room
1.74E+12,549,Create room
1.74E+12,429,Create room
1.74E+12,300,Create room
1.74E+12,1206,Create room
1.74E+12,707,Create room
1.74E+12,448,Create room
1.74E+12,690,Create room
1.74E+12,1409,Create room
1.74E+12,696,Create room
1.74E+12,353,Create room
1.74E+12,1556,Create room
1.74E+12,759,Join Call&&Leave Call
1.74E+12,869,Join Call&&Leave Call
1.74E+12,2050,Join Call&&Leave Call
1.74E+12,635,Create room
1.74E+12,606,Create room
1.74E+12,1018,Join Call&&Leave Call
1.74E+12,1166,Join Call&&Leave Call
1.74E+12,1644,Join Call&&Leave Call
1.74E+12,1021,Join Call&&Leave Call
1.74E+12,544,Create room
1.74E+12,545,Create room
1.74E+12,340,Create room
1.74E+12,353,Create room
1.74E+12,1011,Join Call&&Leave Call
1.74E+12,1194,Join Call&&Leave Call
1.74E+12,1913,Join Call&&Leave Call
1.74E+12,479,Create room
1.74E+12,1651,Create room
1.74E+12,860,Join Call&&Leave Call
1.74E+12,667,Join Call&&Leave Call
1.74E+12,2234,Create room
1.74E+12,840,Join Call&&Leave Call
1.74E+12,1681,Join Call&&Leave Call
1.74E+12,690,Join Call&&Leave Call
1.74E+12,1510,Join Call&&Leave Call
1.74E+12,505,Create room
1.74E+12,1425,Join Call&&Leave Call
1.74E+12,1564,Join Call&&Leave Call
1.74E+12,1778,Join Call&&Leave Call
1.74E+12,699,Create room
1.74E+12,1053,Join Call&&Leave Call
1.74E+12,880,Join Call&&Leave Call
1.74E+12,933,Create room
1.74E+12,1094,Join Call&&Leave Call
1.74E+12,1591,Join Call&&Leave Call
1.74E+12,1588,Join Call&&Leave Call
1.74E+12,1869,Create room
1.74E+12,651,Create room
1.74E+12,330,Create room
1.74E+12,1936,Join Call&&Leave Call
1.74E+12,350,Create room
1.74E+12,641,Create room
1.74E+12,1002,Create room
1.74E+12,1605,Join Call&&Leave Call
1.74E+12,1241,Join Call&&Leave Call
1.74E+12,647,Join Call&&Leave Call
1.74E+12,1004,Create room
1.74E+12,875,Join Call&&Leave Call
1.74E+12,980,Create room
1.74E+12,1031,Create room
1.74E+12,753,Create room
1.74E+12,1115,Join Call&&Leave Call
1.74E+12,277,Join Call&&Leave Call
1.74E+12,279,Create room
1.74E+12,990,Join Call&&Leave Call
1.74E+12,891,Join Call&&Leave Call
1.74E+12,307,Create room
1.74E+12,799,Join Call&&Leave Call
1.74E+12,647,Join Call&&Leave Call
1.74E+12,359,Create room
1.74E+12,1449,Join Call&&Leave Call
1.74E+12,1231,Create room
1.74E+12,463,Create room
1.74E+12,897,Join Call&&Leave Call
1.74E+12,1017,Join Call&&Leave Call
1.74E+12,416,Create room
1.74E+12,521,Create room
1.74E+12,1220,Join Call&&Leave Call
1.74E+12,683,Join Call&&Leave Call
1.74E+12,1854,Create room
1.74E+12,1028,Join Call&&Leave Call
1.74E+12,978,Join Call&&Leave Call
1.74E+12,843,Create room
1.74E+12,513,Join Call&&Leave Call
1.74E+12,792,Join Call&&Leave Call
1.74E+12,618,Create room
1.74E+12,568,Create room
1.74E+12,143,Create room
1.74E+12,569,Create room
1.74E+12,887,Join Call&&Leave Call
1.74E+12,1339,Create room
1.74E+12,1016,Join Call&&Leave Call
1.74E+12,1336,Create room
1.74E+12,1501,Join Call&&Leave Call
1.74E+12,1153,Join Call&&Leave Call
1.74E+12,1029,Join Call&&Leave Call
1.74E+12,273,Create room
1.74E+12,560,Create room
1.74E+12,752,Create room
1.74E+12,2352,Join Call&&Leave Call
1.74E+12,477,Create room
1.74E+12,978,Join Call&&Leave Call
1.74E+12,2012,Join Call&&Leave Call
1.74E+12,1013,Join Call&&Leave Call
1.74E+12,1887,Join Call&&Leave Call
1.74E+12,776,Create room
1.74E+12,499,Create room
1.74E+12,1053,Join Call&&Leave Call
1.74E+12,674,Create room
1.74E+12,280,Join Call&&Leave Call
1.74E+12,550,Join Call&&Leave Call
1.74E+12,1687,Join Call&&Leave Call
1.74E+12,775,Join Call&&Leave Call
1.74E+12,1045,Join Call&&Leave Call
1.74E+12,1748,Join Call&&Leave Call
1.74E+12,1273,Create room
1.74E+12,847,Join Call&&Leave Call
1.74E+12,2046,Join Call&&Leave Call
1.74E+12,1511,Join Call&&Leave Call
1.74E+12,216,Join Call&&Leave Call
1.74E+12,528,Create room
1.74E+12,1167,Create room
1.74E+12,513,Join Call&&Leave Call
1.74E+12,1524,Join Call&&Leave Call
1.74E+12,249,Join Call&&Leave Call
1.74E+12,1376,Join Call&&Leave Call
1.74E+12,1477,Join Call&&Leave Call
1.74E+12,1185,Join Call&&Leave Call
1.74E+12,1676,Join Call&&Leave Call
1.74E+12,558,Create room
1.74E+12,1758,Join Call&&Leave Call
1.74E+12,577,Join Call&&Leave Call
1.74E+12,296,Join Call&&Leave Call
1.74E+12,627,Join Call&&Leave Call
1.74E+12,318,Create room
1.74E+12,597,Create room
1.74E+12,689,Create room
1.74E+12,664,Create room
1.74E+12,1084,Join Call&&Leave Call
1.74E+12,2642,Join Call&&Leave Call
1.74E+12,554,Create room
1.74E+12,653,Create room
1.74E+12,982,Create room
1.74E+12,364,Create room
1.74E+12,1018,Join Call&&Leave Call
1.74E+12,720,Create room
1.74E+12,583,Join Call&&Leave Call
1.74E+12,584,Join Call&&Leave Call
1.74E+12,817,Join Call&&Leave Call
1.74E+12,1125,Join Call&&Leave Call
1.74E+12,757,Create room
1.74E+12,1405,Join Call&&Leave Call
1.74E+12,918,Join Call&&Leave Call
1.74E+12,457,Join Call&&Leave Call
1.74E+12,456,Create room
1.74E+12,1426,Join Call&&Leave Call
1.74E+12,845,Create room
1.74E+12,660,Join Call&&Leave Call
1.74E+12,700,Create room
1.74E+12,221,Create room
1.74E+12,460,Join Call&&Leave Call
1.74E+12,1146,Join Call&&Leave Call
1.74E+12,803,Join Call&&Leave Call
1.74E+12,327,Create room
1.74E+12,470,Join Call&&Leave Call
1.74E+12,1215,Join Call&&Leave Call
1.74E+12,843,Join Call&&Leave Call
1.74E+12,695,Create room
1.74E+12,956,Create room
1.74E+12,218,Create room
1.74E+12,449,Create room
1.74E+12,349,Create room
1.74E+12,437,Create room
1.74E+12,847,Join Call&&Leave Call
1.74E+12,423,Create room
1.74E+12,538,Create room
1.74E+12,989,Create room
1.74E+12,853,Create room
1.74E+12,450,Create room
1.74E+12,1687,Create room
1.74E+12,1017,Create room
1.74E+12,513,Create room
1.74E+12,383,Create room
1.74E+12,1342,Join Call&&Leave Call
1.74E+12,624,Create room
1.74E+12,448,Join Call&&Leave Call
1.74E+12,455,Join Call&&Leave Call
1.74E+12,1061,Create room
1.74E+12,912,Create room
1.74E+12,897,Create room
1.74E+12,1326,Join Call&&Leave Call
1.74E+12,637,Join Call&&Leave Call
1.74E+12,339,Join Call&&Leave Call
1.74E+12,1165,Create room
1.74E+12,850,Create room
1.74E+12,681,Create room
1.74E+12,390,Join Call&&Leave Call
1.74E+12,537,Create room
1.74E+12,1117,Join Call&&Leave Call
1.74E+12,1155,Create room
1.74E+12,1108,Join Call&&Leave Call
1.74E+12,696,Create room
1.74E+12,692,Join Call&&Leave Call
1.74E+12,1164,Join Call&&Leave Call
1.74E+12,458,Join Call&&Leave Call
1.74E+12,562,Create room
1.74E+12,423,Create room
1.74E+12,660,Create room
1.74E+12,386,Create room
1.74E+12,1237,Create room
1.74E+12,1999,Create room
1.74E+12,475,Join Call&&Leave Call
1.74E+12,770,Create room
1.74E+12,795,Create room
1.74E+12,664,Join Call&&Leave Call
1.74E+12,1105,Join Call&&Leave Call
1.74E+12,211,Join Call&&Leave Call
1.74E+12,1250,Join Call&&Leave Call
1.74E+12,1233,Join Call&&Leave Call
1.74E+12,410,Create room
1.74E+12,439,Create room
1.74E+12,461,Create room
1.74E+12,713,Create room
1.74E+12,1255,Join Call&&Leave Call
1.74E+12,761,Create room
1.74E+12,510,Create room
1.74E+12,558,Create room
1.74E+12,803,Create room
1.74E+12,784,Create room
1.74E+12,789,Create room
1.74E+12,569,Create room
1.74E+12,874,Create room
1.74E+12,893,Join Call&&Leave Call
1.74E+12,1772,Join Call&&Leave Call
1.74E+12,1796,Join Call&&Leave Call
1.74E+12,398,Create room
1.74E+12,749,Join Call&&Leave Call
1.74E+12,901,Create room
1.74E+12,577,Join Call&&Leave Call
1.74E+12,923,Create room
1.74E+12,643,Create room
1.74E+12,703,Create room
1.74E+12,932,Join Call&&Leave Call
1.74E+12,993,Create room
1.74E+12,936,Create room
1.74E+12,657,Join Call&&Leave Call
1.74E+12,689,Join Call&&Leave Call
1.74E+12,433,Create room
1.74E+12,1080,Join Call&&Leave Call
1.74E+12,676,Create room
1.74E+12,671,Join Call&&Leave Call
1.74E+12,516,Join Call&&Leave Call
1.74E+12,601,Join Call&&Leave Call
1.74E+12,353,Join Call&&Leave Call
1.74E+12,727,Join Call&&Leave Call
1.74E+12,476,Join Call&&Leave Call
1.74E+12,711,Join Call&&Leave Call
1.74E+12,571,Join Call&&Leave Call
1.74E+12,313,Join Call&&Leave Call
1.74E+12,775,Join Call&&Leave Call
1.74E+12,1117,Create room
1.74E+12,122,Create room
1.74E+12,1067,Join Call&&Leave Call
1.74E+12,865,Join Call&&Leave Call
1.74E+12,556,Join Call&&Leave Call
1.74E+12,522,Join Call&&Leave Call
1.74E+12,1150,Join Call&&Leave Call
1.74E+12,822,Create room
1.74E+12,393,Create room
1.74E+12,540,Create room
1.74E+12,255,Join Call&&Leave Call
1.74E+12,933,Create room
1.74E+12,475,Create room
1.74E+12,604,Create room
1.74E+12,473,Join Call&&Leave Call
1.74E+12,460,Join Call&&Leave Call
1.74E+12,502,Create room
1.74E+12,903,Create room
1.74E+12,921,Create room
1.74E+12,749,Join Call&&Leave Call
1.74E+12,367,Create room
1.74E+12,934,Join Call&&Leave Call
1.74E+12,536,Create room
1.74E+12,842,Join Call&&Leave Call
1.74E+12,1783,Join Call&&Leave Call
1.74E+12,585,Create room
1.74E+12,1280,Join Call&&Leave Call
1.74E+12,1337,Join Call&&Leave Call
1.74E+12,426,Create room
1.74E+12,1298,Create room
1.74E+12,967,Create room
1.74E+12,1305,Create room
1.74E+12,630,Join Call&&Leave Call
1.74E+12,816,Join Call&&Leave Call
1.74E+12,494,Create room
1.74E+12,1453,Join Call&&Leave Call
1.74E+12,1773,Join Call&&Leave Call
1.74E+12,222,Create room
1.74E+12,127,Create room
1.74E+12,920,Join Call&&Leave Call
1.74E+12,478,Join Call&&Leave Call
1.74E+12,1213,Join Call&&Leave Call
1.74E+12,887,Join Call&&Leave Call
1.74E+12,202,Create room
1.74E+12,398,Create room
1.74E+12,239,Create room
1.74E+12,434,Create room
1.74E+12,306,Join Call&&Leave Call
1.74E+12,805,Join Call&&Leave Call
1.74E+12,997,Join Call&&Leave Call
1.74E+12,550,Join Call&&Leave Call
1.74E+12,934,Join Call&&Leave Call
1.74E+12,428,Create room
1.74E+12,266,Join Call&&Leave Call
1.74E+12,926,Join Call&&Leave Call
1.74E+12,288,Create room
1.74E+12,189,Create room
1.74E+12,639,Join Call&&Leave Call
1.74E+12,986,Join Call&&Leave Call
1.74E+12,570,Join Call&&Leave Call
1.74E+12,496,Create room
1.74E+12,535,Create room
1.74E+12,383,Join Call&&Leave Call
1.74E+12,552,Create room
1.74E+12,655,Join Call&&Leave Call
1.74E+12,120,Create room
1.74E+12,93,Create room
1.74E+12,899,Join Call&&Leave Call
1.74E+12,568,Join Call&&Leave Call
1.74E+12,180,Create room
1.74E+12,159,Create room
1.74E+12,602,Create room
1.74E+12,228,Create room
1.74E+12,169,Create room
1.74E+12,397,Create room
1.74E+12,383,Join Call&&Leave Call
1.74E+12,657,Create room
1.74E+12,233,Create room
1.74E+12,914,Join Call&&Leave Call
1.74E+12,330,Join Call&&Leave Call
1.74E+12,155,Create room
1.74E+12,83,Create room
1.74E+12,1310,Join Call&&Leave Call
1.74E+12,417,Create room
1.74E+12,141,Create room
1.74E+12,65,Create room
1.74E+12,602,Join Call&&Leave Call
1.74E+12,481,Join Call&&Leave Call
1.74E+12,365,Create room
1.74E+12,706,Create room
1.74E+12,920,Join Call&&Leave Call
1.74E+12,1382,Join Call&&Leave Call
1.74E+12,404,Join Call&&Leave Call
1.74E+12,304,Join Call&&Leave Call
1.74E+12,377,Join Call&&Leave Call
1.74E+12,534,Join Call&&Leave Call
1.74E+12,451,Create room
1.74E+12,166,Create room
1.74E+12,116,Create room
1.74E+12,482,Create room
1.74E+12,1299,Join Call&&Leave Call
1.74E+12,718,Join Call&&Leave Call
1.74E+12,130,Create room
1.74E+12,486,Join Call&&Leave Call
1.74E+12,442,Create room
1.74E+12,401,Create room
1.74E+12,225,Create room
1.74E+12,298,Join Call&&Leave Call
1.74E+12,259,Create room
1.74E+12,380,Create room
1.74E+12,294,Join Call&&Leave Call
1.74E+12,240,Create room
1.74E+12,498,Join Call&&Leave Call
1.74E+12,562,Join Call&&Leave Call
1.74E+12,358,Join Call&&Leave Call
1.74E+12,259,Create room
1.74E+12,458,Create room
1.74E+12,473,Join Call&&Leave Call
1.74E+12,246,Create room
1.74E+12,197,Join Call&&Leave Call
1.74E+12,397,Join Call&&Leave Call
1.74E+12,1089,Join Call&&Leave Call
1.74E+12,867,Join Call&&Leave Call
1.74E+12,501,Join Call&&Leave Call
1.74E+12,277,Create room
1.74E+12,130,Create room
1.74E+12,171,Create room
1.74E+12,205,Join Call&&Leave Call
1.74E+12,195,Join Call&&Leave Call
1.74E+12,316,Join Call&&Leave Call
1.74E+12,486,Join Call&&Leave Call
1.74E+12,180,Create room
1.74E+12,266,Join Call&&Leave Call
1.74E+12,175,Create room
1.74E+12,480,Join Call&&Leave Call
1.74E+12,609,Join Call&&Leave Call
1.74E+12,182,Create room
1.74E+12,459,Create room
1.74E+12,491,Join Call&&Leave Call
1.74E+12,147,Create room
1.74E+12,415,Create room
1.74E+12,820,Join Call&&Leave Call
1.74E+12,491,Join Call&&Leave Call
1.74E+12,511,Join Call&&Leave Call
1.74E+12,621,Join Call&&Leave Call
1.74E+12,502,Join Call&&Leave Call
1.74E+12,619,Join Call&&Leave Call
1.74E+12,709,Join Call&&Leave Call
1.74E+12,612,Join Call&&Leave Call
1.74E+12,785,Join Call&&Leave Call
1.74E+12,244,Join Call&&Leave Call
1.74E+12,287,Join Call&&Leave Call
1.74E+12,568,Join Call&&Leave Call
1.74E+12,372,Create room
1.74E+12,165,Create room
1.74E+12,140,Create room
1.74E+12,159,Create room
1.74E+12,264,Create room
1.74E+12,191,Create room
1.74E+12,308,Create room
1.74E+12,268,Create room
1.74E+12,161,Create room
1.74E+12,274,Create room
1.74E+12,744,Join Call&&Leave Call
1.74E+12,814,Join Call&&Leave Call
1.74E+12,237,Create room
1.74E+12,265,Create room
1.74E+12,410,Create room
1.74E+12,507,Create room
1.74E+12,528,Create room
1.74E+12,1231,Join Call&&Leave Call
1.74E+12,170,Create room
1.74E+12,580,Join Call&&Leave Call
1.74E+12,341,Join Call&&Leave Call
1.74E+12,1209,Join Call&&Leave Call
1.74E+12,245,Create room
1.74E+12,478,Join Call&&Leave Call
1.74E+12,341,Join Call&&Leave Call
1.74E+12,423,Join Call&&Leave Call
1.74E+12,344,Join Call&&Leave Call
1.74E+12,320,Create room
1.74E+12,359,Join Call&&Leave Call
1.74E+12,1331,Join Call&&Leave Call
1.74E+12,227,Join Call&&Leave Call
1.74E+12,155,Create room
1.74E+12,173,Join Call&&Leave Call
1.74E+12,229,Create room
1.74E+12,224,Create room
1.74E+12,603,Join Call&&Leave Call
1.74E+12,729,Join Call&&Leave Call
1.74E+12,420,Create room
1.74E+12,137,Create room
1.74E+12,320,Join Call&&Leave Call
1.74E+12,335,Join Call&&Leave Call
1.74E+12,458,Join Call&&Leave Call
1.74E+12,372,Join Call&&Leave Call
1.74E+12,593,Join Call&&Leave Call
1.74E+12,453,Create room
1.74E+12,117,Create room
1.74E+12,487,Create room
1.74E+12,859,Join Call&&Leave Call
1.74E+12,151,Create room
1.74E+12,128,Create room
1.74E+12,211,Create room
1.74E+12,500,Create room
1.74E+12,514,Create room
1.74E+12,439,Join Call&&Leave Call
1.74E+12,530,Create room
1.74E+12,190,Join Call&&Leave Call
1.74E+12,276,Create room
1.74E+12,437,Join Call&&Leave Call
1.74E+12,401,Join Call&&Leave Call
1.74E+12,572,Join Call&&Leave Call
1.74E+12,297,Join Call&&Leave Call
1.74E+12,240,Create room
1.74E+12,304,Create room
1.74E+12,162,Join Call&&Leave Call
1.74E+12,587,Create room
1.74E+12,177,Create room
1.74E+12,116,Create room
1.74E+12,514,Join Call&&Leave Call
1.74E+12,1482,Join Call&&Leave Call
1.74E+12,473,Join Call&&Leave Call
1.74E+12,380,Create room
1.74E+12,77,Create room
1.74E+12,625,Create room
1.74E+12,333,Create room
1.74E+12,229,Create room
1.74E+12,231,Create room
1.74E+12,280,Create room
1.74E+12,154,Join Call&&Leave Call
1.74E+12,77,Create room
1.74E+12,90,Create room
1.74E+12,266,Join Call&&Leave Call
1.74E+12,251,Join Call&&Leave Call
1.74E+12,177,Join Call&&Leave Call
1.74E+12,1066,Join Call&&Leave Call
1.74E+12,463,Join Call&&Leave Call
1.74E+12,222,Create room
1.74E+12,256,Create room
1.74E+12,243,Create room
1.74E+12,828,Join Call&&Leave Call
1.74E+12,236,Create room
1.74E+12,363,Create room
1.74E+12,637,Create room
1.74E+12,232,Join Call&&Leave Call
1.74E+12,211,Create room
1.74E+12,392,Create room
1.74E+12,206,Join Call&&Leave Call
1.74E+12,337,Join Call&&Leave Call
1.74E+12,370,Join Call&&Leave Call
1.74E+12,288,Join Call&&Leave Call
1.74E+12,907,Create room
1.74E+12,78,Create room
1.74E+12,243,Join Call&&Leave Call
1.74E+12,509,Join Call&&Leave Call
1.74E+12,379,Join Call&&Leave Call
1.74E+12,754,Create room
1.74E+12,466,Join Call&&Leave Call
1.74E+12,364,Join Call&&Leave Call
1.74E+12,168,Create room
1.74E+12,108,Create room
1.74E+12,86,Create room
1.74E+12,211,Create room
1.74E+12,105,Create room
1.74E+12,255,Create room
1.74E+12,160,Create room
1.74E+12,291,Create room
1.74E+12,1023,Create room
1.74E+12,131,Create room
1.74E+12,887,Join Call&&Leave Call
1.74E+12,224,Join Call&&Leave Call
1.74E+12,918,Join Call&&Leave Call
1.74E+12,552,Join Call&&Leave Call
1.74E+12,251,Join Call&&Leave Call
1.74E+12,280,Join Call&&Leave Call
1.74E+12,298,Join Call&&Leave Call
1.74E+12,441,Join Call&&Leave Call
1.74E+12,600,Join Call&&Leave Call
1.74E+12,716,Join Call&&Leave Call
1.74E+12,973,Join Call&&Leave Call
1.74E+12,452,Join Call&&Leave Call
1.74E+12,468,Join Call&&Leave Call
1.74E+12,308,Join Call&&Leave Call
1.74E+12,399,Join Call&&Leave Call
1.74E+12,1404,Join Call&&Leave Call
1.74E+12,268,Join Call&&Leave Call
1.74E+12,577,Create room
1.74E+12,424,Create room
1.74E+12,208,Create room
1.74E+12,217,Create room
1.74E+12,404,Create room
1.74E+12,788,Join Call&&Leave Call
1.74E+12,643,Join Call&&Leave Call
1.74E+12,461,Join Call&&Leave Call
1.74E+12,276,Join Call&&Leave Call
1.74E+12,369,Join Call&&Leave Call
1.74E+12,660,Create room
1.74E+12,1160,Join Call&&Leave Call
1.74E+12,401,Join Call&&Leave Call
1.74E+12,535,Join Call&&Leave Call
1.74E+12,273,Create room
1.74E+12,1093,Join Call&&Leave Call
1.74E+12,177,Create room
1.74E+12,306,Create room
1.74E+12,158,Create room
1.74E+12,640,Join Call&&Leave Call
1.74E+12,338,Join Call&&Leave Call
1.74E+12,242,Create room
1.74E+12,775,Join Call&&Leave Call
1.74E+12,600,Create room
1.74E+12,416,Join Call&&Leave Call
1.74E+12,163,Create room
1.74E+12,168,Create room
1.74E+12,322,Create room
1.74E+12,171,Create room
1.74E+12,421,Join Call&&Leave Call
1.74E+12,496,Join Call&&Leave Call
1.74E+12,316,Create room
1.74E+12,419,Join Call&&Leave Call
1.74E+12,332,Create room
1.74E+12,464,Join Call&&Leave Call
1.74E+12,229,Join Call&&Leave Call
1.74E+12,203,Join Call&&Leave Call
1.74E+12,76,Create room
1.74E+12,464,Join Call&&Leave Call
1.74E+12,304,Join Call&&Leave Call
1.74E+12,108,Create room
1.74E+12,394,Create room
1.74E+12,402,Create room
1.74E+12,1373,Join Call&&Leave Call
1.74E+12,398,Create room
1.74E+12,411,Create room
1.74E+12,409,Create room
1.74E+12,208,Create room
1.74E+12,447,Create room
1.74E+12,477,Create room
1.74E+12,236,Create room
1.74E+12,248,Join Call&&Leave Call
1.74E+12,132,Join Call&&Leave Call
1.74E+12,221,Join Call&&Leave Call
1.74E+12,548,Create room
1.74E+12,120,Create room
1.74E+12,356,Create room
1.74E+12,465,Create room
1.74E+12,642,Join Call&&Leave Call
1.74E+12,69,Create room
1.74E+12,614,Join Call&&Leave Call
1.74E+12,225,Create room
1.74E+12,541,Join Call&&Leave Call
1.74E+12,538,Join Call&&Leave Call
1.74E+12,639,Create room
1.74E+12,292,Join Call&&Leave Call
1.74E+12,346,Create room
1.74E+12,225,Join Call&&Leave Call
1.74E+12,571,Create room
1.74E+12,145,Create room
1.74E+12,297,Create room
1.74E+12,570,Create room
1.74E+12,366,Join Call&&Leave Call
1.74E+12,370,Create room
1.74E+12,292,Join Call&&Leave Call
1.74E+12,739,Create room
1.74E+12,739,Create room
1.74E+12,351,Join Call&&Leave Call
1.74E+12,657,Create room
1.74E+12,230,Create room
1.74E+12,289,Join Call&&Leave Call
1.74E+12,280,Create room
1.74E+12,470,Create room
1.74E+12,907,Join Call&&Leave Call
1.74E+12,502,Join Call&&Leave Call
1.74E+12,579,Join Call&&Leave Call
1.74E+12,673,Join Call&&Leave Call
1.74E+12,384,Join Call&&Leave Call
1.74E+12,625,Join Call&&Leave Call
1.74E+12,192,Create room
1.74E+12,96,Create room
1.74E+12,125,Create room
1.74E+12,433,Join Call&&Leave Call
1.74E+12,511,Create room
1.74E+12,360,Join Call&&Leave Call
1.74E+12,170,Join Call&&Leave Call
1.74E+12,563,Join Call&&Leave Call
1.74E+12,203,Join Call&&Leave Call
1.74E+12,1005,Join Call&&Leave Call
1.74E+12,300,Join Call&&Leave Call
1.74E+12,620,Create room
1.74E+12,458,Join Call&&Leave Call
1.74E+12,456,Join Call&&Leave Call
1.74E+12,334,Create room
1.74E+12,421,Create room
1.74E+12,243,Create room
1.74E+12,726,Join Call&&Leave Call
1.74E+12,164,Create room
1.74E+12,165,Create room
1.74E+12,481,Join Call&&Leave Call
1.74E+12,356,Join Call&&Leave Call
1.74E+12,389,Join Call&&Leave Call
1.74E+12,843,Join Call&&Leave Call
1.74E+12,341,Create room
1.74E+12,78,Create room
1.74E+12,304,Join Call&&Leave Call
1.74E+12,383,Join Call&&Leave Call
1.74E+12,204,Create room
1.74E+12,487,Join Call&&Leave Call
1.74E+12,214,Create room
1.74E+12,395,Join Call&&Leave Call
1.74E+12,220,Create room
1.74E+12,671,Join Call&&Leave Call
1.74E+12,718,Create room
1.74E+12,146,Create room
1.74E+12,429,Join Call&&Leave Call
1.74E+12,796,Join Call&&Leave Call
1.74E+12,1212,Join Call&&Leave Call
1.74E+12,1063,Join Call&&Leave Call
1.74E+12,1041,Join Call&&Leave Call
1.74E+12,1123,Create room
1.74E+12,135,Create room
1.74E+12,192,Create room
1.74E+12,719,Join Call&&Leave Call
1.74E+12,300,Join Call&&Leave Call
1.74E+12,626,Join Call&&Leave Call
1.74E+12,448,Join Call&&Leave Call
1.74E+12,314,Join Call&&Leave Call
1.74E+12,594,Create room
1.74E+12,165,Create room
1.74E+12,598,Create room
1.74E+12,400,Join Call&&Leave Call
1.74E+12,269,Create room
1.74E+12,167,Create room
1.74E+12,351,Create room
1.74E+12,266,Create room
1.74E+12,477,Join Call&&Leave Call
1.74E+12,230,Create room
1.74E+12,478,Join Call&&Leave Call
1.74E+12,113,Create room
1.74E+12,443,Create room
1.74E+12,336,Create room
1.74E+12,447,Join Call&&Leave Call
1.74E+12,308,Join Call&&Leave Call
1.74E+12,311,Create room
1.74E+12,248,Create room
1.74E+12,496,Join Call&&Leave Call
1.74E+12,166,Create room
1.74E+12,251,Create room
1.74E+12,143,Create room
1.74E+12,345,Create room
1.74E+12,401,Join Call&&Leave Call
1.74E+12,112,Create room
1.74E+12,269,Create room
1.74E+12,478,Join Call&&Leave Call
1.74E+12,113,Create room
1.74E+12,484,Join Call&&Leave Call
1.74E+12,404,Create room
1.74E+12,353,Create room
1.74E+12,274,Join Call&&Leave Call
1.74E+12,176,Create room
1.74E+12,482,Join Call&&Leave Call
1.74E+12,172,Join Call&&Leave Call
1.74E+12,460,Create room
1.74E+12,475,Join Call&&Leave Call
1.74E+12,304,Join Call&&Leave Call
1.74E+12,534,Create room
1.74E+12,480,Create room
1.74E+12,232,Join Call&&Leave Call
1.74E+12,1273,Join Call&&Leave Call
1.74E+12,570,Create room
1.74E+12,300,Join Call&&Leave Call
1.74E+12,264,Join Call&&Leave Call
1.74E+12,188,Create room
1.74E+12,559,Join Call&&Leave Call
1.74E+12,442,Join Call&&Leave Call
1.74E+12,502,Join Call&&Leave Call
1.74E+12,207,Join Call&&Leave Call
1.74E+12,597,Join Call&&Leave Call
1.74E+12,257,Join Call&&Leave Call
1.74E+12,648,Join Call&&Leave Call
1.74E+12,588,Create room
1.74E+12,150,Create room
1.74E+12,620,Join Call&&Leave Call
1.74E+12,539,Create room
1.74E+12,99,Create room
1.74E+12,608,Create room
1.74E+12,84,Create room
1.74E+12,179,Join Call&&Leave Call
1.74E+12,222,Create room
1.74E+12,129,Create room
1.74E+12,236,Create room
1.74E+12,280,Create room
1.74E+12,620,Create room
1.74E+12,81,Create room
1.74E+12,140,Create room
1.74E+12,127,Create room
1.74E+12,753,Create room
1.74E+12,794,Join Call&&Leave Call
1.74E+12,139,Create room
1.74E+12,122,Create room
1.74E+12,614,Join Call&&Leave Call
1.74E+12,135,Join Call&&Leave Call
1.74E+12,725,Join Call&&Leave Call
1.74E+12,276,Create room
1.74E+12,389,Join Call&&Leave Call
1.74E+12,488,Join Call&&Leave Call
1.74E+12,331,Create room
1.74E+12,280,Join Call&&Leave Call
1.74E+12,422,Create room
1.74E+12,215,Create room
1.74E+12,722,Join Call&&Leave Call
1.74E+12,950,Create room
1.74E+12,918,Join Call&&Leave Call
1.74E+12,563,Join Call&&Leave Call
1.74E+12,492,Join Call&&Leave Call
1.74E+12,818,Join Call&&Leave Call
1.74E+12,862,Join Call&&Leave Call
1.74E+12,350,Create room
1.74E+12,335,Create room
1.74E+12,733,Join Call&&Leave Call
1.74E+12,526,Join Call&&Leave Call
1.74E+12,129,Create room
1.74E+12,299,Join Call&&Leave Call
1.74E+12,412,Join Call&&Leave Call
1.74E+12,734,Join Call&&Leave Call
1.74E+12,95,Create room
1.74E+12,107,Create room
1.74E+12,145,Create room
1.74E+12,209,Create room
1.74E+12,213,Create room
1.74E+12,839,Join Call&&Leave Call
1.74E+12,361,Join Call&&Leave Call
1.74E+12,277,Join Call&&Leave Call
1.74E+12,195,Create room
1.74E+12,820,Create room
1.74E+12,533,Join Call&&Leave Call
1.74E+12,150,Create room
1.74E+12,305,Join Call&&Leave Call
1.74E+12,203,Create room
1.74E+12,199,Create room
1.74E+12,320,Create room
1.74E+12,239,Join Call&&Leave Call
1.74E+12,413,Join Call&&Leave Call
1.74E+12,982,Join Call&&Leave Call
1.74E+12,381,Join Call&&Leave Call
1.74E+12,352,Join Call&&Leave Call
1.74E+12,925,Join Call&&Leave Call
1.74E+12,418,Create room
1.74E+12,666,Join Call&&Leave Call
1.74E+12,162,Create room
1.74E+12,550,Join Call&&Leave Call
1.74E+12,486,Join Call&&Leave Call
1.74E+12,185,Create room
1.74E+12,300,Create room
1.74E+12,490,Join Call&&Leave Call
1.74E+12,125,Create room
1.74E+12,413,Join Call&&Leave Call
1.74E+12,346,Join Call&&Leave Call
1.74E+12,300,Create room
1.74E+12,114,Create room
1.74E+12,377,Create room
1.74E+12,329,Create room
1.74E+12,283,Create room
1.74E+12,187,Create room
1.74E+12,118,Create room
1.74E+12,270,Create room
1.74E+12,473,Join Call&&Leave Call
1.74E+12,222,Create room
1.74E+12,381,Create room
1.74E+12,800,Create room
1.74E+12,714,Join Call&&Leave Call
1.74E+12,121,Create room
1.74E+12,691,Join Call&&Leave Call
1.74E+12,350,Join Call&&Leave Call
1.74E+12,493,Join Call&&Leave Call
1.74E+12,675,Join Call&&Leave Call
1.74E+12,547,Join Call&&Leave Call
1.74E+12,441,Join Call&&Leave Call
1.74E+12,240,Create room
1.74E+12,421,Create room
1.74E+12,450,Join Call&&Leave Call
1.74E+12,406,Join Call&&Leave Call
1.74E+12,365,Join Call&&Leave Call
1.74E+12,204,Create room
1.74E+12,485,Join Call&&Leave Call
1.74E+12,1039,Join Call&&Leave Call
1.74E+12,535,Create room
1.74E+12,729,Join Call&&Leave Call
1.74E+12,1090,Join Call&&Leave Call
1.74E+12,247,Join Call&&Leave Call
1.74E+12,881,Join Call&&Leave Call
1.74E+12,363,Join Call&&Leave Call
1.74E+12,181,Create room
1.74E+12,838,Join Call&&Leave Call
1.74E+12,139,Create room
1.74E+12,193,Create room
1.74E+12,141,Create room
1.74E+12,297,Create room
1.74E+12,231,Create room
1.74E+12,631,Join Call&&Leave Call
1.74E+12,197,Create room
1.74E+12,294,Join Call&&Leave Call
1.74E+12,352,Join Call&&Leave Call
1.74E+12,274,Create room
1.74E+12,385,Join Call&&Leave Call
1.74E+12,342,Join Call&&Leave Call
1.74E+12,291,Join Call&&Leave Call
1.74E+12,233,Create room
1.74E+12,363,Join Call&&Leave Call
1.74E+12,414,Join Call&&Leave Call
1.74E+12,170,Create room
1.74E+12,161,Create room
1.74E+12,226,Create room
1.74E+12,180,Create room
1.74E+12,70,Create room
1.74E+12,520,Create room
1.74E+12,678,Join Call&&Leave Call
1.74E+12,209,Create room
1.74E+12,281,Join Call&&Leave Call
1.74E+12,439,Join Call&&Leave Call
1.74E+12,168,Create room
1.74E+12,520,Create room
1.74E+12,170,Create room
1.74E+12,127,Create room
1.74E+12,207,Join Call&&Leave Call
1.74E+12,313,Create room
1.74E+12,612,Join Call&&Leave Call
1.74E+12,451,Create room
1.74E+12,799,Join Call&&Leave Call
1.74E+12,1450,Create room
1.74E+12,132,Create room
1.74E+12,452,Join Call&&Leave Call
1.74E+12,396,Join Call&&Leave Call
1.74E+12,232,Create room
1.74E+12,490,Create room
1.74E+12,733,Create room
1.74E+12,231,Create room
1.74E+12,259,Create room
1.74E+12,290,Create room
1.74E+12,953,Join Call&&Leave Call
1.74E+12,211,Create room
1.74E+12,261,Join Call&&Leave Call
1.74E+12,314,Join Call&&Leave Call
1.74E+12,161,Create room
1.74E+12,750,Create room
1.74E+12,875,Join Call&&Leave Call
1.74E+12,187,Join Call&&Leave Call
1.74E+12,185,Join Call&&Leave Call
1.74E+12,733,Join Call&&Leave Call
1.74E+12,428,Join Call&&Leave Call
1.74E+12,153,Create room
1.74E+12,773,Join Call&&Leave Call
1.74E+12,406,Join Call&&Leave Call
1.74E+12,339,Join Call&&Leave Call
1.74E+12,97,Create room
1.74E+12,730,Join Call&&Leave Call
1.74E+12,375,Join Call&&Leave Call
1.74E+12,191,Create room
1.74E+12,335,Create room
1.74E+12,513,Join Call&&Leave Call
1.74E+12,856,Join Call&&Leave Call
1.74E+12,508,Join Call&&Leave Call
1.74E+12,476,Join Call&&Leave Call
1.74E+12,1158,Join Call&&Leave Call
1.74E+12,90,Create room
1.74E+12,180,Create room
1.74E+12,73,Create room
1.74E+12,419,Join Call&&Leave Call
1.74E+12,74,Create room
1.74E+12,381,Join Call&&Leave Call
1.74E+12,727,Join Call&&Leave Call
1.74E+12,236,Join Call&&Leave Call
1.74E+12,319,Create room
1.74E+12,185,Create room
1.74E+12,202,Create room
1.74E+12,196,Create room
1.74E+12,228,Create room
1.74E+12,816,Create room
1.74E+12,141,Create room
1.74E+12,236,Create room
1.74E+12,416,Create room
1.74E+12,186,Create room
1.74E+12,1588,Join Call&&Leave Call
1.74E+12,350,Create room
1.74E+12,138,Create room
1.74E+12,456,Join Call&&Leave Call
1.74E+12,279,Create room
1.74E+12,694,Create room
1.74E+12,452,Join Call&&Leave Call
1.74E+12,503,Join Call&&Leave Call
1.74E+12,624,Join Call&&Leave Call
1.74E+12,1035,Join Call&&Leave Call
1.74E+12,272,Create room
1.74E+12,441,Join Call&&Leave Call
1.74E+12,130,Create room
1.74E+12,92,Create room
1.74E+12,528,Join Call&&Leave Call
1.74E+12,279,Create room
1.74E+12,1239,Join Call&&Leave Call
1.74E+12,419,Join Call&&Leave Call
1.74E+12,389,Join Call&&Leave Call
1.74E+12,252,Join Call&&Leave Call
1.74E+12,362,Join Call&&Leave Call
1.74E+12,229,Join Call&&Leave Call
1.74E+12,131,Create room
1.74E+12,295,Join Call&&Leave Call
1.74E+12,126,Create room
1.74E+12,423,Join Call&&Leave Call
1.74E+12,514,Create room
1.74E+12,376,Join Call&&Leave Call
1.74E+12,153,Create room
1.74E+12,432,Create room
1.74E+12,162,Create room
1.74E+12,809,Join Call&&Leave Call
1.74E+12,665,Join Call&&Leave Call
1.74E+12,855,Join Call&&Leave Call
1.74E+12,491,Create room
1.74E+12,386,Join Call&&Leave Call
1.74E+12,895,Join Call&&Leave Call
1.74E+12,762,Join Call&&Leave Call
1.74E+12,124,Create room
1.74E+12,474,Create room
1.74E+12,209,Create room
1.74E+12,211,Create room
1.74E+12,200,Create room
1.74E+12,677,Join Call&&Leave Call
1.74E+12,252,Create room
1.74E+12,871,Join Call&&Leave Call
1.74E+12,182,Create room
1.74E+12,355,Join Call&&Leave Call
1.74E+12,270,Join Call&&Leave Call
1.74E+12,280,Join Call&&Leave Call
1.74E+12,622,Create room
1.74E+12,165,Create room
1.74E+12,660,Join Call&&Leave Call
1.74E+12,165,Create room
1.74E+12,479,Join Call&&Leave Call
1.74E+12,664,Join Call&&Leave Call
1.74E+12,525,Join Call&&Leave Call
1.74E+12,659,Join Call&&Leave Call
1.74E+12,119,Create room
1.74E+12,516,Join Call&&Leave Call
1.74E+12,126,Create room
1.74E+12,283,Create room
1.74E+12,213,Create room
1.74E+12,929,Join Call&&Leave Call
1.74E+12,255,Create room
1.74E+12,212,Join Call&&Leave Call
1.74E+12,579,Join Call&&Leave Call
1.74E+12,155,Create room
1.74E+12,309,Join Call&&Leave Call
1.74E+12,419,Join Call&&Leave Call
1.74E+12,930,Join Call&&Leave Call
1.74E+12,359,Join Call&&Leave Call
1.74E+12,118,Create room
1.74E+12,127,Create room
1.74E+12,396,Create room
1.74E+12,288,Create room
1.74E+12,133,Create room
1.74E+12,1012,Join Call&&Leave Call
1.74E+12,143,Create room
1.74E+12,241,Create room
1.74E+12,481,Create room
1.74E+12,745,Join Call&&Leave Call
1.74E+12,477,Create room
1.74E+12,293,Join Call&&Leave Call
1.74E+12,328,Create room
1.74E+12,236,Join Call&&Leave Call
1.74E+12,473,Join Call&&Leave Call
1.74E+12,788,Join Call&&Leave Call
1.74E+12,686,Join Call&&Leave Call
1.74E+12,579,Join Call&&Leave Call
1.74E+12,1298,Join Call&&Leave Call
1.74E+12,221,Create room
1.74E+12,513,Join Call&&Leave Call
1.74E+12,1408,Join Call&&Leave Call
1.74E+12,198,Create room
1.74E+12,142,Create room
1.74E+12,736,Join Call&&Leave Call
1.74E+12,559,Join Call&&Leave Call
1.74E+12,875,Join Call&&Leave Call
1.74E+12,228,Join Call&&Leave Call
1.74E+12,111,Create room
1.74E+12,308,Create room
1.74E+12,236,Join Call&&Leave Call
1.74E+12,285,Create room
1.74E+12,159,Create room
1.74E+12,174,Create room
1.74E+12,345,Join Call&&Leave Call
1.74E+12,220,Join Call&&Leave Call
1.74E+12,133,Create room
1.74E+12,655,Create room
1.74E+12,107,Create room
1.74E+12,219,Join Call&&Leave Call
1.74E+12,304,Join Call&&Leave Call
1.74E+12,123,Create room
1.74E+12,376,Join Call&&Leave Call
1.74E+12,66,Create room
1.74E+12,559,Join Call&&Leave Call
1.74E+12,279,Create room
1.74E+12,264,Create room
1.74E+12,253,Create room
1.74E+12,838,Create room
1.74E+12,433,Create room
1.74E+12,779,Join Call&&Leave Call
1.74E+12,243,Create room
1.74E+12,435,Create room
1.74E+12,301,Create room
1.74E+12,213,Create room
1.74E+12,248,Create room
1.74E+12,277,Create room
1.74E+12,438,Join Call&&Leave Call
1.74E+12,147,Create room
1.74E+12,429,Create room
1.74E+12,171,Join Call&&Leave Call
1.74E+12,174,Create room
1.74E+12,773,Join Call&&Leave Call
1.74E+12,560,Create room
1.74E+12,128,Create room
1.74E+12,282,Join Call&&Leave Call
1.74E+12,781,Join Call&&Leave Call
1.74E+12,385,Join Call&&Leave Call
1.74E+12,241,Create room
1.74E+12,656,Join Call&&Leave Call
1.74E+12,578,Join Call&&Leave Call
1.74E+12,639,Join Call&&Leave Call
1.74E+12,106,Create room
1.74E+12,175,Join Call&&Leave Call
1.74E+12,217,Join Call&&Leave Call
1.74E+12,842,Join Call&&Leave Call
1.74E+12,668,Join Call&&Leave Call
1.74E+12,580,Join Call&&Leave Call
1.74E+12,115,Create room
1.74E+12,96,Create room
1.74E+12,808,Join Call&&Leave Call
1.74E+12,708,Create room
1.74E+12,142,Create room
1.74E+12,414,Create room
1.74E+12,520,Join Call&&Leave Call
1.74E+12,180,Create room
1.74E+12,149,Create room
1.74E+12,394,Create room
1.74E+12,478,Join Call&&Leave Call
1.74E+12,193,Join Call&&Leave Call
1.74E+12,145,Join Call&&Leave Call
1.74E+12,172,Create room
1.74E+12,154,Create room
1.74E+12,153,Create room
1.74E+12,1069,Join Call&&Leave Call
1.74E+12,824,Create room
1.74E+12,325,Join Call&&Leave Call
1.74E+12,180,Create room
1.74E+12,722,Join Call&&Leave Call
1.74E+12,435,Join Call&&Leave Call
1.74E+12,195,Create room
1.74E+12,691,Join Call&&Leave Call
1.74E+12,138,Create room
1.74E+12,338,Join Call&&Leave Call
1.74E+12,148,Create room
1.74E+12,388,Join Call&&Leave Call
1.74E+12,1021,Join Call&&Leave Call
1.74E+12,311,Create room
1.74E+12,130,Create room
1.74E+12,185,Create room
1.74E+12,244,Join Call&&Leave Call
1.74E+12,569,Join Call&&Leave Call
1.74E+12,727,Join Call&&Leave Call
1.74E+12,320,Create room
1.74E+12,692,Join Call&&Leave Call
1.74E+12,102,Create room
1.74E+12,303,Join Call&&Leave Call
1.74E+12,413,Join Call&&Leave Call
1.74E+12,245,Join Call&&Leave Call
1.74E+12,380,Join Call&&Leave Call
1.74E+12,254,Create room
1.74E+12,628,Join Call&&Leave Call
1.74E+12,1085,Join Call&&Leave Call
1.74E+12,338,Join Call&&Leave Call
1.74E+12,468,Create room
1.74E+12,334,Create room
1.74E+12,275,Create room
1.74E+12,336,Join Call&&Leave Call
1.74E+12,573,Join Call&&Leave Call
1.74E+12,527,Create room
1.74E+12,124,Create room
1.74E+12,798,Join Call&&Leave Call
1.74E+12,94,Create room
1.74E+12,126,Create room
1.74E+12,852,Join Call&&Leave Call
1.74E+12,190,Create room
1.74E+12,732,Join Call&&Leave Call
1.74E+12,249,Join Call&&Leave Call
1.74E+12,140,Create room
1.74E+12,232,Create room
1.74E+12,368,Create room
1.74E+12,251,Create room
1.74E+12,198,Create room
1.74E+12,436,Join Call&&Leave Call
1.74E+12,882,Join Call&&Leave Call
1.74E+12,451,Join Call&&Leave Call
1.74E+12,396,Create room
1.74E+12,845,Join Call&&Leave Call
1.74E+12,1209,Join Call&&Leave Call
1.74E+12,149,Create room
1.74E+12,399,Create room
1.74E+12,231,Create room
1.74E+12,157,Create room
1.74E+12,156,Create room
1.74E+12,634,Join Call&&Leave Call
1.74E+12,508,Join Call&&Leave Call
1.74E+12,817,Join Call&&Leave Call
1.74E+12,406,Join Call&&Leave Call
1.74E+12,822,Join Call&&Leave Call
1.74E+12,1557,Join Call&&Leave Call
1.74E+12,461,Join Call&&Leave Call
1.74E+12,506,Join Call&&Leave Call
1.74E+12,1079,Join Call&&Leave Call
1.74E+12,628,Join Call&&Leave Call
1.74E+12,189,Create room
1.74E+12,675,Join Call&&Leave Call
1.74E+12,241,Join Call&&Leave Call
1.74E+12,242,Join Call&&Leave Call
1.74E+12,324,Create room
1.74E+12,972,Join Call&&Leave Call
1.74E+12,561,Join Call&&Leave Call
1.74E+12,425,Join Call&&Leave Call
1.74E+12,206,Create room
1.74E+12,311,Join Call&&Leave Call
1.74E+12,448,Create room
1.74E+12,402,Join Call&&Leave Call
1.74E+12,229,Create room
1.74E+12,470,Join Call&&Leave Call
1.74E+12,558,Create room
1.74E+12,391,Join Call&&Leave Call
1.74E+12,179,Create room
1.74E+12,117,Create room
1.74E+12,140,Create room
1.74E+12,122,Create room
1.74E+12,363,Create room
1.74E+12,253,Create room
1.74E+12,248,Create room
1.74E+12,156,Create room
1.74E+12,156,Create room
1.74E+12,290,Create room
1.74E+12,220,Create room
1.74E+12,305,Join Call&&Leave Call
1.74E+12,474,Join Call&&Leave Call
1.74E+12,409,Create room
1.74E+12,228,Create room
1.74E+12,511,Join Call&&Leave Call
1.74E+12,229,Create room
1.74E+12,891,Join Call&&Leave Call
1.74E+12,455,Join Call&&Leave Call
1.74E+12,383,Join Call&&Leave Call
1.74E+12,714,Join Call&&Leave Call
1.74E+12,184,Create room
1.74E+12,413,Join Call&&Leave Call
1.74E+12,356,Create room
1.74E+12,382,Join Call&&Leave Call
1.74E+12,176,Join Call&&Leave Call
1.74E+12,508,Join Call&&Leave Call
1.74E+12,516,Join Call&&Leave Call
1.74E+12,427,Create room
1.74E+12,169,Create room
1.74E+12,531,Join Call&&Leave Call
1.74E+12,130,Create room
1.74E+12,140,Create room
1.74E+12,121,Create room
1.74E+12,479,Join Call&&Leave Call
1.74E+12,246,Join Call&&Leave Call
1.74E+12,314,Join Call&&Leave Call
1.74E+12,349,Create room
1.74E+12,480,Create room
1.74E+12,163,Join Call&&Leave Call
1.74E+12,89,Create room
1.74E+12,554,Join Call&&Leave Call
1.74E+12,373,Join Call&&Leave Call
1.74E+12,712,Join Call&&Leave Call
1.74E+12,623,Join Call&&Leave Call
1.74E+12,154,Create room
1.74E+12,1412,Join Call&&Leave Call
1.74E+12,1582,Join Call&&Leave Call
1.74E+12,346,Create room
1.74E+12,521,Create room
1.74E+12,345,Join Call&&Leave Call
1.74E+12,605,Create room
1.74E+12,215,Create room
1.74E+12,652,Join Call&&Leave Call
1.74E+12,199,Join Call&&Leave Call
1.74E+12,204,Join Call&&Leave Call
1.74E+12,295,Create room
1.74E+12,322,Create room
1.74E+12,148,Create room
1.74E+12,568,Create room
1.74E+12,540,Create room
1.74E+12,541,Create room
1.74E+12,406,Create room
1.74E+12,242,Create room
1.74E+12,181,Create room
1.74E+12,550,Join Call&&Leave Call
1.74E+12,588,Join Call&&Leave Call
1.74E+12,337,Create room
1.74E+12,203,Create room
1.74E+12,247,Create room
1.74E+12,617,Create room
1.74E+12,595,Join Call&&Leave Call
1.74E+12,184,Create room
1.74E+12,599,Join Call&&Leave Call
1.74E+12,499,Create room
1.74E+12,633,Join Call&&Leave Call
1.74E+12,339,Create room
1.74E+12,773,Join Call&&Leave Call
1.74E+12,409,Join Call&&Leave Call
1.74E+12,317,Create room
1.74E+12,304,Create room
1.74E+12,325,Join Call&&Leave Call
1.74E+12,241,Create room
1.74E+12,256,Create room
1.74E+12,167,Create room
1.74E+12,353,Join Call&&Leave Call
1.74E+12,276,Create room
1.74E+12,161,Create room
1.74E+12,865,Join Call&&Leave Call
1.74E+12,449,Join Call&&Leave Call
1.74E+12,185,Create room
1.74E+12,708,Join Call&&Leave Call
1.74E+12,403,Create room
1.74E+12,273,Join Call&&Leave Call
1.74E+12,147,Create room
1.74E+12,858,Join Call&&Leave Call
1.74E+12,347,Join Call&&Leave Call
1.74E+12,422,Join Call&&Leave Call
1.74E+12,583,Join Call&&Leave Call
1.74E+12,359,Join Call&&Leave Call
1.74E+12,260,Create room
1.74E+12,392,Join Call&&Leave Call
1.74E+12,251,Create room
1.74E+12,205,Join Call&&Leave Call
1.74E+12,367,Join Call&&Leave Call
1.74E+12,397,Join Call&&Leave Call
1.74E+12,389,Create room
1.74E+12,191,Create room
1.74E+12,380,Join Call&&Leave Call
1.74E+12,380,Join Call&&Leave Call
1.74E+12,381,Join Call&&Leave Call
1.74E+12,319,Join Call&&Leave Call
1.74E+12,298,Create room
1.74E+12,788,Join Call&&Leave Call
1.74E+12,935,Join Call&&Leave Call
1.74E+12,334,Join Call&&Leave Call
1.74E+12,154,Create room
1.74E+12,151,Create room
1.74E+12,674,Join Call&&Leave Call
1.74E+12,101,Create room
1.74E+12,597,Join Call&&Leave Call
1.74E+12,101,Create room
1.74E+12,610,Create room
1.74E+12,262,Create room
1.74E+12,1062,Join Call&&Leave Call
1.74E+12,563,Join Call&&Leave Call
1.74E+12,993,Join Call&&Leave Call
1.74E+12,224,Create room
1.74E+12,1062,Join Call&&Leave Call
1.74E+12,154,Create room
1.74E+12,666,Join Call&&Leave Call
1.74E+12,289,Create room
1.74E+12,411,Join Call&&Leave Call
1.74E+12,257,Create room
1.74E+12,1013,Join Call&&Leave Call
1.74E+12,313,Join Call&&Leave Call
1.74E+12,201,Create room
1.74E+12,441,Join Call&&Leave Call
1.74E+12,579,Join Call&&Leave Call
1.74E+12,541,Join Call&&Leave Call
1.74E+12,702,Join Call&&Leave Call
1.74E+12,430,Create room
1.74E+12,251,Create room
1.74E+12,275,Join Call&&Leave Call
1.74E+12,312,Create room
1.74E+12,474,Join Call&&Leave Call
1.74E+12,162,Create room
1.74E+12,336,Join Call&&Leave Call
1.74E+12,1238,Join Call&&Leave Call
1.74E+12,318,Create room
1.74E+12,432,Create room
1.74E+12,255,Join Call&&Leave Call
1.74E+12,380,Join Call&&Leave Call
1.74E+12,353,Create room
1.74E+12,167,Create room
1.74E+12,75,Create room
1.74E+12,117,Create room
1.74E+12,242,Create room
1.74E+12,124,Create room
1.74E+12,191,Join Call&&Leave Call
1.74E+12,329,Create room
1.74E+12,917,Join Call&&Leave Call
1.74E+12,399,Create room
1.74E+12,850,Join Call&&Leave Call
1.74E+12,328,Join Call&&Leave Call
1.74E+12,282,Join Call&&Leave Call
1.74E+12,248,Create room
1.74E+12,329,Create room
1.74E+12,376,Create room
1.74E+12,204,Create room
1.74E+12,312,Join Call&&Leave Call
1.74E+12,617,Join Call&&Leave Call
1.74E+12,414,Join Call&&Leave Call
1.74E+12,959,Join Call&&Leave Call
1.74E+12,324,Create room
1.74E+12,359,Join Call&&Leave Call
1.74E+12,372,Create room
1.74E+12,691,Create room
1.74E+12,448,Join Call&&Leave Call
1.74E+12,421,Join Call&&Leave Call
1.74E+12,422,Create room
1.74E+12,566,Create room
1.74E+12,287,Create room
1.74E+12,472,Join Call&&Leave Call
1.74E+12,144,Create room
1.74E+12,107,Create room
1.74E+12,160,Create room
1.74E+12,342,Join Call&&Leave Call
1.74E+12,251,Join Call&&Leave Call
1.74E+12,318,Create room
1.74E+12,347,Join Call&&Leave Call
1.74E+12,363,Join Call&&Leave Call
1.74E+12,292,Join Call&&Leave Call
1.74E+12,585,Create room
1.74E+12,162,Create room
1.74E+12,234,Create room
1.74E+12,102,Create room
1.74E+12,372,Create room
1.74E+12,259,Join Call&&Leave Call
1.74E+12,387,Join Call&&Leave Call
1.74E+12,913,Join Call&&Leave Call
1.74E+12,497,Create room
1.74E+12,763,Join Call&&Leave Call
1.74E+12,1458,Join Call&&Leave Call
1.74E+12,705,Join Call&&Leave Call
1.74E+12,749,Join Call&&Leave Call
1.74E+12,285,Create room
1.74E+12,383,Create room
1.74E+12,158,Create room
1.74E+12,283,Create room
1.74E+12,473,Create room
1.74E+12,503,Join Call&&Leave Call
1.74E+12,204,Create room
1.74E+12,256,Create room
1.74E+12,278,Join Call&&Leave Call
1.74E+12,243,Create room
1.74E+12,443,Create room
1.74E+12,580,Create room
1.74E+12,238,Join Call&&Leave Call
1.74E+12,427,Join Call&&Leave Call
1.74E+12,293,Create room
1.74E+12,353,Create room
1.74E+12,433,Join Call&&Leave Call
1.74E+12,261,Join Call&&Leave Call
1.74E+12,371,Join Call&&Leave Call
1.74E+12,506,Join Call&&Leave Call
1.74E+12,346,Join Call&&Leave Call
1.74E+12,1068,Join Call&&Leave Call
1.74E+12,569,Join Call&&Leave Call
1.74E+12,482,Join Call&&Leave Call
1.74E+12,150,Join Call&&Leave Call
1.74E+12,209,Create room
1.74E+12,420,Create room
1.74E+12,137,Create room
1.74E+12,335,Join Call&&Leave Call
1.74E+12,394,Join Call&&Leave Call
1.74E+12,373,Join Call&&Leave Call
1.74E+12,653,Join Call&&Leave Call
1.74E+12,218,Create room
1.74E+12,217,Create room
1.74E+12,340,Join Call&&Leave Call
1.74E+12,414,Join Call&&Leave Call
1.74E+12,447,Join Call&&Leave Call
1.74E+12,661,Join Call&&Leave Call
1.74E+12,1272,Join Call&&Leave Call
1.74E+12,275,Create room
1.74E+12,285,Create room
1.74E+12,247,Create room
1.74E+12,168,Create room
1.74E+12,240,Join Call&&Leave Call
1.74E+12,239,Join Call&&Leave Call
1.74E+12,732,Join Call&&Leave Call
1.74E+12,507,Join Call&&Leave Call
1.74E+12,376,Join Call&&Leave Call
1.74E+12,198,Join Call&&Leave Call
1.74E+12,698,Join Call&&Leave Call
1.74E+12,405,Create room
1.74E+12,263,Create room
1.74E+12,226,Join Call&&Leave Call
1.74E+12,437,Join Call&&Leave Call
1.74E+12,208,Join Call&&Leave Call
1.74E+12,341,Join Call&&Leave Call
1.74E+12,628,Join Call&&Leave Call
1.74E+12,265,Join Call&&Leave Call
1.74E+12,319,Join Call&&Leave Call
