timeStamp,response time,label
1.74314E+11,824,Leave room
1.74314E+11,816,Leave room
1.74314E+11,631,Leave room
1.74314E+11,1045,Leave room
1.74314E+11,1260,Leave room
1.74314E+11,677,Leave room
1.74314E+11,1130,Leave room
1.74314E+11,1133,Leave room
1.74314E+11,989,Leave room
1.74314E+11,947,Leave room
1.74314E+11,780,Leave room
1.74314E+11,810,Leave room
1.74314E+11,784,Leave room
1.74314E+11,984,Leave room
1.74314E+11,829,Leave room
1.74314E+11,618,Leave room
1.74314E+11,614,Leave room
1.74314E+11,1141,Leave room
1.74314E+11,1119,Leave room
1.74314E+11,727,Leave room
1.74314E+11,890,Leave room
1.74314E+11,697,Leave room
1.74314E+11,1146,Leave room
1.74314E+11,1271,Leave room
1.74314E+11,762,Leave room
1.74314E+11,1177,Leave room
1.74314E+11,910,Leave room
1.74314E+11,661,Leave room
1.74314E+11,786,Leave room
1.74314E+11,916,Leave room
1.74314E+11,621,Leave room
1.74314E+11,930,Leave room
1.74314E+11,671,Leave room
1.74314E+11,920,Leave room
1.74314E+11,1044,Leave room
1.74314E+11,1221,Leave room
1.74314E+11,889,Leave room
1.74314E+11,805,Leave room
1.74314E+11,633,Leave room
1.74314E+11,1238,Leave room
1.74314E+11,1096,Leave room
1.74314E+11,727,Leave room
1.74314E+11,1072,Leave room
1.74314E+11,845,Leave room
1.74314E+11,866,Leave room
1.74314E+11,725,Leave room
1.74314E+11,668,Leave room
1.74314E+11,1173,Leave room
1.74314E+11,1072,Leave room
1.74314E+11,1052,Leave room
1.74314E+11,1247,Leave room
1.74314E+11,799,Leave room
1.74314E+11,1223,Leave room
1.74314E+11,1020,Leave room
1.74314E+11,605,Leave room
1.74314E+11,599,Leave room
1.74314E+11,1170,Leave room
1.74314E+11,744,Leave room
1.74314E+11,1086,Leave room
1.74314E+11,954,Leave room
1.74314E+11,1202,Leave room
1.74314E+11,847,Leave room
1.74314E+11,1275,Leave room
1.74314E+11,822,Leave room
1.74314E+11,1174,Leave room
1.74314E+11,673,Leave room
1.74314E+11,1044,Leave room
1.74314E+11,1148,Leave room
1.74314E+11,1091,Leave room
1.74314E+11,1174,Leave room
1.74314E+11,863,Leave room
1.74314E+11,1242,Leave room
1.74314E+11,774,Leave room
1.74314E+11,998,Leave room
1.74314E+11,631,Leave room
1.74314E+11,712,Leave room
1.74314E+11,935,Leave room
1.74314E+11,733,Leave room
1.74314E+11,1131,Leave room
1.74314E+11,1076,Leave room
1.74314E+11,902,Leave room
1.74314E+11,601,Leave room
1.74314E+11,1096,Leave room
1.74314E+11,683,Leave room
1.74314E+11,803,Leave room
1.74314E+11,821,Leave room
1.74314E+11,950,Leave room
1.74314E+11,723,Leave room
1.74314E+11,1050,Leave room
1.74314E+11,1012,Leave room
1.74314E+11,681,Leave room
1.74314E+11,928,Leave room
1.74314E+11,1171,Leave room
1.74314E+11,1275,Leave room
1.74314E+11,1144,Leave room
1.74314E+11,916,Leave room
1.74314E+11,1038,Leave room
1.74314E+11,691,Leave room
1.74314E+11,1200,Leave room
1.74314E+11,1197,Leave room
1.74314E+11,644,Leave room
1.74314E+11,615,Leave room
1.74314E+11,759,Leave room
1.74314E+11,887,Leave room
1.74314E+11,1259,Leave room
1.74314E+11,619,Leave room
1.74314E+11,944,Leave room
1.74314E+11,627,Leave room
1.74314E+11,1146,Leave room
1.74314E+11,832,Leave room
1.74314E+11,1063,Leave room
1.74314E+11,1185,Leave room
1.74314E+11,909,Leave room
1.74314E+11,974,Leave room
1.74314E+11,962,Leave room
1.74314E+11,757,Leave room
1.74314E+11,1211,Leave room
1.74314E+11,1001,Leave room
1.74314E+11,1211,Leave room
1.74314E+11,755,Leave room
1.74314E+11,791,Leave room
1.74314E+11,907,Leave room
1.74314E+11,984,Leave room
1.74314E+11,1264,Leave room
1.74314E+11,1080,Leave room
1.74314E+11,672,Leave room
1.74314E+11,672,Leave room
1.74314E+11,942,Leave room
1.74314E+11,1004,Leave room
1.74314E+11,1057,Leave room
1.74314E+11,1076,Leave room
1.74314E+11,827,Leave room
1.74314E+11,711,Leave room
1.74314E+11,810,Leave room
1.74314E+11,598,Leave room
1.74314E+11,1087,Leave room
1.74314E+11,1057,Leave room
1.74314E+11,1224,Leave room
1.74314E+11,655,Leave room
1.74314E+11,1181,Leave room
1.74314E+11,1035,Leave room
1.74314E+11,606,Leave room
1.74314E+11,921,Leave room
1.74314E+11,1272,Leave room
1.74314E+11,943,Leave room
1.74314E+11,676,Leave room
1.74314E+11,1014,Leave room
1.74314E+11,816,Leave room
1.74314E+11,884,Leave room
1.74314E+11,941,Leave room
1.74314E+11,1049,Leave room
1.74314E+11,1140,Leave room
1.74314E+11,695,Leave room
1.74314E+11,1083,Leave room
1.74314E+11,1207,Leave room
1.74314E+11,1017,Leave room
1.74314E+11,659,Leave room
1.74314E+11,1231,Leave room
1.74314E+11,648,Leave room
1.74314E+11,954,Leave room
1.74314E+11,1216,Leave room
1.74314E+11,1139,Leave room
1.74314E+11,891,Leave room
1.74314E+11,1263,Leave room
1.74314E+11,718,Leave room
1.74314E+11,1142,Leave room
1.74314E+11,999,Leave room
1.74314E+11,1129,Leave room
1.74314E+11,1193,Leave room
1.74314E+11,1077,Leave room
1.74314E+11,889,Leave room
1.74314E+11,1032,Leave room
1.74314E+11,755,Leave room
1.74314E+11,836,Leave room
1.74314E+11,1119,Leave room
1.74314E+11,761,Leave room
1.74314E+11,1259,Leave room
1.74314E+11,623,Leave room
1.74314E+11,853,Leave room
1.74314E+11,930,Leave room
1.74314E+11,1114,Leave room
1.74314E+11,1197,Leave room
1.74314E+11,840,Leave room
1.74314E+11,1259,Leave room
1.74314E+11,779,Leave room
1.74314E+11,994,Leave room
1.74314E+11,768,Leave room
1.74314E+11,659,Leave room
1.74314E+11,969,Leave room
1.74314E+11,927,Leave room
1.74314E+11,630,Leave room
1.74314E+11,1084,Leave room
1.74314E+11,923,Leave room
1.74314E+11,862,Leave room
1.74314E+11,998,Leave room
1.74314E+11,714,Leave room
1.74314E+11,1185,Leave room
1.74314E+11,597,Leave room
1.74314E+11,790,Leave room
1.74314E+11,786,Leave room
1.74314E+11,1276,Leave room
1.74314E+11,730,Leave room
1.74314E+11,843,Leave room
1.74314E+11,879,Leave room
1.74314E+11,926,Leave room
1.74314E+11,1227,Leave room
1.74314E+11,849,Leave room
1.74314E+11,832,Leave room
1.74314E+11,830,Leave room
1.74314E+11,639,Leave room
1.74314E+11,977,Leave room
1.74314E+11,672,Leave room
1.74314E+11,1049,Leave room
1.74314E+11,697,Leave room
1.74314E+11,642,Leave room
1.74314E+11,954,Leave room
1.74314E+11,1031,Leave room
1.74314E+11,920,Leave room
1.74314E+11,1243,Leave room
1.74314E+11,1000,Leave room
1.74314E+11,648,Leave room
1.74314E+11,755,Leave room
1.74314E+11,650,Leave room
1.74314E+11,995,Leave room
1.74314E+11,755,Leave room
1.74314E+11,1134,Leave room
1.74314E+11,669,Leave room
1.74314E+11,845,Leave room
1.74314E+11,979,Leave room
1.74314E+11,931,Leave room
1.74314E+11,852,Leave room
1.74314E+11,681,Leave room
1.74314E+11,774,Leave room
1.74314E+11,678,Leave room
1.74314E+11,891,Leave room
1.74314E+11,1243,Leave room
1.74314E+11,772,Leave room
1.74314E+11,1266,Leave room
1.74314E+11,641,Leave room
1.74314E+11,962,Leave room
1.74314E+11,963,Leave room
1.74314E+11,966,Leave room
1.74314E+11,1114,Leave room
1.74314E+11,1260,Leave room
1.74314E+11,1093,Leave room
1.74314E+11,1207,Leave room
1.74314E+11,1048,Leave room
1.74314E+11,976,Leave room
1.74314E+11,641,Leave room
1.74314E+11,1052,Leave room
1.74314E+11,1119,Leave room
1.74314E+11,747,Leave room
1.74314E+11,639,Leave room
1.74314E+11,684,Leave room
1.74314E+11,817,Leave room
1.74314E+11,723,Leave room
1.74314E+11,952,Leave room
1.74314E+11,1088,Leave room
1.74314E+11,863,Leave room
1.74314E+11,997,Leave room
1.74314E+11,964,Leave room
1.74314E+11,647,Leave room
1.74314E+11,729,Leave room
1.74314E+11,1128,Leave room
1.74314E+11,1234,Leave room
1.74314E+11,1175,Leave room
1.74314E+11,1241,Leave room
1.74314E+11,1145,Leave room
1.74314E+11,1055,Leave room
1.74314E+11,865,Leave room
1.74314E+11,887,Leave room
1.74314E+11,956,Leave room
1.74314E+11,905,Leave room
1.74314E+11,1068,Leave room
1.74314E+11,635,Leave room
1.74314E+11,709,Leave room
1.74314E+11,884,Leave room
1.74314E+11,640,Leave room
1.74314E+11,1129,Leave room
1.74314E+11,1202,Leave room
1.74314E+11,1104,Leave room
1.74314E+11,902,Leave room
1.74314E+11,610,Leave room
1.74314E+11,1152,Leave room
1.74314E+11,1254,Leave room
1.74314E+11,621,Leave room
1.74314E+11,1098,Leave room
1.74314E+11,948,Leave room
1.74314E+11,951,Leave room
1.74314E+11,1029,Leave room
1.74314E+11,921,Leave room
1.74314E+11,1241,Leave room
1.74314E+11,1183,Leave room
1.74314E+11,1002,Leave room
1.74314E+11,814,Leave room
1.74314E+11,1221,Leave room
1.74314E+11,1064,Leave room
1.74314E+11,705,Leave room
1.74314E+11,1193,Leave room
1.74314E+11,643,Leave room
1.74314E+11,641,Leave room
1.74314E+11,950,Leave room
1.74314E+11,982,Leave room
1.74314E+11,1007,Leave room
1.74314E+11,847,Leave room
1.74314E+11,847,Leave room
1.74314E+11,1222,Leave room
1.74314E+11,1164,Leave room
1.74314E+11,936,Leave room
1.74314E+11,743,Leave room
1.74314E+11,1064,Leave room
1.74314E+11,1021,Leave room
1.74314E+11,840,Leave room
1.74314E+11,972,Leave room
1.74314E+11,670,Leave room
1.74314E+11,912,Leave room
1.74314E+11,1264,Leave room
1.74314E+11,764,Leave room
1.74314E+11,965,Leave room
1.74314E+11,1241,Leave room
1.74314E+11,950,Leave room
1.74314E+11,792,Leave room
1.74314E+11,1144,Leave room
1.74314E+11,1041,Leave room
1.74314E+11,813,Leave room
1.74314E+11,735,Leave room
1.74314E+11,693,Leave room
1.74314E+11,839,Leave room
1.74314E+11,1236,Leave room
1.74314E+11,904,Leave room
1.74314E+11,804,Leave room
1.74314E+11,847,Leave room
1.74314E+11,992,Leave room
1.74314E+11,676,Leave room
1.74314E+11,875,Leave room
1.74314E+11,1166,Leave room
1.74314E+11,793,Leave room
1.74314E+11,1157,Leave room
1.74314E+11,803,Leave room
1.74314E+11,942,Leave room
1.74314E+11,1214,Leave room
1.74314E+11,1140,Leave room
1.74314E+11,1187,Leave room
1.74314E+11,1075,Leave room
1.74314E+11,996,Leave room
1.74314E+11,765,Leave room
1.74314E+11,599,Leave room
1.74314E+11,648,Leave room
1.74314E+11,933,Leave room
1.74314E+11,652,Leave room
1.74314E+11,1054,Leave room
1.74314E+11,765,Leave room
1.74314E+11,925,Leave room
1.74314E+11,777,Leave room
1.74314E+11,1205,Leave room
1.74314E+11,822,Leave room
1.74314E+11,728,Leave room
1.74314E+11,1039,Leave room
1.74314E+11,902,Leave room
1.74314E+11,1217,Leave room
1.74314E+11,1184,Leave room
1.74314E+11,1026,Leave room
1.74314E+11,762,Leave room
1.74314E+11,999,Leave room
1.74314E+11,1169,Leave room
1.74314E+11,986,Leave room
1.74314E+11,1131,Leave room
1.74314E+11,781,Leave room
1.74314E+11,639,Leave room
1.74314E+11,670,Leave room
1.74314E+11,1164,Leave room
1.74314E+11,638,Leave room
1.74314E+11,1246,Leave room
1.74314E+11,1125,Leave room
1.74314E+11,591,Leave room
1.74314E+11,1199,Leave room
1.74314E+11,1060,Leave room
1.74314E+11,1175,Leave room
1.74314E+11,1113,Leave room
1.74314E+11,921,Leave room
1.74314E+11,811,Leave room
1.74314E+11,1242,Leave room
1.74314E+11,951,Leave room
1.74314E+11,879,Leave room
1.74314E+11,915,Leave room
1.74314E+11,979,Leave room
1.74314E+11,932,Leave room
1.74314E+11,1122,Leave room
1.74314E+11,1164,Leave room
1.74314E+11,1256,Leave room
1.74314E+11,778,Leave room
1.74314E+11,1011,Leave room
1.74314E+11,1214,Leave room
1.74314E+11,781,Leave room
1.74314E+11,845,Leave room
1.74314E+11,747,Leave room
1.74314E+11,1273,Leave room
1.74314E+11,683,Leave room
1.74314E+11,1023,Leave room
1.74314E+11,606,Leave room
1.74314E+11,1199,Leave room
1.74314E+11,592,Leave room
1.74314E+11,618,Leave room
1.74314E+11,644,Leave room
1.74314E+11,948,Leave room
1.74314E+11,932,Leave room
1.74314E+11,947,Leave room
1.74314E+11,1189,Leave room
1.74314E+11,644,Leave room
1.74314E+11,589,Leave room
1.74314E+11,805,Leave room
1.74314E+11,1143,Leave room
1.74314E+11,735,Leave room
1.74314E+11,796,Leave room
1.74314E+11,956,Leave room
1.74314E+11,1007,Leave room
1.74314E+11,1186,Leave room
1.74314E+11,649,Leave room
1.74314E+11,706,Leave room
1.74314E+11,1001,Leave room
1.74314E+11,838,Leave room
1.74314E+11,736,Leave room
1.74314E+11,1209,Leave room
1.74314E+11,1227,Leave room
1.74314E+11,1229,Leave room
1.74314E+11,690,Leave room
1.74314E+11,692,Leave room
1.74314E+11,1056,Leave room
1.74314E+11,1108,Leave room
1.74314E+11,1024,Leave room
1.74314E+11,1145,Leave room
1.74314E+11,862,Leave room
1.74314E+11,1265,Leave room
1.74314E+11,1228,Leave room
1.74314E+11,1260,Leave room
1.74314E+11,1235,Leave room
1.74314E+11,645,Leave room
1.74314E+11,625,Leave room
1.74314E+11,1046,Leave room
1.74314E+11,1042,Leave room
1.74314E+11,1269,Leave room
1.74314E+11,765,Leave room
1.74314E+11,1258,Leave room
1.74314E+11,883,Leave room
1.74314E+11,789,Leave room
1.74314E+11,621,Leave room
1.74314E+11,1160,Leave room
1.74314E+11,1232,Leave room
1.74314E+11,673,Leave room
1.74314E+11,595,Leave room
1.74314E+11,679,Leave room
1.74314E+11,787,Leave room
1.74314E+11,705,Leave room
1.74314E+11,651,Leave room
1.74314E+11,934,Leave room
1.74314E+11,1152,Leave room
1.74314E+11,1256,Leave room
1.74314E+11,812,Leave room
1.74314E+11,1096,Leave room
1.74314E+11,662,Leave room
1.74314E+11,1058,Leave room
1.74314E+11,1138,Leave room
1.74314E+11,844,Leave room
1.74314E+11,1169,Leave room
1.74314E+11,1172,Leave room
1.74314E+11,886,Leave room
1.74314E+11,868,Leave room
1.74314E+11,795,Leave room
1.74314E+11,617,Leave room
1.74314E+11,1225,Leave room
1.74314E+11,1135,Leave room
1.74314E+11,1202,Leave room
1.74314E+11,791,Leave room
1.74314E+11,1266,Leave room
1.74314E+11,1035,Leave room
1.74314E+11,860,Leave room
1.74314E+11,750,Leave room
1.74314E+11,793,Leave room
1.74314E+11,1173,Leave room
1.74314E+11,648,Leave room
1.74314E+11,1126,Leave room
1.74314E+11,769,Leave room
1.74314E+11,1147,Leave room
1.74314E+11,1134,Leave room
1.74314E+11,1221,Leave room
1.74314E+11,841,Leave room
1.74314E+11,598,Leave room
1.74314E+11,1212,Leave room
1.74314E+11,634,Leave room
1.74314E+11,1222,Leave room
1.74314E+11,796,Leave room
1.74314E+11,881,Leave room
1.74314E+11,633,Leave room
1.74314E+11,1172,Leave room
1.74314E+11,808,Leave room
1.74314E+11,830,Leave room
1.74314E+11,700,Leave room
1.74314E+11,969,Leave room
1.74314E+11,806,Leave room
1.74314E+11,860,Leave room
1.74314E+11,709,Leave room
1.74314E+11,1068,Leave room
1.74314E+11,979,Leave room
1.74314E+11,1158,Leave room
1.74314E+11,1232,Leave room
1.74314E+11,1254,Leave room
1.74314E+11,718,Leave room
1.74314E+11,970,Leave room
1.74314E+11,1120,Leave room
1.74314E+11,907,Leave room
1.74314E+11,1218,Leave room
1.74314E+11,873,Leave room
1.74314E+11,1262,Leave room
1.74314E+11,599,Leave room
1.74314E+11,832,Leave room
1.74314E+11,1047,Leave room
1.74314E+11,968,Leave room
1.74314E+11,1227,Leave room
1.74314E+11,1024,Leave room
1.74314E+11,932,Leave room
1.74314E+11,917,Leave room
1.74314E+11,652,Leave room
1.74314E+11,960,Leave room
1.74314E+11,1217,Leave room
1.74314E+11,1190,Leave room
1.74314E+11,848,Leave room
1.74314E+11,1016,Leave room
1.74314E+11,1096,Leave room
1.74314E+11,956,Leave room
1.74314E+11,814,Leave room
1.74314E+11,1126,Leave room
1.74314E+11,1243,Leave room
1.74314E+11,1264,Leave room
1.74314E+11,703,Leave room
1.74314E+11,954,Leave room
1.74314E+11,1142,Leave room
1.74314E+11,881,Leave room
1.74314E+11,916,Leave room
1.74314E+11,1203,Leave room
1.74314E+11,1113,Leave room
1.74314E+11,673,Leave room
1.74314E+11,630,Leave room
1.74314E+11,1052,Leave room
1.74314E+11,907,Leave room
1.74314E+11,1147,Leave room
1.74314E+11,648,Leave room
1.74314E+11,797,Leave room
1.74314E+11,954,Leave room
1.74314E+11,1128,Leave room
1.74314E+11,828,Leave room
1.74314E+11,1051,Leave room
1.74314E+11,598,Leave room
1.74314E+11,1197,Leave room
1.74314E+11,1059,Leave room
1.74314E+11,700,Leave room
1.74314E+11,766,Leave room
1.74314E+11,1013,Leave room
1.74314E+11,1195,Leave room
1.74314E+11,865,Leave room
1.74314E+11,807,Leave room
1.74314E+11,1083,Leave room
1.74314E+11,942,Leave room
1.74314E+11,590,Leave room
1.74314E+11,772,Leave room
1.74314E+11,924,Leave room
1.74314E+11,876,Leave room
1.74314E+11,679,Leave room
1.74314E+11,1230,Leave room
1.74314E+11,1085,Leave room
1.74314E+11,1100,Leave room
1.74314E+11,891,Leave room
1.74314E+11,1265,Leave room
1.74314E+11,717,Leave room
1.74314E+11,697,Leave room
1.74314E+11,1113,Leave room
1.74314E+11,1125,Leave room
1.74314E+11,1079,Leave room
1.74314E+11,931,Leave room
1.74314E+11,812,Leave room
1.74314E+11,679,Leave room
1.74314E+11,1225,Leave room
1.74314E+11,1199,Leave room
1.74314E+11,1043,Leave room
1.74314E+11,798,Leave room
1.74314E+11,757,Leave room
1.74314E+11,1133,Leave room
1.74314E+11,650,Leave room
1.74314E+11,606,Leave room
1.74314E+11,633,Leave room
1.74314E+11,1203,Leave room
1.74314E+11,1045,Leave room
1.74314E+11,1113,Leave room
1.74314E+11,1166,Leave room
1.74314E+11,1193,Leave room
1.74314E+11,698,Leave room
1.74314E+11,639,Leave room
1.74314E+11,679,Leave room
1.74314E+11,1054,Leave room
1.74314E+11,1063,Leave room
1.74314E+11,956,Leave room
1.74314E+11,618,Leave room
1.74314E+11,1096,Leave room
1.74314E+11,766,Leave room
1.74314E+11,1069,Leave room
1.74314E+11,722,Leave room
1.74314E+11,614,Leave room
1.74314E+11,1167,Leave room
1.74314E+11,1085,Leave room
1.74314E+11,965,Leave room
1.74314E+11,609,Leave room
1.74314E+11,897,Leave room
1.74314E+11,1185,Leave room
1.74314E+11,759,Leave room
1.74314E+11,1251,Leave room
1.74314E+11,688,Leave room
1.74314E+11,1039,Leave room
1.74314E+11,1204,Leave room
1.74314E+11,979,Leave room
1.74314E+11,1073,Leave room
1.74314E+11,842,Leave room
1.74314E+11,1199,Leave room
1.74314E+11,1001,Leave room
1.74314E+11,1157,Leave room
1.74314E+11,815,Leave room
1.74314E+11,711,Leave room
1.74314E+11,1196,Leave room
1.74314E+11,996,Leave room
1.74314E+11,1126,Leave room
1.74314E+11,862,Leave room
1.74314E+11,602,Leave room
1.74314E+11,941,Leave room
1.74314E+11,745,Leave room
1.74314E+11,1160,Leave room
1.74314E+11,1021,Leave room
1.74314E+11,1172,Leave room
1.74314E+11,649,Leave room
1.74314E+11,783,Leave room
1.74314E+11,810,Leave room
1.74314E+11,1165,Leave room
1.74314E+11,1137,Leave room
1.74314E+11,1013,Leave room
1.74314E+11,1206,Leave room
1.74314E+11,814,Leave room
1.74314E+11,927,Leave room
1.74314E+11,787,Leave room
1.74314E+11,671,Leave room
1.74314E+11,1186,Leave room
1.74314E+11,1020,Leave room
1.74314E+11,1157,Leave room
1.74314E+11,836,Leave room
1.74314E+11,1006,Leave room
1.74314E+11,1133,Leave room
1.74314E+11,1250,Leave room
1.74314E+11,1089,Leave room
1.74314E+11,1034,Leave room
1.74314E+11,903,Leave room
1.74314E+11,762,Leave room
1.74314E+11,659,Leave room
1.74314E+11,784,Leave room
1.74314E+11,1112,Leave room
1.74314E+11,1254,Leave room
1.74314E+11,767,Leave room
1.74314E+11,802,Leave room
1.74314E+11,1054,Leave room
1.74314E+11,958,Leave room
1.74314E+11,1063,Leave room
1.74314E+11,1236,Leave room
1.74314E+11,1093,Leave room
1.74314E+11,807,Leave room
1.74314E+11,949,Leave room
1.74314E+11,828,Leave room
1.74314E+11,855,Leave room
1.74314E+11,1184,Leave room
1.74314E+11,673,Leave room
1.74314E+11,1110,Leave room
1.74314E+11,1215,Leave room
1.74314E+11,686,Leave room
1.74314E+11,665,Leave room
1.74314E+11,871,Leave room
1.74314E+11,646,Leave room
1.74314E+11,737,Leave room
1.74314E+11,1080,Leave room
1.74314E+11,869,Leave room
1.74314E+11,1153,Leave room
1.74314E+11,686,Leave room
1.74314E+11,631,Leave room
1.74314E+11,673,Leave room
1.74314E+11,770,Leave room
1.74314E+11,912,Leave room
1.74314E+11,1164,Leave room
1.74314E+11,1021,Leave room
1.74314E+11,1100,Leave room
1.74314E+11,982,Leave room
1.74314E+11,1121,Leave room
1.74314E+11,1255,Leave room
1.74314E+11,1123,Leave room
1.74314E+11,671,Leave room
1.74314E+11,803,Leave room
1.74314E+11,1042,Leave room
1.74314E+11,735,Leave room
1.74314E+11,1239,Leave room
1.74314E+11,745,Leave room
1.74314E+11,924,Leave room
1.74314E+11,1149,Leave room
1.74314E+11,1094,Leave room
1.74314E+11,919,Leave room
1.74314E+11,1064,Leave room
1.74314E+11,865,Leave room
1.74314E+11,952,Leave room
1.74314E+11,683,Leave room
1.74314E+11,781,Leave room
1.74314E+11,902,Leave room
1.74314E+11,1261,Leave room
1.74314E+11,665,Leave room
1.74314E+11,665,Leave room
1.74314E+11,938,Leave room
1.74314E+11,855,Leave room
1.74314E+11,643,Leave room
1.74314E+11,1075,Leave room
1.74314E+11,672,Leave room
1.74314E+11,799,Leave room
1.74314E+11,981,Leave room
1.74314E+11,1182,Leave room
1.74314E+11,806,Leave room
1.74314E+11,935,Leave room
1.74314E+11,786,Leave room
1.74314E+11,1145,Leave room
1.74314E+11,1141,Leave room
1.74314E+11,710,Leave room
1.74314E+11,816,Leave room
1.74314E+11,640,Leave room
1.74314E+11,848,Leave room
1.74314E+11,947,Leave room
1.74314E+11,984,Leave room
1.74314E+11,788,Leave room
1.74314E+11,1204,Leave room
1.74314E+11,939,Leave room
1.74314E+11,1026,Leave room
1.74314E+11,1213,Leave room
1.74314E+11,726,Leave room
1.74314E+11,819,Leave room
1.74314E+11,766,Leave room
1.74314E+11,803,Leave room
1.74314E+11,1047,Leave room
1.74314E+11,1113,Leave room
1.74314E+11,615,Leave room
1.74314E+11,628,Leave room
1.74314E+11,1012,Leave room
1.74314E+11,1152,Leave room
1.74314E+11,1034,Leave room
1.74314E+11,659,Leave room
1.74314E+11,1246,Leave room
1.74314E+11,864,Leave room
1.74314E+11,1144,Leave room
1.74314E+11,787,Leave room
1.74314E+11,1259,Leave room
1.74314E+11,1265,Leave room
1.74314E+11,914,Leave room
1.74314E+11,931,Leave room
1.74314E+11,1232,Leave room
1.74314E+11,835,Leave room
1.74314E+11,1011,Leave room
1.74314E+11,769,Leave room
1.74314E+11,965,Leave room
1.74314E+11,980,Leave room
1.74314E+11,1063,Leave room
1.74314E+11,725,Leave room
1.74314E+11,854,Leave room
1.74314E+11,674,Leave room
1.74314E+11,783,Leave room
1.74314E+11,1084,Leave room
1.74314E+11,1141,Leave room
1.74314E+11,982,Leave room
1.74314E+11,665,Leave room
1.74314E+11,1243,Leave room
1.74314E+11,988,Leave room
1.74314E+11,739,Leave room
1.74314E+11,762,Leave room
1.74314E+11,673,Leave room
1.74314E+11,1120,Leave room
1.74314E+11,714,Leave room
1.74314E+11,1192,Leave room
1.74314E+11,962,Leave room
1.74314E+11,853,Leave room
1.74314E+11,790,Leave room
1.74314E+11,865,Leave room
1.74314E+11,1192,Leave room
1.74314E+11,1225,Leave room
1.74314E+11,1137,Leave room
1.74314E+11,1186,Leave room
1.74314E+11,1244,Leave room
1.74314E+11,1199,Leave room
1.74314E+11,990,Leave room
1.74314E+11,659,Leave room
1.74314E+11,1261,Leave room
1.74314E+11,837,Leave room
1.74314E+11,800,Leave room
1.74314E+11,794,Leave room
1.74314E+11,1091,Leave room
1.74314E+11,591,Leave room
1.74314E+11,1032,Leave room
1.74314E+11,666,Leave room
1.74314E+11,898,Leave room
1.74314E+11,830,Leave room
1.74314E+11,788,Leave room
1.74314E+11,1080,Leave room
1.74314E+11,1079,Leave room
1.74314E+11,823,Leave room
1.74314E+11,968,Leave room
1.74314E+11,1153,Leave room
1.74314E+11,757,Leave room
1.74314E+11,602,Leave room
1.74314E+11,593,Leave room
1.74314E+11,948,Leave room
1.74314E+11,978,Leave room
1.74314E+11,921,Leave room
1.74314E+11,979,Leave room
1.74314E+11,1121,Leave room
1.74314E+11,614,Leave room
1.74314E+11,736,Leave room
1.74314E+11,1087,Leave room
1.74314E+11,816,Leave room
1.74314E+11,631,Leave room
1.74314E+11,693,Leave room
1.74314E+11,1042,Leave room
1.74314E+11,737,Leave room
1.74314E+11,1169,Leave room
1.74314E+11,1229,Leave room
1.74314E+11,795,Leave room
1.74314E+11,884,Leave room
1.74314E+11,1053,Leave room
1.74314E+11,784,Leave room
1.74314E+11,1217,Leave room
1.74314E+11,849,Leave room
1.74314E+11,943,Leave room
1.74314E+11,1190,Leave room
1.74314E+11,599,Leave room
1.74314E+11,1273,Leave room
1.74314E+11,794,Leave room
1.74314E+11,914,Leave room
1.74314E+11,945,Leave room
1.74314E+11,635,Leave room
1.74314E+11,1007,Leave room
1.74314E+11,743,Leave room
1.74314E+11,677,Leave room
1.74314E+11,1165,Leave room
1.74314E+11,644,Leave room
1.74314E+11,840,Leave room
1.74314E+11,1276,Leave room
1.74314E+11,995,Leave room
1.74314E+11,1274,Leave room
1.74314E+11,1056,Leave room
1.74314E+11,1113,Leave room
1.74314E+11,1208,Leave room
1.74314E+11,895,Leave room
1.74314E+11,1216,Leave room
1.74314E+11,1047,Leave room
1.74314E+11,600,Leave room
1.74314E+11,1089,Leave room
1.74314E+11,839,Leave room
1.74314E+11,935,Leave room
1.74314E+11,891,Leave room
1.74314E+11,1190,Leave room
1.74314E+11,1238,Leave room
1.74314E+11,971,Leave room
1.74314E+11,994,Leave room
1.74314E+11,1167,Leave room
1.74314E+11,930,Leave room
1.74314E+11,878,Leave room
1.74314E+11,709,Leave room
1.74314E+11,826,Leave room
1.74314E+11,749,Leave room
1.74314E+11,735,Leave room
1.74314E+11,707,Leave room
1.74314E+11,1209,Leave room
1.74314E+11,990,Leave room
1.74314E+11,682,Leave room
1.74314E+11,998,Leave room
1.74314E+11,1139,Leave room
1.74314E+11,731,Leave room
1.74314E+11,815,Leave room
1.74314E+11,1039,Leave room
1.74314E+11,754,Leave room
1.74314E+11,834,Leave room
1.74314E+11,938,Leave room
1.74314E+11,1151,Leave room
1.74314E+11,853,Leave room
1.74314E+11,1166,Leave room
1.74314E+11,704,Leave room
1.74314E+11,613,Leave room
1.74314E+11,871,Leave room
1.74314E+11,700,Leave room
1.74314E+11,647,Leave room
1.74314E+11,1068,Leave room
1.74314E+11,1003,Leave room
1.74314E+11,821,Leave room
1.74314E+11,1074,Leave room
1.74314E+11,998,Leave room
1.74314E+11,1261,Leave room
1.74314E+11,828,Leave room
1.74314E+11,919,Leave room
1.74314E+11,710,Leave room
1.74314E+11,960,Leave room
1.74314E+11,988,Leave room
1.74314E+11,650,Leave room
1.74314E+11,749,Leave room
1.74314E+11,962,Leave room
1.74314E+11,1033,Leave room
1.74314E+11,611,Leave room
1.74314E+11,952,Leave room
1.74314E+11,648,Leave room
1.74314E+11,1080,Leave room
1.74314E+11,902,Leave room
1.74314E+11,671,Leave room
1.74314E+11,1205,Leave room
1.74314E+11,950,Leave room
1.74314E+11,1269,Leave room
1.74314E+11,671,Leave room
1.74314E+11,941,Leave room
1.74314E+11,762,Leave room
1.74314E+11,1259,Leave room
1.74314E+11,979,Leave room
1.74314E+11,1247,Leave room
1.74314E+11,707,Leave room
1.74314E+11,806,Leave room
1.74314E+11,1261,Leave room
1.74314E+11,602,Leave room
1.74314E+11,618,Leave room
1.74314E+11,889,Leave room
1.74314E+11,794,Leave room
1.74314E+11,1093,Leave room
1.74314E+11,1028,Leave room
1.74314E+11,1082,Leave room
1.74314E+11,701,Leave room
1.74314E+11,1252,Leave room
1.74314E+11,592,Leave room
1.74314E+11,742,Leave room
1.74314E+11,1210,Leave room
1.74314E+11,911,Leave room
1.74314E+11,688,Leave room
1.74314E+11,1148,Leave room
1.74314E+11,1102,Leave room
1.74314E+11,786,Leave room
1.74314E+11,716,Leave room
1.74314E+11,1172,Leave room
1.74314E+11,1145,Leave room
1.74314E+11,781,Leave room
1.74314E+11,1134,Leave room
1.74314E+11,817,Leave room
1.74314E+11,756,Leave room
1.74314E+11,762,Leave room
1.74314E+11,1019,Leave room
1.74314E+11,626,Leave room
1.74314E+11,758,Leave room
1.74314E+11,1110,Leave room
1.74314E+11,1253,Leave room
1.74314E+11,862,Leave room
1.74314E+11,792,Leave room
1.74314E+11,1190,Leave room
1.74314E+11,1065,Leave room
1.74314E+11,736,Leave room
1.74314E+11,680,Leave room
1.74314E+11,830,Leave room
1.74314E+11,734,Leave room
1.74314E+11,617,Leave room
1.74314E+11,687,Leave room
1.74314E+11,679,Leave room
1.74314E+11,612,Leave room
1.74314E+11,1017,Leave room
1.74314E+11,762,Leave room
1.74314E+11,829,Leave room
1.74314E+11,870,Leave room
1.74314E+11,1112,Leave room
1.74314E+11,1168,Leave room
1.74314E+11,779,Leave room
1.74314E+11,1198,Leave room
1.74314E+11,895,Leave room
1.74314E+11,1149,Leave room
1.74314E+11,704,Leave room
1.74314E+11,680,Leave room
1.74314E+11,749,Leave room
1.74314E+11,909,Leave room
1.74314E+11,721,Leave room
1.74314E+11,874,Leave room
1.74314E+11,961,Leave room
1.74314E+11,1014,Leave room
1.74314E+11,826,Leave room
1.74314E+11,1267,Leave room
1.74314E+11,590,Leave room
1.74314E+11,727,Leave room
1.74314E+11,1024,Leave room
1.74314E+11,1182,Leave room
1.74314E+11,1009,Leave room
1.74314E+11,1013,Leave room
1.74314E+11,602,Leave room
1.74314E+11,793,Leave room
1.74314E+11,986,Leave room
1.74314E+11,720,Leave room
1.74314E+11,1143,Leave room
1.74314E+11,1211,Leave room
1.74314E+11,984,Leave room
1.74314E+11,1274,Leave room
1.74314E+11,1014,Leave room
1.74314E+11,1063,Leave room
1.74314E+11,988,Leave room
1.74314E+11,607,Leave room
1.74314E+11,1026,Leave room
1.74314E+11,593,Leave room
1.74314E+11,862,Leave room
1.74314E+11,1035,Leave room
1.74314E+11,983,Leave room
1.74314E+11,1118,Leave room
1.74314E+11,745,Leave room
1.74314E+11,808,Leave room
1.74314E+11,1175,Leave room
1.74314E+11,748,Leave room
1.74314E+11,883,Leave room
1.74314E+11,704,Leave room
1.74314E+11,619,Leave room
1.74314E+11,865,Leave room
1.74314E+11,651,Leave room
1.74314E+11,1226,Leave room
1.74314E+11,661,Leave room
1.74314E+11,1035,Leave room
1.74314E+11,910,Leave room
1.74314E+11,1151,Leave room
1.74314E+11,1213,Leave room
1.74314E+11,1165,Leave room
1.74314E+11,758,Leave room
1.74314E+11,850,Leave room
1.74314E+11,955,Leave room
1.74314E+11,1178,Leave room
1.74314E+11,770,Leave room
1.74314E+11,817,Leave room
1.74314E+11,922,Leave room
1.74314E+11,846,Leave room
1.74314E+11,1017,Leave room
1.74314E+11,721,Leave room
1.74314E+11,926,Leave room
1.74314E+11,661,Leave room
1.74314E+11,995,Leave room
1.74314E+11,712,Leave room
1.74314E+11,842,Leave room
1.74314E+11,766,Leave room
1.74314E+11,613,Leave room
1.74314E+11,930,Leave room
1.74314E+11,652,Leave room
1.74314E+11,1053,Leave room
1.74314E+11,1012,Leave room
1.74314E+11,1199,Leave room
1.74314E+11,1112,Leave room
1.74314E+11,932,Leave room
1.74314E+11,1229,Leave room
1.74314E+11,764,Leave room
1.74314E+11,1170,Leave room
1.74314E+11,929,Leave room
1.74314E+11,700,Leave room
1.74314E+11,1085,Leave room
1.74314E+11,1219,Leave room
1.74314E+11,970,Leave room
1.74314E+11,684,Leave room
1.74314E+11,982,Leave room
1.74314E+11,744,Leave room
1.74314E+11,728,Leave room
1.74314E+11,690,Leave room
1.74314E+11,762,Leave room
1.74314E+11,804,Leave room
1.74314E+11,1270,Leave room
1.74314E+11,963,Leave room
1.74314E+11,961,Leave room
1.74314E+11,782,Leave room
1.74314E+11,1006,Leave room
1.74314E+11,1197,Leave room
1.74314E+11,1261,Leave room
1.74314E+11,910,Leave room
1.74314E+11,831,Leave room
1.74314E+11,1011,Leave room
1.74314E+11,1118,Leave room
1.74314E+11,868,Leave room
1.74314E+11,843,Leave room
1.74314E+11,971,Leave room
1.74314E+11,1083,Leave room
1.74314E+11,1113,Leave room
1.74314E+11,646,Leave room
1.74314E+11,1150,Leave room
1.74314E+11,820,Leave room
1.74314E+11,777,Leave room
1.74314E+11,1244,Leave room
1.74314E+11,858,Leave room
1.74314E+11,1048,Leave room
1.74314E+11,867,Leave room
1.74314E+11,1065,Leave room
1.74314E+11,658,Leave room
1.74314E+11,880,Leave room
1.74314E+11,658,Leave room
1.74314E+11,611,Leave room
1.74314E+11,625,Leave room
1.74314E+11,831,Leave room
1.74314E+11,1134,Leave room
1.74314E+11,1026,Leave room
1.74314E+11,1139,Leave room
1.74314E+11,598,Leave room
1.74314E+11,711,Leave room
1.74314E+11,1130,Leave room
1.74314E+11,969,Leave room
1.74314E+11,649,Leave room
1.74314E+11,1175,Leave room
1.74314E+11,1021,Leave room
1.74314E+11,1150,Leave room
1.74314E+11,702,Leave room
1.74314E+11,1205,Leave room
1.74314E+11,1153,Leave room
1.74314E+11,1069,Leave room
1.74314E+11,696,Leave room
1.74314E+11,725,Leave room
1.74314E+11,736,Leave room
1.74314E+11,1260,Leave room
1.74314E+11,1093,Leave room
1.74314E+11,1167,Leave room
1.74314E+11,1107,Leave room
1.74314E+11,851,Leave room
1.74314E+11,630,Leave room
1.74314E+11,1093,Leave room
1.74314E+11,671,Leave room
1.74314E+11,1147,Leave room
1.74314E+11,814,Leave room
1.74314E+11,902,Leave room
1.74314E+11,962,Leave room
1.74314E+11,1019,Leave room
1.74314E+11,932,Leave room
1.74314E+11,895,Leave room
1.74314E+11,759,Leave room
1.74314E+11,622,Leave room
1.74314E+11,677,Leave room
1.74314E+11,759,Leave room
1.74314E+11,764,Leave room
1.74314E+11,1050,Leave room
1.74314E+11,739,Leave room
1.74314E+11,1120,Leave room
1.74314E+11,1261,Leave room
1.74314E+11,1080,Leave room
1.74314E+11,775,Leave room
1.74314E+11,798,Leave room
1.74314E+11,1131,Leave room
1.74314E+11,594,Leave room
1.74314E+11,1055,Leave room
1.74314E+11,995,Leave room
1.74314E+11,1132,Leave room
1.74314E+11,1225,Leave room
1.74314E+11,1092,Leave room
1.74314E+11,672,Leave room
1.74314E+11,920,Leave room
1.74314E+11,717,Leave room
1.74314E+11,1014,Leave room
1.74314E+11,1094,Leave room
1.74314E+11,1173,Leave room
1.74314E+11,783,Leave room
1.74314E+11,903,Leave room
1.74314E+11,1214,Leave room
1.74314E+11,865,Leave room
1.74314E+11,1238,Leave room
1.74314E+11,596,Leave room
1.74314E+11,601,Leave room
1.74314E+11,881,Leave room
