timeStamp,response time,label
1.74314E+12,27,Create room
1.74314E+12,41,Join Call
1.74314E+12,23,Create room
1.74314E+12,33,Create room
1.74314E+12,54,Join Call
1.74314E+12,28,Create room
1.74314E+12,51,Join Call
1.74314E+12,29,Create room
1.74314E+12,54,Join Call
1.74314E+12,36,Create room
1.74314E+12,33,Create room
1.74314E+12,56,Join Call
1.74314E+12,52,Join Call
1.74314E+12,29,Create room
1.74314E+12,53,Join Call
1.74314E+12,33,Create room
1.74314E+12,36,Create room
1.74314E+12,30,Create room
1.74314E+12,64,Join Call
1.74314E+12,65,Join Call
1.74314E+12,33,Create room
1.74314E+12,65,Join Call
1.74314E+12,60,Join Call
1.74314E+12,42,Create room
1.74314E+12,34,Create room
1.74314E+12,35,Create room
1.74314E+12,40,Create room
1.74314E+12,64,Join Call
1.74314E+12,62,Join Call
1.74314E+12,37,Create room
1.74314E+12,67,Join Call
1.74314E+12,70,Join Call
1.74314E+12,69,Join Call
1.74314E+12,42,Create room
1.74314E+12,40,Create room
1.74314E+12,44,Create room
1.74314E+12,47,Create room
1.74314E+12,42,Create room
1.74314E+12,71,Join Call
1.74314E+12,42,Create room
1.74314E+12,70,Join Call
1.74314E+12,74,Join Call
1.74314E+12,80,Join Call
1.74314E+12,77,Join Call
1.74314E+12,80,Join Call
1.74314E+12,48,Create room
1.74314E+12,50,Create room
1.74314E+12,46,Create room
1.74314E+12,48,Create room
1.74314E+12,44,Create room
1.74314E+12,48,Create room
1.74314E+12,81,Join Call
1.74314E+12,82,Join Call
1.74314E+12,48,Create room
1.74314E+12,83,Join Call
1.74314E+12,87,Join Call
1.74314E+12,95,Join Call
1.74314E+12,82,Join Call
1.74314E+12,50,Create room
1.74314E+12,90,Join Call
1.74314E+12,46,Create room
1.74314E+12,49,Create room
1.74314E+12,47,Create room
1.74314E+12,52,Create room
1.74314E+12,48,Create room
1.74314E+12,52,Create room
1.74314E+12,93,Join Call
1.74314E+12,94,Join Call
1.74314E+12,56,Create room
1.74314E+12,93,Join Call
1.74314E+12,55,Create room
1.74314E+12,99,Join Call
1.74314E+12,95,Join Call
1.74314E+12,105,Join Call
1.74314E+12,108,Join Call
1.74314E+12,60,Create room
1.74314E+12,102,Join Call
1.74314E+12,63,Create room
1.74314E+12,62,Create room
1.74314E+12,58,Create room
1.74314E+12,60,Create room
1.74314E+12,58,Create room
1.74314E+12,56,Create room
1.74314E+12,114,Join Call
1.74314E+12,58,Create room
1.74314E+12,111,Join Call
1.74314E+12,104,Join Call
1.74314E+12,56,Create room
1.74314E+12,108,Join Call
1.74314E+12,59,Create room
1.74314E+12,105,Join Call
1.74314E+12,107,Join Call
1.74314E+12,110,Join Call
1.74314E+12,109,Join Call
1.74314E+12,105,Join Call
1.74314E+12,59,Create room
1.74314E+12,109,Join Call
1.74314E+12,60,Create room
1.74314E+12,59,Create room
1.74314E+12,58,Create room
1.74314E+12,57,Create room
1.74314E+12,56,Create room
1.74314E+12,56,Create room
1.74314E+12,101,Join Call
1.74314E+12,59,Create room
1.74314E+12,107,Join Call
1.74314E+12,105,Join Call
1.74314E+12,61,Create room
1.74314E+12,105,Join Call
1.74314E+12,109,Join Call
1.74314E+12,106,Join Call
1.74314E+12,105,Join Call
1.74314E+12,73,Create room
1.74314E+12,108,Join Call
1.74314E+12,66,Create room
1.74314E+12,119,Join Call
1.74314E+12,111,Join Call
1.74314E+12,59,Create room
1.74314E+12,55,Create room
1.74314E+12,59,Create room
1.74314E+12,56,Create room
1.74314E+12,58,Create room
1.74314E+12,108,Join Call
1.74314E+12,57,Create room
1.74314E+12,57,Create room
1.74314E+12,103,Join Call
1.74314E+12,108,Join Call
1.74314E+12,59,Create room
1.74314E+12,103,Join Call
1.74314E+12,106,Join Call
1.74314E+12,104,Join Call
1.74314E+12,60,Create room
1.74314E+12,115,Join Call
1.74314E+12,113,Join Call
1.74314E+12,108,Join Call
1.74314E+12,59,Create room
1.74314E+12,60,Create room
1.74314E+12,108,Join Call
1.74314E+12,59,Create room
1.74314E+12,57,Create room
1.74314E+12,54,Create room
1.74314E+12,55,Create room
1.74314E+12,106,Join Call
1.74314E+12,56,Create room
1.74314E+12,55,Create room
1.74314E+12,107,Join Call
1.74314E+12,106,Join Call
1.74314E+12,56,Create room
1.74314E+12,107,Join Call
1.74314E+12,107,Join Call
1.74314E+12,107,Join Call
1.74314E+12,108,Join Call
1.74314E+12,59,Create room
1.74314E+12,109,Join Call
1.74314E+12,108,Join Call
1.74314E+12,58,Create room
1.74314E+12,105,Join Call
1.74314E+12,60,Create room
1.74314E+12,57,Create room
1.74314E+12,57,Create room
1.74314E+12,57,Create room
1.74314E+12,55,Create room
1.74314E+12,109,Join Call
1.74314E+12,58,Create room
1.74314E+12,57,Create room
1.74314E+12,108,Join Call
1.74314E+12,119,Join Call
1.74314E+12,69,Create room
1.74314E+12,106,Join Call
1.74314E+12,112,Join Call
1.74314E+12,117,Join Call
1.74314E+12,116,Join Call
1.74314E+12,65,Create room
1.74314E+12,116,Join Call
1.74314E+12,61,Create room
1.74314E+12,59,Create room
1.74314E+12,134,Join Call
1.74314E+12,117,Join Call
1.74314E+12,61,Create room
1.74314E+12,60,Create room
1.74314E+12,62,Create room
1.74314E+12,109,Join Call
1.74314E+12,59,Create room
1.74314E+12,58,Create room
1.74314E+12,58,Create room
1.74314E+12,110,Join Call
1.74314E+12,60,Create room
1.74314E+12,109,Join Call
1.74314E+12,110,Join Call
1.74314E+12,109,Join Call
1.74314E+12,109,Join Call
1.74314E+12,113,Join Call
1.74314E+12,60,Create room
1.74314E+12,109,Join Call
1.74314E+12,59,Create room
1.74314E+12,61,Create room
1.74314E+12,108,Join Call
1.74314E+12,110,Join Call
1.74314E+12,60,Create room
1.74314E+12,56,Create room
1.74314E+12,57,Create room
1.74314E+12,105,Join Call
1.74314E+12,59,Create room
1.74314E+12,57,Create room
1.74314E+12,56,Create room
1.74314E+12,106,Join Call
1.74314E+12,100,Join Call
1.74314E+12,103,Join Call
1.74314E+12,57,Create room
1.74314E+12,107,Join Call
1.74314E+12,108,Join Call
1.74314E+12,109,Join Call
1.74314E+12,57,Create room
1.74314E+12,100,Join Call
1.74314E+12,58,Create room
1.74314E+12,61,Create room
1.74314E+12,109,Join Call
1.74314E+12,109,Join Call
1.74314E+12,58,Create room
1.74314E+12,54,Create room
1.74314E+12,58,Create room
1.74314E+12,56,Create room
1.74314E+12,104,Join Call
1.74314E+12,55,Create room
1.74314E+12,57,Create room
1.74314E+12,108,Join Call
1.74314E+12,102,Join Call
1.74314E+12,104,Join Call
1.74314E+12,58,Create room
1.74314E+12,95,Join Call
1.74314E+12,106,Join Call
1.74314E+12,107,Join Call
1.74314E+12,60,Create room
1.74314E+12,111,Join Call
1.74314E+12,60,Create room
1.74314E+12,59,Create room
1.74314E+12,112,Join Call
1.74314E+12,111,Join Call
1.74314E+12,58,Create room
1.74314E+12,54,Create room
1.74314E+12,57,Create room
1.74314E+12,105,Join Call
1.74314E+12,56,Create room
1.74314E+12,54,Create room
1.74314E+12,58,Create room
1.74314E+12,106,Join Call
1.74314E+12,102,Join Call
1.74314E+12,56,Create room
1.74314E+12,105,Join Call
1.74314E+12,105,Join Call
1.74314E+12,109,Join Call
1.74314E+12,104,Join Call
1.74314E+12,57,Create room
1.74314E+12,109,Join Call
1.74314E+12,59,Create room
1.74314E+12,59,Create room
1.74314E+12,108,Join Call
1.74314E+12,105,Join Call
1.74314E+12,57,Create room
1.74314E+12,58,Create room
1.74314E+12,55,Create room
1.74314E+12,102,Join Call
1.74314E+12,64,Create room
1.74314E+12,62,Create room
1.74314E+12,62,Create room
1.74314E+12,98,Join Call
1.74314E+12,61,Create room
1.74314E+12,110,Join Call
1.74314E+12,111,Join Call
1.74314E+12,108,Join Call
1.74314E+12,110,Join Call
1.74314E+12,62,Create room
1.74314E+12,112,Join Call
1.74314E+12,106,Join Call
1.74314E+12,60,Create room
1.74314E+12,56,Create room
1.74314E+12,103,Join Call
1.74314E+12,106,Join Call
1.74314E+12,59,Create room
1.74314E+12,59,Create room
1.74314E+12,57,Create room
1.74314E+12,104,Join Call
1.74314E+12,57,Create room
1.74314E+12,57,Create room
1.74314E+12,58,Create room
1.74314E+12,100,Join Call
1.74314E+12,56,Create room
1.74314E+12,102,Join Call
1.74314E+12,104,Join Call
1.74314E+12,107,Join Call
1.74314E+12,59,Create room
1.74314E+12,101,Join Call
1.74314E+12,109,Join Call
1.74314E+12,55,Create room
1.74314E+12,106,Join Call
1.74314E+12,60,Create room
1.74314E+12,105,Join Call
1.74314E+12,106,Join Call
1.74314E+12,57,Create room
1.74314E+12,59,Create room
1.74314E+12,54,Create room
1.74314E+12,110,Join Call
1.74314E+12,55,Create room
1.74314E+12,57,Create room
1.74314E+12,58,Create room
1.74314E+12,102,Join Call
1.74314E+12,101,Join Call
1.74314E+12,58,Create room
1.74314E+12,102,Join Call
1.74314E+12,105,Join Call
1.74314E+12,58,Create room
1.74314E+12,102,Join Call
1.74314E+12,108,Join Call
1.74314E+12,104,Join Call
1.74314E+12,59,Create room
1.74314E+12,57,Create room
1.74314E+12,108,Join Call
1.74314E+12,108,Join Call
1.74314E+12,58,Create room
1.74314E+12,58,Create room
1.74314E+12,57,Create room
1.74314E+12,107,Join Call
1.74314E+12,56,Create room
1.74314E+12,56,Create room
1.74314E+12,55,Create room
1.74314E+12,104,Join Call
1.74314E+12,103,Join Call
1.74314E+12,104,Join Call
1.74314E+12,55,Create room
1.74314E+12,105,Join Call
1.74314E+12,59,Create room
1.74314E+12,107,Join Call
1.74314E+12,105,Join Call
1.74314E+12,102,Join Call
1.74314E+12,60,Create room
1.74314E+12,57,Create room
1.74314E+12,107,Join Call
1.74314E+12,107,Join Call
1.74314E+12,60,Create room
1.74314E+12,58,Create room
1.74314E+12,57,Create room
1.74314E+12,106,Join Call
1.74314E+12,58,Create room
1.74314E+12,55,Create room
1.74314E+12,54,Create room
1.74314E+12,101,Join Call
1.74314E+12,104,Join Call
1.74314E+12,107,Join Call
1.74314E+12,59,Create room
1.74314E+12,101,Join Call
1.74314E+12,57,Create room
1.74314E+12,108,Join Call
1.74314E+12,107,Join Call
1.74314E+12,108,Join Call
1.74314E+12,56,Create room
1.74314E+12,61,Create room
1.74314E+12,108,Join Call
1.74314E+12,104,Join Call
1.74314E+12,58,Create room
1.74314E+12,57,Create room
1.74314E+12,56,Create room
1.74314E+12,104,Join Call
1.74314E+12,57,Create room
1.74314E+12,75,Create room
1.74314E+12,114,Join Call
1.74314E+12,76,Create room
1.74314E+12,100,Join Call
1.74314E+12,54,Create room
1.74314E+12,101,Join Call
1.74314E+12,111,Join Call
1.74314E+12,56,Create room
1.74314E+12,102,Join Call
1.74314E+12,103,Join Call
1.74314E+12,54,Create room
1.74314E+12,100,Join Call
1.74314E+12,58,Create room
1.74314E+12,106,Join Call
1.74314E+12,58,Create room
1.74314E+12,110,Join Call
1.74314E+12,57,Create room
1.74314E+12,56,Create room
1.74314E+12,102,Join Call
1.74314E+12,54,Create room
1.74314E+12,108,Join Call
1.74314E+12,61,Create room
1.74314E+12,105,Join Call
1.74314E+12,60,Create room
1.74314E+12,58,Create room
1.74314E+12,105,Join Call
1.74314E+12,111,Join Call
1.74314E+12,106,Join Call
1.74314E+12,109,Join Call
1.74314E+12,59,Create room
1.74314E+12,107,Join Call
1.74314E+12,59,Create room
1.74314E+12,58,Create room
1.74314E+12,55,Create room
1.74314E+12,103,Join Call
1.74314E+12,108,Join Call
1.74314E+12,54,Create room
1.74314E+12,105,Join Call
1.74314E+12,58,Create room
1.74314E+12,57,Create room
1.74314E+12,107,Join Call
1.74314E+12,104,Join Call
1.74314E+12,55,Create room
1.74314E+12,60,Create room
1.74314E+12,60,Create room
1.74314E+12,106,Join Call
1.74314E+12,106,Join Call
1.74314E+12,104,Join Call
1.74314E+12,109,Join Call
1.74314E+12,105,Join Call
1.74314E+12,58,Create room
1.74314E+12,59,Create room
1.74314E+12,57,Create room
1.74314E+12,102,Join Call
1.74314E+12,58,Create room
1.74314E+12,106,Join Call
1.74314E+12,57,Create room
1.74314E+12,109,Join Call
1.74314E+12,59,Create room
1.74314E+12,59,Create room
1.74314E+12,59,Create room
1.74314E+12,108,Join Call
1.74314E+12,106,Join Call
1.74314E+12,100,Join Call
1.74314E+12,59,Create room
1.74314E+12,59,Create room
1.74314E+12,107,Join Call
1.74314E+12,106,Join Call
1.74314E+12,108,Join Call
1.74314E+12,107,Join Call
1.74314E+12,60,Create room
1.74314E+12,60,Create room
1.74314E+12,59,Create room
1.74314E+12,51,Create room
1.74314E+12,104,Join Call
1.74314E+12,53,Create room
1.74314E+12,58,Create room
1.74314E+12,107,Join Call
1.74314E+12,56,Create room
1.74314E+12,108,Join Call
1.74314E+12,58,Create room
1.74314E+12,104,Join Call
1.74314E+12,107,Join Call
1.74314E+12,59,Create room
1.74314E+12,108,Join Call
1.74314E+12,58,Create room
1.74314E+12,106,Join Call
1.74314E+12,98,Join Call
1.74314E+12,107,Join Call
1.74314E+12,109,Join Call
1.74314E+12,59,Create room
1.74314E+12,57,Create room
1.74314E+12,59,Create room
1.74314E+12,56,Create room
1.74314E+12,102,Join Call
1.74314E+12,57,Create room
1.74314E+12,55,Create room
1.74314E+12,102,Join Call
1.74314E+12,108,Join Call
1.74314E+12,58,Create room
1.74314E+12,55,Create room
1.74314E+12,104,Join Call
1.74314E+12,104,Join Call
1.74314E+12,60,Create room
1.74314E+12,108,Join Call
1.74314E+12,60,Create room
1.74314E+12,100,Join Call
1.74314E+12,99,Join Call
1.74314E+12,95,Join Call
1.74314E+12,95,Join Call
1.74314E+12,76,Create room
1.74314E+12,78,Create room
1.74314E+12,75,Create room
1.74314E+12,67,Create room
1.74314E+12,61,Create room
1.74314E+12,66,Create room
1.74314E+12,64,Create room
1.74314E+12,122,Join Call
1.74314E+12,124,Join Call
1.74314E+12,123,Join Call
1.74314E+12,58,Create room
1.74314E+12,103,Join Call
1.74314E+12,53,Create room
1.74314E+12,106,Join Call
1.74314E+12,105,Join Call
1.74314E+12,57,Create room
1.74314E+12,102,Join Call
1.74314E+12,109,Join Call
1.74314E+12,108,Join Call
1.74314E+12,108,Join Call
1.74314E+12,58,Create room
1.74314E+12,56,Create room
1.74314E+12,58,Create room
1.74314E+12,59,Create room
1.74314E+12,57,Create room
1.74314E+12,58,Create room
1.74314E+12,56,Create room
1.74314E+12,108,Join Call
1.74314E+12,105,Join Call
1.74314E+12,104,Join Call
1.74314E+12,60,Create room
1.74314E+12,106,Join Call
1.74314E+12,57,Create room
1.74314E+12,106,Join Call
1.74314E+12,58,Create room
1.74314E+12,107,Join Call
1.74314E+12,107,Join Call
1.74314E+12,103,Join Call
1.74314E+12,109,Join Call
1.74314E+12,109,Join Call
1.74314E+12,58,Create room
1.74314E+12,59,Create room
1.74314E+12,59,Create room
1.74314E+12,55,Create room
1.74314E+12,53,Create room
1.74314E+12,54,Create room
1.74314E+12,58,Create room
1.74314E+12,104,Join Call
1.74314E+12,106,Join Call
1.74314E+12,106,Join Call
1.74314E+12,54,Create room
1.74314E+12,101,Join Call
1.74314E+12,60,Create room
1.74314E+12,107,Join Call
1.74314E+12,58,Create room
1.74314E+12,108,Join Call
1.74314E+12,105,Join Call
1.74314E+12,103,Join Call
1.74314E+12,105,Join Call
1.74314E+12,110,Join Call
1.74314E+12,59,Create room
1.74314E+12,51,Create room
1.74314E+12,59,Create room
1.74314E+12,57,Create room
1.74314E+12,57,Create room
1.74314E+12,57,Create room
1.74314E+12,58,Create room
1.74314E+12,108,Join Call
1.74314E+12,97,Join Call
1.74314E+12,105,Join Call
1.74314E+12,58,Create room
1.74314E+12,58,Create room
1.74314E+12,107,Join Call
1.74314E+12,57,Create room
1.74314E+12,107,Join Call
1.74314E+12,108,Join Call
1.74314E+12,108,Join Call
1.74314E+12,103,Join Call
1.74314E+12,108,Join Call
1.74314E+12,108,Join Call
1.74314E+12,57,Create room
1.74314E+12,58,Create room
1.74314E+12,59,Create room
1.74314E+12,59,Create room
1.74314E+12,56,Create room
1.74314E+12,57,Create room
1.74314E+12,58,Create room
1.74314E+12,108,Join Call
1.74314E+12,107,Join Call
1.74314E+12,104,Join Call
1.74314E+12,54,Create room
1.74314E+12,100,Join Call
1.74314E+12,56,Create room
1.74314E+12,56,Create room
1.74314E+12,101,Join Call
1.74314E+12,107,Join Call
1.74314E+12,103,Join Call
1.74314E+12,108,Join Call
1.74314E+12,108,Join Call
1.74314E+12,109,Join Call
1.74314E+12,60,Create room
1.74314E+12,59,Create room
1.74314E+12,56,Create room
1.74314E+12,54,Create room
1.74314E+12,56,Create room
1.74314E+12,59,Create room
1.74314E+12,56,Create room
1.74314E+12,106,Join Call
1.74314E+12,105,Join Call
1.74314E+12,102,Join Call
1.74314E+12,55,Create room
1.74314E+12,102,Join Call
1.74314E+12,60,Create room
1.74314E+12,59,Create room
1.74314E+12,108,Join Call
1.74314E+12,104,Join Call
1.74314E+12,104,Join Call
1.74314E+12,108,Join Call
1.74314E+12,105,Join Call
1.74314E+12,108,Join Call
1.74314E+12,55,Create room
1.74314E+12,55,Create room
1.74314E+12,57,Create room
1.74314E+12,54,Create room
1.74314E+12,58,Create room
1.74314E+12,54,Create room
1.74314E+12,103,Join Call
1.74314E+12,56,Create room
1.74314E+12,102,Join Call
1.74314E+12,107,Join Call
1.74314E+12,57,Create room
1.74314E+12,106,Join Call
1.74314E+12,58,Create room
1.74314E+12,53,Create room
1.74314E+12,106,Join Call
1.74314E+12,106,Join Call
1.74314E+12,105,Join Call
1.74314E+12,105,Join Call
1.74314E+12,102,Join Call
1.74314E+12,104,Join Call
1.74314E+12,55,Create room
1.74314E+12,56,Create room
1.74314E+12,59,Create room
1.74314E+12,57,Create room
1.74314E+12,59,Create room
1.74314E+12,58,Create room
1.74314E+12,102,Join Call
1.74314E+12,58,Create room
1.74314E+12,104,Join Call
1.74314E+12,105,Join Call
1.74314E+12,88,Join Call
1.74314E+12,68,Create room
1.74314E+12,65,Create room
1.74314E+12,72,Create room
1.74314E+12,118,Join Call
1.74314E+12,115,Join Call
1.74314E+12,59,Create room
1.74314E+12,117,Join Call
1.74314E+12,116,Join Call
1.74314E+12,118,Join Call
1.74314E+12,112,Join Call
1.74314E+12,56,Create room
1.74314E+12,59,Create room
1.74314E+12,53,Create room
1.74314E+12,56,Create room
1.74314E+12,55,Create room
1.74314E+12,103,Join Call
1.74314E+12,58,Create room
1.74314E+12,105,Join Call
1.74314E+12,109,Join Call
1.74314E+12,103,Join Call
1.74314E+12,59,Create room
1.74314E+12,60,Create room
1.74314E+12,59,Create room
1.74314E+12,103,Join Call
1.74314E+12,105,Join Call
1.74314E+12,56,Create room
1.74314E+12,103,Join Call
1.74314E+12,105,Join Call
1.74314E+12,108,Join Call
1.74314E+12,104,Join Call
1.74314E+12,54,Create room
1.74314E+12,58,Create room
1.74314E+12,57,Create room
1.74314E+12,56,Create room
1.74314E+12,58,Create room
1.74314E+12,55,Create room
1.74314E+12,106,Join Call
1.74314E+12,101,Join Call
1.74314E+12,103,Join Call
1.74314E+12,103,Join Call
1.74314E+12,57,Create room
1.74314E+12,57,Create room
1.74314E+12,57,Create room
1.74314E+12,104,Join Call
1.74314E+12,107,Join Call
1.74314E+12,59,Create room
1.74314E+12,107,Join Call
1.74314E+12,108,Join Call
1.74314E+12,107,Join Call
1.74314E+12,105,Join Call
1.74314E+12,54,Create room
1.74314E+12,58,Create room
1.74314E+12,58,Create room
1.74314E+12,57,Create room
1.74314E+12,55,Create room
1.74314E+12,58,Create room
1.74314E+12,108,Join Call
1.74314E+12,101,Join Call
1.74314E+12,104,Join Call
1.74314E+12,102,Join Call
1.74314E+12,52,Create room
1.74314E+12,60,Create room
1.74314E+12,59,Create room
1.74314E+12,104,Join Call
1.74314E+12,101,Join Call
1.74314E+12,57,Create room
1.74314E+12,108,Join Call
1.74314E+12,106,Join Call
1.74314E+12,107,Join Call
1.74314E+12,108,Join Call
1.74314E+12,57,Create room
1.74314E+12,57,Create room
1.74314E+12,58,Create room
1.74314E+12,57,Create room
1.74314E+12,56,Create room
1.74314E+12,54,Create room
1.74314E+12,105,Join Call
1.74314E+12,107,Join Call
1.74314E+12,106,Join Call
1.74314E+12,102,Join Call
1.74314E+12,56,Create room
1.74314E+12,59,Create room
1.74314E+12,55,Create room
1.74314E+12,104,Join Call
1.74314E+12,106,Join Call
1.74314E+12,58,Create room
1.74314E+12,102,Join Call
1.74314E+12,107,Join Call
1.74314E+12,105,Join Call
1.74314E+12,103,Join Call
1.74314E+12,76,Create room
1.74314E+12,78,Create room
1.74314E+12,70,Create room
1.74314E+12,73,Create room
1.74314E+12,73,Create room
1.74314E+12,73,Create room
1.74314E+12,124,Join Call
1.74314E+12,124,Join Call
1.74314E+12,121,Join Call
1.74314E+12,118,Join Call
1.74314E+12,58,Create room
1.74314E+12,55,Create room
1.74314E+12,57,Create room
1.74314E+12,105,Join Call
1.74314E+12,56,Create room
1.74314E+12,104,Join Call
1.74314E+12,99,Join Call
1.74314E+12,106,Join Call
1.74314E+12,108,Join Call
1.74314E+12,108,Join Call
1.74314E+12,60,Create room
1.74314E+12,58,Create room
1.74314E+12,57,Create room
1.74314E+12,58,Create room
1.74314E+12,52,Create room
1.74314E+12,54,Create room
1.74314E+12,106,Join Call
1.74314E+12,105,Join Call
1.74314E+12,102,Join Call
1.74314E+12,107,Join Call
1.74314E+12,57,Create room
1.74314E+12,61,Create room
1.74314E+12,58,Create room
1.74314E+12,107,Join Call
1.74314E+12,59,Create room
1.74314E+12,102,Join Call
1.74314E+12,111,Join Call
1.74314E+12,108,Join Call
1.74314E+12,112,Join Call
1.74314E+12,113,Join Call
1.74314E+12,61,Create room
1.74314E+12,57,Create room
1.74314E+12,59,Create room
1.74314E+12,58,Create room
1.74314E+12,57,Create room
1.74314E+12,57,Create room
1.74314E+12,106,Join Call
1.74314E+12,108,Join Call
1.74314E+12,107,Join Call
1.74314E+12,106,Join Call
1.74314E+12,58,Create room
1.74314E+12,59,Create room
1.74314E+12,59,Create room
1.74314E+12,58,Create room
1.74314E+12,106,Join Call
1.74314E+12,108,Join Call
1.74314E+12,106,Join Call
1.74314E+12,108,Join Call
1.74314E+12,107,Join Call
1.74314E+12,109,Join Call
1.74314E+12,62,Create room
1.74314E+12,56,Create room
1.74314E+12,58,Create room
1.74314E+12,59,Create room
1.74314E+12,58,Create room
1.74314E+12,57,Create room
1.74314E+12,108,Join Call
1.74314E+12,105,Join Call
1.74314E+12,105,Join Call
1.74314E+12,104,Join Call
1.74314E+12,54,Create room
1.74314E+12,58,Create room
1.74314E+12,57,Create room
1.74314E+12,57,Create room
1.74314E+12,106,Join Call
1.74314E+12,107,Join Call
1.74314E+12,107,Join Call
1.74314E+12,108,Join Call
1.74314E+12,106,Join Call
1.74314E+12,103,Join Call
1.74314E+12,57,Create room
1.74314E+12,59,Create room
1.74314E+12,57,Create room
1.74314E+12,59,Create room
1.74314E+12,57,Create room
1.74314E+12,56,Create room
1.74314E+12,100,Join Call
1.74314E+12,107,Join Call
1.74314E+12,107,Join Call
1.74314E+12,104,Join Call
1.74314E+12,59,Create room
1.74314E+12,57,Create room
1.74314E+12,58,Create room
1.74314E+12,59,Create room
1.74314E+12,103,Join Call
1.74314E+12,99,Join Call
1.74314E+12,103,Join Call
1.74314E+12,102,Join Call
1.74314E+12,105,Join Call
1.74314E+12,107,Join Call
1.74314E+12,79,Create room
1.74314E+12,79,Create room
1.74314E+12,80,Create room
1.74314E+12,110,Join Call
1.74314E+12,74,Create room
1.74314E+12,112,Join Call
1.74314E+12,76,Create room
1.74314E+12,111,Join Call
1.74314E+12,77,Create room
1.74314E+12,107,Join Call
1.74314E+12,52,Create room
1.74314E+12,54,Create room
1.74314E+12,58,Create room
1.74314E+12,58,Create room
1.74314E+12,105,Join Call
1.74314E+12,105,Join Call
1.74314E+12,105,Join Call
1.74314E+12,106,Join Call
1.74314E+12,102,Join Call
1.74314E+12,105,Join Call
1.74314E+12,56,Create room
1.74314E+12,57,Create room
1.74314E+12,60,Create room
1.74314E+12,107,Join Call
1.74314E+12,55,Create room
1.74314E+12,106,Join Call
1.74314E+12,59,Create room
1.74314E+12,107,Join Call
1.74314E+12,59,Create room
1.74314E+12,104,Join Call
1.74314E+12,58,Create room
1.74314E+12,56,Create room
1.74314E+12,56,Create room
1.74314E+12,57,Create room
1.74314E+12,98,Join Call
1.74314E+12,99,Join Call
1.74314E+12,106,Join Call
1.74314E+12,109,Join Call
1.74314E+12,107,Join Call
1.74314E+12,107,Join Call
1.74314E+12,59,Create room
1.74314E+12,56,Create room
1.74314E+12,59,Create room
1.74314E+12,105,Join Call
1.74314E+12,104,Join Call
1.74314E+12,54,Create room
1.74314E+12,57,Create room
1.74314E+12,109,Join Call
1.74314E+12,58,Create room
1.74314E+12,107,Join Call
1.74314E+12,57,Create room
1.74314E+12,58,Create room
1.74314E+12,59,Create room
1.74314E+12,58,Create room
1.74314E+12,104,Join Call
1.74314E+12,103,Join Call
1.74314E+12,105,Join Call
1.74314E+12,97,Join Call
1.74314E+12,106,Join Call
1.74314E+12,110,Join Call
1.74314E+12,54,Create room
1.74314E+12,59,Create room
1.74314E+12,58,Create room
1.74314E+12,56,Create room
1.74314E+12,108,Join Call
1.74314E+12,108,Join Call
1.74314E+12,58,Create room
1.74314E+12,107,Join Call
1.74314E+12,58,Create room
1.74314E+12,108,Join Call
1.74314E+12,58,Create room
1.74314E+12,56,Create room
1.74314E+12,54,Create room
1.74314E+12,54,Create room
1.74314E+12,103,Join Call
1.74314E+12,105,Join Call
1.74314E+12,99,Join Call
1.74314E+12,107,Join Call
1.74314E+12,107,Join Call
1.74314E+12,105,Join Call
1.74314E+12,58,Create room
1.74314E+12,59,Create room
1.74314E+12,55,Create room
1.74314E+12,58,Create room
1.74314E+12,110,Join Call
1.74314E+12,107,Join Call
1.74314E+12,105,Join Call
1.74314E+12,57,Create room
1.74314E+12,106,Join Call
1.74314E+12,59,Create room
1.74314E+12,51,Create room
1.74314E+12,57,Create room
1.74314E+12,58,Create room
1.74314E+12,56,Create room
1.74314E+12,98,Join Call
1.74314E+12,107,Join Call
1.74314E+12,109,Join Call
1.74314E+12,108,Join Call
1.74314E+12,99,Join Call
1.74314E+12,109,Join Call
1.74314E+12,56,Create room
1.74314E+12,54,Create room
1.74314E+12,56,Create room
1.74314E+12,99,Join Call
1.74314E+12,57,Create room
1.74314E+12,58,Create room
1.74314E+12,105,Join Call
1.74314E+12,110,Join Call
1.74314E+12,108,Join Call
1.74314E+12,56,Create room
1.74314E+12,57,Create room
1.74314E+12,59,Create room
1.74314E+12,56,Create room
1.74314E+12,57,Create room
1.74314E+12,107,Join Call
1.74314E+12,100,Join Call
1.74314E+12,108,Join Call
1.74314E+12,104,Join Call
1.74314E+12,101,Join Call
1.74314E+12,103,Join Call
1.74314E+12,58,Create room
1.74314E+12,58,Create room
1.74314E+12,57,Create room
1.74314E+12,107,Join Call
1.74314E+12,54,Create room
1.74314E+12,59,Create room
1.74314E+12,106,Join Call
1.74314E+12,106,Join Call
1.74314E+12,108,Join Call
1.74314E+12,57,Create room
1.74314E+12,57,Create room
1.74314E+12,54,Create room
1.74314E+12,55,Create room
1.74314E+12,59,Create room
1.74314E+12,108,Join Call
1.74314E+12,106,Join Call
1.74314E+12,107,Join Call
1.74314E+12,103,Join Call
1.74314E+12,108,Join Call
1.74314E+12,103,Join Call
1.74314E+12,58,Create room
1.74314E+12,59,Create room
1.74314E+12,57,Create room
1.74314E+12,107,Join Call
1.74314E+12,58,Create room
1.74314E+12,56,Create room
1.74314E+12,107,Join Call
1.74314E+12,107,Join Call
1.74314E+12,106,Join Call
1.74314E+12,59,Create room
1.74314E+12,60,Create room
1.74314E+12,58,Create room
1.74314E+12,57,Create room
1.74314E+12,60,Create room
1.74314E+12,104,Join Call
1.74314E+12,104,Join Call
1.74314E+12,107,Join Call
1.74314E+12,107,Join Call
1.74314E+12,104,Join Call
1.74314E+12,105,Join Call
1.74314E+12,96,Join Call
1.74314E+12,71,Create room
1.74314E+12,69,Create room
1.74314E+12,65,Create room
1.74314E+12,98,Join Call
1.74314E+12,70,Create room
1.74314E+12,100,Join Call
1.74314E+12,63,Create room
1.74314E+12,66,Create room
1.74314E+12,122,Join Call
1.74314E+12,58,Create room
1.74314E+12,58,Create room
1.74314E+12,58,Create room
1.74314E+12,54,Create room
1.74314E+12,102,Join Call
1.74314E+12,104,Join Call
1.74314E+12,104,Join Call
1.74314E+12,108,Join Call
1.74314E+12,108,Join Call
1.74314E+12,107,Join Call
1.74314E+12,57,Create room
1.74314E+12,59,Create room
1.74314E+12,108,Join Call
1.74314E+12,59,Create room
1.74314E+12,59,Create room
1.74314E+12,107,Join Call
1.74314E+12,58,Create room
1.74314E+12,110,Join Call
1.74314E+12,56,Create room
1.74314E+12,101,Join Call
1.74314E+12,57,Create room
1.74314E+12,51,Create room
1.74314E+12,55,Create room
1.74314E+12,58,Create room
1.74314E+12,106,Join Call
1.74314E+12,103,Join Call
1.74314E+12,105,Join Call
1.74314E+12,104,Join Call
1.74314E+12,106,Join Call
1.74314E+12,106,Join Call
1.74314E+12,58,Create room
1.74314E+12,59,Create room
1.74314E+12,108,Join Call
1.74314E+12,107,Join Call
1.74314E+12,59,Create room
1.74314E+12,106,Join Call
1.74314E+12,59,Create room
1.74314E+12,58,Create room
1.74314E+12,59,Create room
1.74314E+12,107,Join Call
1.74314E+12,59,Create room
1.74314E+12,57,Create room
1.74314E+12,57,Create room
1.74314E+12,59,Create room
1.74314E+12,108,Join Call
1.74314E+12,106,Join Call
1.74314E+12,105,Join Call
1.74314E+12,107,Join Call
1.74314E+12,107,Join Call
1.74314E+12,106,Join Call
1.74314E+12,58,Create room
1.74314E+12,61,Create room
1.74314E+12,116,Join Call
1.74314E+12,109,Join Call
1.74314E+12,60,Create room
1.74314E+12,61,Create room
1.74314E+12,58,Create room
1.74314E+12,111,Join Call
1.74314E+12,57,Create room
1.74314E+12,106,Join Call
1.74314E+12,57,Create room
1.74314E+12,58,Create room
1.74314E+12,57,Create room
1.74314E+12,55,Create room
1.74314E+12,104,Join Call
1.74314E+12,106,Join Call
1.74314E+12,102,Join Call
1.74314E+12,105,Join Call
1.74314E+12,109,Join Call
1.74314E+12,104,Join Call
1.74314E+12,58,Create room
1.74314E+12,57,Create room
1.74314E+12,107,Join Call
1.74314E+12,57,Create room
1.74314E+12,107,Join Call
1.74314E+12,106,Join Call
1.74314E+12,59,Create room
1.74314E+12,58,Create room
1.74314E+12,53,Create room
1.74314E+12,109,Join Call
1.74314E+12,57,Create room
1.74314E+12,60,Create room
1.74314E+12,59,Create room
1.74314E+12,61,Create room
1.74314E+12,108,Join Call
1.74314E+12,118,Join Call
1.74314E+12,104,Join Call
1.74314E+12,112,Join Call
1.74314E+12,110,Join Call
1.74314E+12,120,Join Call
1.74314E+12,60,Create room
1.74314E+12,110,Join Call
1.74314E+12,116,Join Call
1.74314E+12,70,Create room
1.74314E+12,111,Join Call
1.74314E+12,72,Create room
1.74314E+12,59,Create room
1.74314E+12,62,Create room
1.74314E+12,107,Join Call
1.74314E+12,60,Create room
1.74314E+12,59,Create room
1.74314E+12,59,Create room
1.74314E+12,58,Create room
1.74314E+12,59,Create room
1.74314E+12,106,Join Call
1.74314E+12,105,Join Call
1.74314E+12,109,Join Call
1.74314E+12,109,Join Call
1.74314E+12,108,Join Call
1.74314E+12,108,Join Call
1.74314E+12,60,Create room
1.74314E+12,60,Create room
1.74314E+12,110,Join Call
1.74314E+12,57,Create room
1.74314E+12,110,Join Call
1.74314E+12,110,Join Call
1.74314E+12,60,Create room
1.74314E+12,58,Create room
1.74314E+12,58,Create room
1.74314E+12,109,Join Call
1.74314E+12,52,Create room
1.74314E+12,55,Create room
1.74314E+12,57,Create room
1.74314E+12,56,Create room
1.74314E+12,107,Join Call
1.74314E+12,107,Join Call
1.74314E+12,106,Join Call
1.74314E+12,105,Join Call
1.74314E+12,107,Join Call
1.74314E+12,106,Join Call
1.74314E+12,63,Create room
1.74314E+12,111,Join Call
1.74314E+12,61,Create room
1.74314E+12,110,Join Call
1.74314E+12,62,Create room
1.74314E+12,112,Join Call
1.74314E+12,62,Create room
1.74314E+12,61,Create room
1.74314E+12,109,Join Call
1.74314E+12,61,Create room
1.74314E+12,58,Create room
1.74314E+12,59,Create room
1.74314E+12,57,Create room
1.74314E+12,57,Create room
1.74314E+12,109,Join Call
1.74314E+12,106,Join Call
1.74314E+12,107,Join Call
1.74314E+12,108,Join Call
1.74314E+12,108,Join Call
1.74314E+12,106,Join Call
1.74314E+12,59,Create room
1.74314E+12,61,Create room
1.74314E+12,111,Join Call
1.74314E+12,59,Create room
1.74314E+12,111,Join Call
1.74314E+12,109,Join Call
1.74314E+12,60,Create room
1.74314E+12,60,Create room
1.74314E+12,109,Join Call
1.74314E+12,62,Create room
1.74314E+12,56,Create room
1.74314E+12,58,Create room
1.74314E+12,57,Create room
1.74314E+12,61,Create room
1.74314E+12,106,Join Call
1.74314E+12,107,Join Call
1.74314E+12,107,Join Call
1.74314E+12,107,Join Call
1.74314E+12,107,Join Call
1.74314E+12,107,Join Call
1.74314E+12,63,Create room
1.74314E+12,55,Create room
1.74314E+12,56,Create room
1.74314E+12,106,Join Call
1.74314E+12,110,Join Call
1.74314E+12,109,Join Call
1.74314E+12,58,Create room
1.74314E+12,58,Create room
1.74314E+12,55,Create room
1.74314E+12,107,Join Call
1.74314E+12,58,Create room
1.74314E+12,55,Create room
1.74314E+12,57,Create room
1.74314E+12,61,Create room
1.74314E+12,105,Join Call
1.74314E+12,104,Join Call
1.74314E+12,103,Join Call
1.74314E+12,107,Join Call
1.74314E+12,105,Join Call
1.74314E+12,106,Join Call
1.74314E+12,60,Create room
1.74314E+12,59,Create room
1.74314E+12,59,Create room
1.74314E+12,110,Join Call
1.74314E+12,111,Join Call
1.74314E+12,108,Join Call
1.74314E+12,60,Create room
1.74314E+12,60,Create room
1.74314E+12,59,Create room
1.74314E+12,105,Join Call
1.74314E+12,57,Create room
1.74314E+12,60,Create room
1.74314E+12,62,Create room
1.74314E+12,58,Create room
1.74314E+12,106,Join Call
1.74314E+12,109,Join Call
1.74314E+12,109,Join Call
1.74314E+12,107,Join Call
1.74314E+12,109,Join Call
1.74314E+12,109,Join Call
1.74314E+12,59,Create room
1.74314E+12,59,Create room
1.74314E+12,59,Create room
1.74314E+12,112,Join Call
1.74314E+12,108,Join Call
1.74314E+12,108,Join Call
1.74314E+12,58,Create room
1.74314E+12,59,Create room
1.74314E+12,59,Create room
1.74314E+12,113,Join Call
1.74314E+12,75,Create room
1.74314E+12,78,Create room
1.74314E+12,80,Create room
1.74314E+12,75,Create room
1.74314E+12,129,Join Call
1.74314E+12,125,Join Call
1.74314E+12,128,Join Call
1.74314E+12,118,Join Call
1.74314E+12,128,Join Call
1.74314E+12,126,Join Call
1.74314E+12,54,Create room
1.74314E+12,56,Create room
1.74314E+12,60,Create room
1.74314E+12,60,Create room
1.74314E+12,106,Join Call
1.74314E+12,109,Join Call
1.74314E+12,105,Join Call
1.74314E+12,58,Create room
1.74314E+12,58,Create room
1.74314E+12,106,Join Call
1.74314E+12,54,Create room
1.74314E+12,57,Create room
1.74314E+12,55,Create room
1.74314E+12,58,Create room
1.74314E+12,104,Join Call
1.74314E+12,101,Join Call
1.74314E+12,98,Join Call
1.74314E+12,107,Join Call
1.74314E+12,109,Join Call
1.74314E+12,106,Join Call
1.74314E+12,61,Create room
1.74314E+12,60,Create room
1.74314E+12,58,Create room
1.74314E+12,106,Join Call
1.74314E+12,59,Create room
1.74314E+12,107,Join Call
1.74314E+12,110,Join Call
1.74314E+12,59,Create room
1.74314E+12,105,Join Call
1.74314E+12,61,Create room
1.74314E+12,57,Create room
1.74314E+12,57,Create room
1.74314E+12,58,Create room
1.74314E+12,56,Create room
1.74314E+12,103,Join Call
1.74314E+12,103,Join Call
1.74314E+12,99,Join Call
1.74314E+12,106,Join Call
1.74314E+12,103,Join Call
1.74314E+12,101,Join Call
1.74314E+12,59,Create room
1.74314E+12,58,Create room
1.74314E+12,59,Create room
1.74314E+12,107,Join Call
1.74314E+12,104,Join Call
1.74314E+12,59,Create room
1.74314E+12,54,Create room
1.74314E+12,110,Join Call
1.74314E+12,59,Create room
1.74314E+12,104,Join Call
1.74314E+12,55,Create room
1.74314E+12,58,Create room
1.74314E+12,54,Create room
1.74314E+12,57,Create room
1.74314E+12,103,Join Call
1.74314E+12,103,Join Call
1.74314E+12,103,Join Call
1.74314E+12,108,Join Call
1.74314E+12,107,Join Call
1.74314E+12,106,Join Call
1.74314E+12,57,Create room
1.74314E+12,55,Create room
1.74314E+12,57,Create room
1.74314E+12,104,Join Call
1.74314E+12,107,Join Call
1.74314E+12,55,Create room
1.74314E+12,110,Join Call
1.74314E+12,58,Create room
1.74314E+12,58,Create room
1.74314E+12,107,Join Call
1.74314E+12,54,Create room
1.74314E+12,57,Create room
1.74314E+12,57,Create room
1.74314E+12,59,Create room
1.74314E+12,100,Join Call
1.74314E+12,105,Join Call
1.74314E+12,102,Join Call
1.74314E+12,101,Join Call
1.74314E+12,107,Join Call
1.74314E+12,109,Join Call
1.74314E+12,61,Create room
1.74314E+12,58,Create room
1.74314E+12,57,Create room
1.74314E+12,103,Join Call
1.74314E+12,59,Create room
1.74314E+12,104,Join Call
1.74314E+12,57,Create room
1.74314E+12,108,Join Call
1.74314E+12,105,Join Call
1.74314E+12,59,Create room
1.74314E+12,56,Create room
1.74314E+12,57,Create room
1.74314E+12,56,Create room
1.74314E+12,59,Create room
1.74314E+12,101,Join Call
1.74314E+12,107,Join Call
1.74314E+12,107,Join Call
1.74314E+12,104,Join Call
1.74314E+12,101,Join Call
1.74314E+12,104,Join Call
1.74314E+12,57,Create room
1.74314E+12,58,Create room
1.74314E+12,60,Create room
1.74314E+12,107,Join Call
1.74314E+12,54,Create room
1.74314E+12,107,Join Call
1.74314E+12,56,Create room
1.74314E+12,104,Join Call
1.74314E+12,57,Create room
1.74314E+12,109,Join Call
1.74314E+12,56,Create room
1.74314E+12,59,Create room
1.74314E+12,57,Create room
1.74314E+12,60,Create room
1.74314E+12,107,Join Call
1.74314E+12,101,Join Call
1.74314E+12,107,Join Call
1.74314E+12,106,Join Call
1.74314E+12,109,Join Call
1.74314E+12,108,Join Call
1.74314E+12,59,Create room
1.74314E+12,59,Create room
1.74314E+12,58,Create room
1.74314E+12,105,Join Call
1.74314E+12,55,Create room
1.74314E+12,107,Join Call
1.74314E+12,58,Create room
1.74314E+12,107,Join Call
1.74314E+12,57,Create room
1.74314E+12,108,Join Call
1.74314E+12,57,Create room
1.74314E+12,59,Create room
1.74314E+12,58,Create room
1.74314E+12,56,Create room
1.74314E+12,101,Join Call
1.74314E+12,107,Join Call
1.74314E+12,100,Join Call
1.74314E+12,104,Join Call
1.74314E+12,103,Join Call
1.74314E+12,107,Join Call
1.74314E+12,57,Create room
1.74314E+12,56,Create room
1.74314E+12,58,Create room
1.74314E+12,55,Create room
1.74314E+12,107,Join Call
1.74314E+12,58,Create room
1.74314E+12,109,Join Call
1.74314E+12,109,Join Call
1.74314E+12,58,Create room
1.74314E+12,108,Join Call
1.74314E+12,59,Create room
1.74314E+12,55,Create room
1.74314E+12,57,Create room
1.74314E+12,104,Join Call
1.74314E+12,108,Join Call
1.74314E+12,57,Create room
1.74314E+12,111,Join Call
1.74314E+12,103,Join Call
1.74314E+12,109,Join Call
1.74314E+12,109,Join Call
1.74314E+12,50,Create room
1.74314E+12,57,Create room
1.74314E+12,54,Create room
1.74314E+12,59,Create room
1.74314E+12,107,Join Call
1.74314E+12,106,Join Call
1.74314E+12,56,Create room
1.74314E+12,103,Join Call
1.74314E+12,58,Create room
1.74314E+12,106,Join Call
1.74314E+12,59,Create room
1.74314E+12,55,Create room
1.74314E+12,54,Create room
1.74314E+12,104,Join Call
1.74314E+12,58,Create room
1.74314E+12,109,Join Call
1.74314E+12,109,Join Call
1.74314E+12,107,Join Call
1.74314E+12,102,Join Call
1.74314E+12,102,Join Call
1.74314E+12,59,Create room
1.74314E+12,56,Create room
1.74314E+12,53,Create room
1.74314E+12,54,Create room
1.74314E+12,109,Join Call
1.74314E+12,105,Join Call
1.74314E+12,60,Create room
1.74314E+12,107,Join Call
1.74314E+12,59,Create room
1.74314E+12,107,Join Call
1.74314E+12,57,Create room
1.74314E+12,56,Create room
1.74314E+12,102,Join Call
1.74314E+12,58,Create room
1.74314E+12,104,Join Call
1.74314E+12,100,Join Call
1.74314E+12,56,Create room
1.74314E+12,106,Join Call
1.74314E+12,104,Join Call
1.74314E+12,55,Create room
1.74314E+12,104,Join Call
1.74314E+12,59,Create room
1.74314E+12,57,Create room
1.74314E+12,58,Create room
1.74314E+12,106,Join Call
1.74314E+12,104,Join Call
1.74314E+12,56,Create room
1.74314E+12,107,Join Call
1.74314E+12,58,Create room
1.74314E+12,104,Join Call
1.74314E+12,59,Create room
1.74314E+12,58,Create room
1.74314E+12,103,Join Call
1.74314E+12,56,Create room
1.74314E+12,57,Create room
1.74314E+12,106,Join Call
1.74314E+12,107,Join Call
1.74314E+12,105,Join Call
1.74314E+12,103,Join Call
1.74314E+12,57,Create room
1.74314E+12,106,Join Call
1.74314E+12,55,Create room
1.74314E+12,58,Create room
1.74314E+12,57,Create room
1.74314E+12,108,Join Call
1.74314E+12,57,Create room
1.74314E+12,107,Join Call
1.74314E+12,103,Join Call
1.74314E+12,57,Create room
1.74314E+12,107,Join Call
1.74314E+12,58,Create room
1.74314E+12,102,Join Call
1.74314E+12,56,Create room
1.74314E+12,58,Create room
1.74314E+12,58,Create room
1.74314E+12,110,Join Call
1.74314E+12,102,Join Call
1.74314E+12,108,Join Call
1.74314E+12,108,Join Call
1.74314E+12,57,Create room
1.74314E+12,102,Join Call
1.74314E+12,53,Create room
1.74314E+12,58,Create room
1.74314E+12,59,Create room
1.74314E+12,98,Join Call
1.74314E+12,59,Create room
1.74314E+12,109,Join Call
1.74314E+12,55,Create room
1.74314E+12,109,Join Call
1.74314E+12,102,Join Call
1.74314E+12,55,Create room
1.74314E+12,102,Join Call
1.74314E+12,56,Create room
1.74314E+12,60,Create room
1.74314E+12,57,Create room
1.74314E+12,105,Join Call
1.74314E+12,104,Join Call
1.74314E+12,108,Join Call
1.74314E+12,107,Join Call
1.74314E+12,59,Create room
1.74314E+12,109,Join Call
1.74314E+12,54,Create room
1.74314E+12,54,Create room
1.74314E+12,60,Create room
1.74314E+12,104,Join Call
1.74314E+12,103,Join Call
1.74314E+12,56,Create room
1.74314E+12,103,Join Call
1.74314E+12,60,Create room
1.74314E+12,108,Join Call
1.74314E+12,61,Create room
1.74314E+12,108,Join Call
1.74314E+12,58,Create room
1.74314E+12,60,Create room
1.74314E+12,104,Join Call
1.74314E+12,61,Create room
1.74314E+12,108,Join Call
1.74314E+12,108,Join Call
1.74314E+12,105,Join Call
1.74314E+12,53,Create room
1.74314E+12,110,Join Call
1.74314E+12,59,Create room
1.74314E+12,57,Create room
1.74314E+12,59,Create room
1.74314E+12,109,Join Call
1.74314E+12,98,Join Call
1.74314E+12,59,Create room
1.74314E+12,105,Join Call
1.74314E+12,102,Join Call
1.74314E+12,59,Create room
1.74314E+12,53,Create room
1.74314E+12,98,Join Call
1.74314E+12,59,Create room
1.74314E+12,55,Create room
1.74314E+12,55,Create room
1.74314E+12,105,Join Call
1.74314E+12,104,Join Call
1.74314E+12,107,Join Call
1.74314E+12,59,Create room
1.74314E+12,107,Join Call
1.74314E+12,110,Join Call
1.74314E+12,60,Create room
1.74314E+12,57,Create room
1.74314E+12,58,Create room
1.74314E+12,105,Join Call
1.74314E+12,105,Join Call
1.74314E+12,60,Create room
1.74314E+12,106,Join Call
1.74314E+12,105,Join Call
1.74314E+12,56,Create room
1.74314E+12,102,Join Call
1.74314E+12,57,Create room
1.74314E+12,56,Create room
1.74314E+12,57,Create room
1.74314E+12,56,Create room
1.74314E+12,104,Join Call
1.74314E+12,105,Join Call
1.74314E+12,105,Join Call
1.74314E+12,57,Create room
1.74314E+12,106,Join Call
1.74314E+12,106,Join Call
1.74314E+12,53,Create room
1.74314E+12,55,Create room
1.74314E+12,59,Create room
1.74314E+12,102,Join Call
1.74314E+12,108,Join Call
1.74314E+12,57,Create room
1.74314E+12,108,Join Call
1.74314E+12,104,Join Call
1.74314E+12,58,Create room
1.74314E+12,55,Create room
1.74314E+12,106,Join Call
1.74314E+12,57,Create room
1.74314E+12,57,Create room
1.74314E+12,58,Create room
1.74314E+12,104,Join Call
1.74314E+12,108,Join Call
1.74314E+12,106,Join Call
1.74314E+12,59,Create room
1.74314E+12,105,Join Call
1.74314E+12,104,Join Call
1.74314E+12,51,Create room
1.74314E+12,57,Create room
1.74314E+12,56,Create room
1.74314E+12,109,Join Call
1.74314E+12,108,Join Call
1.74314E+12,58,Create room
1.74314E+12,107,Join Call
1.74314E+12,106,Join Call
1.74314E+12,56,Create room
1.74314E+12,56,Create room
1.74314E+12,57,Create room
1.74314E+12,108,Join Call
1.74314E+12,56,Create room
1.74314E+12,102,Join Call
1.74314E+12,58,Create room
1.74314E+12,105,Join Call
1.74314E+12,107,Join Call
1.74314E+12,56,Create room
1.74314E+12,106,Join Call
1.74314E+12,56,Create room
1.74314E+12,107,Join Call
1.74314E+12,55,Create room
1.74314E+12,60,Create room
1.74314E+12,105,Join Call
1.74314E+12,104,Join Call
1.74314E+12,59,Create room
1.74314E+12,106,Join Call
1.74314E+12,108,Join Call
1.74314E+12,51,Create room
1.74314E+12,104,Join Call
1.74314E+12,57,Create room
1.74314E+12,58,Create room
1.74314E+12,54,Create room
1.74314E+12,106,Join Call
1.74314E+12,59,Create room
1.74314E+12,108,Join Call
1.74314E+12,106,Join Call
1.74314E+12,55,Create room
1.74314E+12,103,Join Call
1.74314E+12,57,Create room
1.74314E+12,110,Join Call
1.74314E+12,59,Create room
1.74314E+12,57,Create room
1.74314E+12,101,Join Call
1.74314E+12,107,Join Call
1.74314E+12,105,Join Call
1.74314E+12,59,Create room
1.74314E+12,103,Join Call
1.74314E+12,58,Create room
1.74314E+12,53,Create room
1.74314E+12,107,Join Call
1.74314E+12,57,Create room
1.74314E+12,104,Join Call
1.74314E+12,99,Join Call
1.74314E+12,64,Create room
1.74314E+12,64,Create room
1.74314E+12,100,Join Call
1.74314E+12,65,Create room
1.74314E+12,53,Create room
1.74314E+12,115,Join Call
1.74314E+12,58,Create room
1.74314E+12,109,Join Call
1.74314E+12,56,Create room
1.74314E+12,110,Join Call
1.74314E+12,115,Join Call
1.74314E+12,106,Join Call
1.74314E+12,57,Create room
1.74314E+12,108,Join Call
1.74314E+12,58,Create room
1.74314E+12,56,Create room
1.74314E+12,104,Join Call
1.74314E+12,55,Create room
1.74314E+12,103,Join Call
1.74314E+12,105,Join Call
1.74314E+12,58,Create room
1.74314E+12,106,Join Call
1.74314E+12,58,Create room
1.74314E+12,58,Create room
1.74314E+12,54,Create room
1.74314E+12,53,Create room
1.74314E+12,108,Join Call
1.74314E+12,106,Join Call
1.74314E+12,57,Create room
1.74314E+12,105,Join Call
1.74314E+12,99,Join Call
1.74314E+12,104,Join Call
1.74314E+12,57,Create room
1.74314E+12,108,Join Call
1.74314E+12,59,Create room
1.74314E+12,57,Create room
1.74314E+12,106,Join Call
1.74314E+12,60,Create room
1.74314E+12,104,Join Call
1.74314E+12,108,Join Call
1.74314E+12,59,Create room
1.74314E+12,105,Join Call
1.74314E+12,58,Create room
1.74314E+12,56,Create room
1.74314E+12,56,Create room
1.74314E+12,104,Join Call
1.74314E+12,57,Create room
1.74314E+12,104,Join Call
1.74314E+12,56,Create room
1.74314E+12,114,Join Call
1.74314E+12,107,Join Call
1.74314E+12,54,Create room
1.74314E+12,104,Join Call
1.74314E+12,55,Create room
1.74314E+12,114,Join Call
1.74314E+12,104,Join Call
1.74314E+12,60,Create room
1.74314E+12,57,Create room
1.74314E+12,105,Join Call
1.74314E+12,51,Create room
1.74314E+12,106,Join Call
1.74314E+12,104,Join Call
1.74314E+12,59,Create room
1.74314E+12,59,Create room
1.74314E+12,57,Create room
1.74314E+12,108,Join Call
1.74314E+12,59,Create room
1.74314E+12,56,Create room
1.74314E+12,108,Join Call
1.74314E+12,101,Join Call
1.74314E+12,101,Join Call
1.74314E+12,106,Join Call
1.74314E+12,57,Create room
1.74314E+12,59,Create room
1.74314E+12,106,Join Call
1.74314E+12,54,Create room
1.74314E+12,58,Create room
1.74314E+12,102,Join Call
1.74314E+12,102,Join Call
1.74314E+12,59,Create room
1.74314E+12,109,Join Call
1.74314E+12,110,Join Call
1.74314E+12,57,Create room
1.74314E+12,59,Create room
1.74314E+12,57,Create room
1.74314E+12,103,Join Call
1.74314E+12,57,Create room
1.74314E+12,105,Join Call
1.74314E+12,58,Create room
1.74314E+12,105,Join Call
1.74314E+12,108,Join Call
1.74314E+12,56,Create room
1.74314E+12,109,Join Call
1.74314E+12,56,Create room
1.74314E+12,107,Join Call
1.74314E+12,59,Create room
1.74314E+12,107,Join Call
1.74314E+12,58,Create room
1.74314E+12,106,Join Call
1.74314E+12,56,Create room
1.74314E+12,103,Join Call
1.74314E+12,105,Join Call
1.74314E+12,56,Create room
1.74314E+12,56,Create room
1.74314E+12,57,Create room
1.74314E+12,96,Join Call
1.74314E+12,59,Create room
1.74314E+12,56,Create room
1.74314E+12,108,Join Call
1.74314E+12,103,Join Call
1.74314E+12,106,Join Call
1.74314E+12,56,Create room
1.74314E+12,107,Join Call
1.74314E+12,60,Create room
1.74314E+12,102,Join Call
1.74314E+12,59,Create room
1.74314E+12,59,Create room
1.74314E+12,107,Join Call
1.74314E+12,109,Join Call
1.74314E+12,99,Join Call
1.74314E+12,59,Create room
1.74314E+12,104,Join Call
1.74314E+12,57,Create room
1.74314E+12,103,Join Call
1.74314E+12,56,Create room
1.74314E+12,58,Create room
1.74314E+12,57,Create room
1.74314E+12,60,Create room
1.74314E+12,107,Join Call
1.74314E+12,104,Join Call
1.74314E+12,110,Join Call
1.74314E+12,59,Create room
1.74314E+12,107,Join Call
1.74314E+12,59,Create room
1.74314E+12,107,Join Call
1.74314E+12,57,Create room
1.74314E+12,108,Join Call
1.74314E+12,56,Create room
1.74314E+12,109,Join Call
1.74314E+12,102,Join Call
1.74314E+12,102,Join Call
1.74314E+12,58,Create room
1.74314E+12,58,Create room
1.74314E+12,53,Create room
1.74314E+12,105,Join Call
1.74314E+12,59,Create room
1.74314E+12,58,Create room
1.74314E+12,58,Create room
1.74314E+12,107,Join Call
1.74314E+12,103,Join Call
1.74314E+12,103,Join Call
1.74314E+12,56,Create room
1.74314E+12,105,Join Call
1.74314E+12,57,Create room
1.74314E+12,108,Join Call
1.74314E+12,56,Create room
1.74314E+12,105,Join Call
1.74314E+12,57,Create room
1.74314E+12,106,Join Call
1.74314E+12,107,Join Call
1.74314E+12,104,Join Call
1.74314E+12,57,Create room
1.74314E+12,59,Create room
1.74314E+12,104,Join Call
1.74314E+12,57,Create room
1.74314E+12,53,Create room
1.74314E+12,59,Create room
1.74314E+12,57,Create room
1.74314E+12,105,Join Call
1.74314E+12,105,Join Call
1.74314E+12,108,Join Call
1.74314E+12,57,Create room
1.74314E+12,105,Join Call
1.74314E+12,56,Create room
1.74314E+12,107,Join Call
1.74314E+12,59,Create room
1.74314E+12,106,Join Call
1.74314E+12,59,Create room
1.74314E+12,109,Join Call
1.74314E+12,107,Join Call
1.74314E+12,103,Join Call
1.74314E+12,56,Create room
1.74314E+12,59,Create room
1.74314E+12,107,Join Call
1.74314E+12,59,Create room
1.74314E+12,59,Create room
1.74314E+12,56,Create room
1.74314E+12,58,Create room
1.74314E+12,107,Join Call
1.74314E+12,105,Join Call
1.74314E+12,103,Join Call
1.74314E+12,58,Create room
1.74314E+12,109,Join Call
1.74314E+12,57,Create room
1.74314E+12,60,Create room
1.74314E+12,109,Join Call
1.74314E+12,58,Create room
1.74314E+12,107,Join Call
1.74314E+12,104,Join Call
1.74314E+12,101,Join Call
1.74314E+12,105,Join Call
1.74314E+12,58,Create room
1.74314E+12,57,Create room
1.74314E+12,105,Join Call
1.74314E+12,57,Create room
1.74314E+12,52,Create room
1.74314E+12,56,Create room
1.74314E+12,57,Create room
1.74314E+12,106,Join Call
1.74314E+12,104,Join Call
1.74314E+12,105,Join Call
1.74314E+12,57,Create room
1.74314E+12,107,Join Call
1.74314E+12,58,Create room
1.74314E+12,102,Join Call
1.74314E+12,57,Create room
1.74314E+12,58,Create room
1.74314E+12,108,Join Call
1.74314E+12,107,Join Call
1.74314E+12,106,Join Call
1.74314E+12,108,Join Call
1.74314E+12,60,Create room
1.74314E+12,53,Create room
1.74314E+12,100,Join Call
1.74314E+12,56,Create room
1.74314E+12,59,Create room
1.74314E+12,58,Create room
1.74314E+12,58,Create room
1.74314E+12,103,Join Call
1.74314E+12,104,Join Call
1.74314E+12,51,Create room
1.74314E+12,107,Join Call
1.74314E+12,105,Join Call
1.74314E+12,102,Join Call
1.74314E+12,59,Create room
1.74314E+12,58,Create room
1.74314E+12,57,Create room
1.74314E+12,108,Join Call
1.74314E+12,106,Join Call
1.74314E+12,108,Join Call
1.74314E+12,105,Join Call
1.74314E+12,57,Create room
1.74314E+12,56,Create room
1.74314E+12,104,Join Call
1.74314E+12,61,Create room
1.74314E+12,91,Join Call
1.74314E+12,69,Create room
1.74314E+12,70,Create room
1.74314E+12,93,Join Call
1.74314E+12,67,Create room
1.74314E+12,68,Create room
1.74314E+12,115,Join Call
1.74314E+12,58,Create room
1.74314E+12,57,Create room
1.74314E+12,114,Join Call
1.74314E+12,118,Join Call
1.74314E+12,108,Join Call
1.74314E+12,60,Create room
1.74314E+12,101,Join Call
1.74314E+12,107,Join Call
1.74314E+12,105,Join Call
1.74314E+12,57,Create room
1.74314E+12,104,Join Call
1.74314E+12,58,Create room
1.74314E+12,57,Create room
1.74314E+12,104,Join Call
1.74314E+12,59,Create room
1.74314E+12,55,Create room
1.74314E+12,103,Join Call
1.74314E+12,57,Create room
1.74314E+12,57,Create room
1.74314E+12,106,Join Call
1.74314E+12,59,Create room
1.74314E+12,56,Create room
1.74314E+12,103,Join Call
1.74314E+12,100,Join Call
1.74314E+12,104,Join Call
1.74314E+12,57,Create room
1.74314E+12,109,Join Call
1.74314E+12,108,Join Call
1.74314E+12,103,Join Call
1.74314E+12,59,Create room
1.74314E+12,104,Join Call
1.74314E+12,60,Create room
1.74314E+12,57,Create room
1.74314E+12,104,Join Call
1.74314E+12,108,Join Call
1.74314E+12,60,Create room
1.74314E+12,60,Create room
1.74314E+12,56,Create room
1.74314E+12,56,Create room
1.74314E+12,109,Join Call
1.74314E+12,55,Create room
1.74314E+12,58,Create room
1.74314E+12,100,Join Call
1.74314E+12,105,Join Call
1.74314E+12,108,Join Call
1.74314E+12,55,Create room
1.74314E+12,101,Join Call
1.74314E+12,106,Join Call
1.74314E+12,107,Join Call
1.74314E+12,59,Create room
1.74314E+12,105,Join Call
1.74314E+12,59,Create room
1.74314E+12,56,Create room
1.74314E+12,109,Join Call
1.74314E+12,53,Create room
1.74314E+12,108,Join Call
1.74314E+12,59,Create room
1.74314E+12,58,Create room
1.74314E+12,54,Create room
1.74314E+12,104,Join Call
1.74314E+12,52,Create room
1.74314E+12,103,Join Call
1.74314E+12,58,Create room
1.74314E+12,104,Join Call
1.74314E+12,108,Join Call
1.74314E+12,58,Create room
1.74314E+12,103,Join Call
1.74314E+12,109,Join Call
1.74314E+12,107,Join Call
1.74314E+12,59,Create room
1.74314E+12,109,Join Call
1.74314E+12,56,Create room
1.74314E+12,54,Create room
1.74314E+12,105,Join Call
1.74314E+12,59,Create room
1.74314E+12,108,Join Call
1.74314E+12,57,Create room
1.74314E+12,57,Create room
1.74314E+12,58,Create room
1.74314E+12,105,Join Call
1.74314E+12,56,Create room
1.74314E+12,56,Create room
1.74314E+12,106,Join Call
1.74314E+12,102,Join Call
1.74314E+12,104,Join Call
1.74314E+12,60,Create room
1.74314E+12,109,Join Call
1.74314E+12,103,Join Call
1.74314E+12,107,Join Call
1.74314E+12,56,Create room
1.74314E+12,55,Create room
1.74314E+12,107,Join Call
1.74314E+12,58,Create room
1.74314E+12,110,Join Call
1.74314E+12,55,Create room
1.74314E+12,106,Join Call
1.74314E+12,56,Create room
1.74314E+12,59,Create room
1.74314E+12,58,Create room
1.74314E+12,107,Join Call
1.74314E+12,100,Join Call
1.74314E+12,56,Create room
1.74314E+12,53,Create room
1.74314E+12,104,Join Call
1.74314E+12,108,Join Call
1.74314E+12,57,Create room
1.74314E+12,105,Join Call
1.74314E+12,109,Join Call
1.74314E+12,105,Join Call
1.74314E+12,58,Create room
1.74314E+12,58,Create room
1.74314E+12,106,Join Call
1.74314E+12,55,Create room
1.74314E+12,108,Join Call
1.74314E+12,108,Join Call
1.74314E+12,53,Create room
1.74314E+12,55,Create room
1.74314E+12,59,Create room
1.74314E+12,56,Create room
1.74314E+12,106,Join Call
1.74314E+12,56,Create room
1.74314E+12,109,Join Call
1.74314E+12,59,Create room
1.74314E+12,106,Join Call
1.74314E+12,103,Join Call
1.74314E+12,56,Create room
1.74314E+12,106,Join Call
1.74314E+12,108,Join Call
1.74314E+12,56,Create room
1.74314E+12,108,Join Call
1.74314E+12,60,Create room
1.74314E+12,105,Join Call
1.74314E+12,58,Create room
1.74314E+12,106,Join Call
1.74314E+12,105,Join Call
1.74314E+12,59,Create room
1.74314E+12,59,Create room
1.74314E+12,55,Create room
1.74314E+12,55,Create room
1.74314E+12,104,Join Call
1.74314E+12,57,Create room
1.74314E+12,57,Create room
1.74314E+12,107,Join Call
1.74314E+12,103,Join Call
1.74314E+12,105,Join Call
1.74314E+12,57,Create room
1.74314E+12,106,Join Call
1.74314E+12,104,Join Call
1.74314E+12,106,Join Call
1.74314E+12,59,Create room
1.74314E+12,58,Create room
1.74314E+12,108,Join Call
1.74314E+12,55,Create room
1.74314E+12,106,Join Call
1.74314E+12,54,Create room
1.74314E+12,109,Join Call
1.74314E+12,57,Create room
1.74314E+12,59,Create room
1.74314E+12,56,Create room
1.74314E+12,107,Join Call
1.74314E+12,105,Join Call
1.74314E+12,59,Create room
1.74314E+12,61,Create room
1.74314E+12,107,Join Call
1.74314E+12,104,Join Call
1.74314E+12,100,Join Call
1.74314E+12,61,Create room
1.74314E+12,107,Join Call
1.74314E+12,105,Join Call
1.74314E+12,57,Create room
1.74314E+12,101,Join Call
1.74314E+12,59,Create room
1.74314E+12,57,Create room
1.74314E+12,57,Create room
1.74314E+12,55,Create room
1.74314E+12,56,Create room
1.74314E+12,106,Join Call
1.74314E+12,106,Join Call
1.74314E+12,55,Create room
1.74314E+12,105,Join Call
1.74314E+12,57,Create room
1.74314E+12,108,Join Call
1.74314E+12,59,Create room
1.74314E+12,104,Join Call
1.74314E+12,105,Join Call
1.74314E+12,104,Join Call
1.74314E+12,103,Join Call
1.74314E+12,60,Create room
1.74314E+12,109,Join Call
1.74314E+12,103,Join Call
1.74314E+12,61,Create room
1.74314E+12,55,Create room
1.74314E+12,59,Create room
1.74314E+12,53,Create room
1.74314E+12,56,Create room
1.74314E+12,105,Join Call
1.74314E+12,108,Join Call
1.74314E+12,56,Create room
1.74314E+12,55,Create room
1.74314E+12,106,Join Call
1.74314E+12,54,Create room
1.74314E+12,103,Join Call
1.74314E+12,59,Create room
1.74314E+12,106,Join Call
1.74314E+12,106,Join Call
1.74314E+12,108,Join Call
1.74314E+12,106,Join Call
1.74314E+12,106,Join Call
1.74314E+12,61,Create room
1.74314E+12,53,Create room
1.74314E+12,107,Join Call
1.74314E+12,58,Create room
1.74314E+12,59,Create room
1.74314E+12,54,Create room
1.74314E+12,57,Create room
1.74314E+12,105,Join Call
1.74314E+12,106,Join Call
1.74314E+12,57,Create room
1.74314E+12,58,Create room
1.74314E+12,106,Join Call
1.74314E+12,97,Join Call
1.74314E+12,53,Create room
1.74314E+12,107,Join Call
1.74314E+12,59,Create room
1.74314E+12,109,Join Call
1.74314E+12,105,Join Call
1.74314E+12,109,Join Call
1.74314E+12,57,Create room
1.74314E+12,56,Create room
1.74314E+12,108,Join Call
1.74314E+12,56,Create room
1.74314E+12,105,Join Call
1.74314E+12,52,Create room
1.74314E+12,57,Create room
1.74314E+12,54,Create room
1.74314E+12,105,Join Call
1.74314E+12,107,Join Call
1.74314E+12,56,Create room
1.74314E+12,58,Create room
1.74314E+12,103,Join Call
1.74314E+12,104,Join Call
1.74314E+12,102,Join Call
1.74314E+12,65,Create room
1.74314E+12,63,Create room
1.74314E+12,101,Join Call
1.74314E+12,115,Join Call
1.74314E+12,57,Create room
1.74314E+12,117,Join Call
1.74314E+12,58,Create room
1.74314E+12,59,Create room
1.74314E+12,112,Join Call
1.74314E+12,111,Join Call
1.74314E+12,59,Create room
1.74314E+12,56,Create room
1.74314E+12,57,Create room
1.74314E+12,106,Join Call
1.74314E+12,108,Join Call
1.74314E+12,57,Create room
1.74314E+12,58,Create room
1.74314E+12,101,Join Call
1.74314E+12,105,Join Call
1.74314E+12,104,Join Call
1.74314E+12,59,Create room
1.74314E+12,59,Create room
1.74314E+12,104,Join Call
1.74314E+12,103,Join Call
1.74314E+12,57,Create room
1.74314E+12,56,Create room
1.74314E+12,56,Create room
1.74314E+12,108,Join Call
1.74314E+12,106,Join Call
1.74314E+12,105,Join Call
1.74314E+12,59,Create room
1.74314E+12,58,Create room
1.74314E+12,55,Create room
1.74314E+12,52,Create room
1.74314E+12,106,Join Call
1.74314E+12,108,Join Call
1.74314E+12,58,Create room
1.74314E+12,106,Join Call
1.74314E+12,105,Join Call
1.74314E+12,105,Join Call
1.74314E+12,55,Create room
1.74314E+12,55,Create room
1.74314E+12,107,Join Call
1.74314E+12,103,Join Call
1.74314E+12,54,Create room
1.74314E+12,60,Create room
1.74314E+12,58,Create room
1.74314E+12,108,Join Call
1.74314E+12,106,Join Call
1.74314E+12,110,Join Call
1.74314E+12,57,Create room
1.74314E+12,58,Create room
1.74314E+12,53,Create room
1.74314E+12,104,Join Call
1.74314E+12,107,Join Call
1.74314E+12,58,Create room
1.74314E+12,57,Create room
1.74314E+12,106,Join Call
1.74314E+12,104,Join Call
1.74314E+12,105,Join Call
1.74314E+12,55,Create room
1.74314E+12,56,Create room
1.74314E+12,102,Join Call
1.74314E+12,107,Join Call
1.74314E+12,56,Create room
1.74314E+12,57,Create room
1.74314E+12,107,Join Call
1.74314E+12,58,Create room
1.74314E+12,104,Join Call
1.74314E+12,105,Join Call
1.74314E+12,59,Create room
1.74314E+12,58,Create room
1.74314E+12,56,Create room
1.74314E+12,104,Join Call
1.74314E+12,57,Create room
1.74314E+12,107,Join Call
1.74314E+12,59,Create room
1.74314E+12,103,Join Call
1.74314E+12,108,Join Call
1.74314E+12,102,Join Call
1.74314E+12,59,Create room
1.74314E+12,59,Create room
1.74314E+12,103,Join Call
1.74314E+12,107,Join Call
1.74314E+12,105,Join Call
1.74314E+12,57,Create room
1.74314E+12,59,Create room
1.74314E+12,59,Create room
1.74314E+12,106,Join Call
1.74314E+12,106,Join Call
1.74314E+12,57,Create room
1.74314E+12,56,Create room
1.74314E+12,59,Create room
1.74314E+12,103,Join Call
1.74314E+12,56,Create room
1.74314E+12,105,Join Call
1.74314E+12,58,Create room
1.74314E+12,102,Join Call
1.74314E+12,106,Join Call
1.74314E+12,105,Join Call
1.74314E+12,57,Create room
1.74314E+12,55,Create room
1.74314E+12,107,Join Call
1.74314E+12,106,Join Call
1.74314E+12,60,Create room
1.74314E+12,58,Create room
1.74314E+12,58,Create room
1.74314E+12,107,Join Call
1.74314E+12,103,Join Call
1.74314E+12,104,Join Call
1.74314E+12,55,Create room
1.74314E+12,55,Create room
1.74314E+12,103,Join Call
1.74314E+12,59,Create room
1.74314E+12,58,Create room
1.74314E+12,105,Join Call
1.74314E+12,59,Create room
1.74314E+12,104,Join Call
1.74314E+12,105,Join Call
1.74314E+12,108,Join Call
1.74314E+12,55,Create room
1.74314E+12,60,Create room
1.74314E+12,103,Join Call
1.74314E+12,105,Join Call
1.74314E+12,62,Create room
1.74314E+12,106,Join Call
1.74314E+12,62,Create room
1.74314E+12,64,Create room
1.74314E+12,110,Join Call
1.74314E+12,61,Create room
1.74314E+12,113,Join Call
1.74314E+12,59,Create room
1.74314E+12,111,Join Call
1.74314E+12,59,Create room
1.74314E+12,52,Create room
1.74314E+12,106,Join Call
1.74314E+12,58,Create room
1.74314E+12,106,Join Call
1.74314E+12,102,Join Call
1.74314E+12,108,Join Call
1.74314E+12,55,Create room
1.74314E+12,58,Create room
1.74314E+12,105,Join Call
1.74314E+12,103,Join Call
1.74314E+12,55,Create room
1.74314E+12,58,Create room
1.74314E+12,59,Create room
1.74314E+12,108,Join Call
1.74314E+12,108,Join Call
1.74314E+12,57,Create room
1.74314E+12,106,Join Call
1.74314E+12,58,Create room
1.74314E+12,105,Join Call
1.74314E+12,58,Create room
1.74314E+12,57,Create room
1.74314E+12,108,Join Call
1.74314E+12,57,Create room
1.74314E+12,103,Join Call
1.74314E+12,104,Join Call
1.74314E+12,106,Join Call
1.74314E+12,58,Create room
1.74314E+12,58,Create room
1.74314E+12,105,Join Call
1.74314E+12,103,Join Call
1.74314E+12,58,Create room
1.74314E+12,59,Create room
1.74314E+12,105,Join Call
1.74314E+12,58,Create room
1.74314E+12,108,Join Call
1.74314E+12,59,Create room
1.74314E+12,105,Join Call
1.74314E+12,58,Create room
1.74314E+12,106,Join Call
1.74314E+12,57,Create room
1.74314E+12,57,Create room
1.74314E+12,106,Join Call
1.74314E+12,59,Create room
1.74314E+12,104,Join Call
1.74314E+12,106,Join Call
1.74314E+12,106,Join Call
1.74314E+12,58,Create room
1.74314E+12,56,Create room
1.74314E+12,107,Join Call
1.74314E+12,105,Join Call
1.74314E+12,56,Create room
1.74314E+12,59,Create room
1.74314E+12,55,Create room
1.74314E+12,109,Join Call
1.74314E+12,109,Join Call
1.74314E+12,58,Create room
1.74314E+12,105,Join Call
1.74314E+12,59,Create room
1.74314E+12,107,Join Call
1.74314E+12,57,Create room
1.74314E+12,56,Create room
1.74314E+12,102,Join Call
1.74314E+12,60,Create room
1.74314E+12,107,Join Call
1.74314E+12,103,Join Call
1.74314E+12,106,Join Call
1.74314E+12,60,Create room
1.74314E+12,59,Create room
1.74314E+12,101,Join Call
1.74314E+12,108,Join Call
1.74314E+12,60,Create room
1.74314E+12,58,Create room
1.74314E+12,60,Create room
1.74314E+12,102,Join Call
1.74314E+12,105,Join Call
1.74314E+12,58,Create room
1.74314E+12,105,Join Call
1.74314E+12,58,Create room
1.74314E+12,107,Join Call
1.74314E+12,59,Create room
1.74314E+12,57,Create room
1.74314E+12,106,Join Call
1.74314E+12,55,Create room
1.74314E+12,102,Join Call
1.74314E+12,107,Join Call
1.74314E+12,108,Join Call
1.74314E+12,58,Create room
1.74314E+12,59,Create room
1.74314E+12,106,Join Call
1.74314E+12,108,Join Call
1.74314E+12,58,Create room
1.74314E+12,52,Create room
1.74314E+12,104,Join Call
1.74314E+12,58,Create room
1.74314E+12,108,Join Call
1.74314E+12,58,Create room
1.74314E+12,104,Join Call
1.74314E+12,60,Create room
1.74314E+12,55,Create room
1.74314E+12,56,Create room
1.74314E+12,108,Join Call
1.74314E+12,106,Join Call
1.74314E+12,60,Create room
1.74314E+12,99,Join Call
1.74314E+12,105,Join Call
1.74314E+12,108,Join Call
1.74314E+12,56,Create room
1.74314E+12,57,Create room
1.74314E+12,107,Join Call
1.74314E+12,59,Create room
1.74314E+12,102,Join Call
1.74314E+12,59,Create room
1.74314E+12,108,Join Call
1.74314E+12,107,Join Call
1.74314E+12,61,Create room
1.74314E+12,104,Join Call
1.74314E+12,60,Create room
1.74314E+12,55,Create room
1.74314E+12,59,Create room
1.74314E+12,57,Create room
1.74314E+12,108,Join Call
1.74314E+12,107,Join Call
1.74314E+12,66,Create room
1.74314E+12,103,Join Call
1.74314E+12,111,Join Call
1.74314E+12,108,Join Call
1.74314E+12,60,Create room
1.74314E+12,58,Create room
1.74314E+12,110,Join Call
1.74314E+12,106,Join Call
1.74314E+12,59,Create room
1.74314E+12,60,Create room
1.74314E+12,103,Join Call
1.74314E+12,109,Join Call
1.74314E+12,57,Create room
1.74314E+12,103,Join Call
1.74314E+12,58,Create room
1.74314E+12,53,Create room
1.74314E+12,55,Create room
1.74314E+12,57,Create room
1.74314E+12,106,Join Call
1.74314E+12,108,Join Call
1.74314E+12,60,Create room
1.74314E+12,104,Join Call
1.74314E+12,106,Join Call
1.74314E+12,106,Join Call
1.74314E+12,60,Create room
1.74314E+12,56,Create room
1.74314E+12,105,Join Call
1.74314E+12,106,Join Call
1.74314E+12,57,Create room
1.74314E+12,59,Create room
1.74314E+12,106,Join Call
1.74314E+12,106,Join Call
1.74314E+12,54,Create room
1.74314E+12,58,Create room
1.74314E+12,109,Join Call
1.74314E+12,56,Create room
1.74314E+12,54,Create room
1.74314E+12,56,Create room
1.74314E+12,101,Join Call
1.74314E+12,102,Join Call
1.74314E+12,58,Create room
1.74314E+12,105,Join Call
1.74314E+12,104,Join Call
1.74314E+12,103,Join Call
1.74314E+12,54,Create room
1.74314E+12,53,Create room
1.74314E+12,92,Join Call
1.74314E+12,90,Join Call
1.74314E+12,77,Join Call
1.74314E+12,83,Join Call
