timeStamp,response time,label
1.74314E+12,86,Leave room
1.74314E+12,179,Leave room
1.74314E+12,195,Leave room
1.74314E+12,161,Leave room
1.74314E+12,116,Leave room
1.74314E+12,165,Leave room
1.74314E+12,220,Leave room
1.74314E+12,184,Leave room
1.74314E+12,217,Leave room
1.74314E+12,220,Leave room
1.74314E+12,215,Leave room
1.74314E+12,139,Leave room
1.74314E+12,155,Leave room
1.74314E+12,109,Leave room
1.74314E+12,171,Leave room
1.74314E+12,134,Leave room
1.74314E+12,225,Leave room
1.74314E+12,163,Leave room
1.74314E+12,189,Leave room
1.74314E+12,140,Leave room
1.74314E+12,125,Leave room
1.74314E+12,196,Leave room
1.74314E+12,166,Leave room
1.74314E+12,164,Leave room
1.74314E+12,198,Leave room
1.74314E+12,184,Leave room
1.74314E+12,161,Leave room
1.74314E+12,204,Leave room
1.74314E+12,189,Leave room
1.74314E+12,174,Leave room
1.74314E+12,198,Leave room
1.74314E+12,203,Leave room
1.74314E+12,157,Leave room
1.74314E+12,230,Leave room
1.74314E+12,201,Leave room
1.74314E+12,214,Leave room
1.74314E+12,193,Leave room
1.74314E+12,194,Leave room
1.74314E+12,180,Leave room
1.74314E+12,153,Leave room
1.74314E+12,164,Leave room
1.74314E+12,193,Leave room
1.74314E+12,140,Leave room
1.74314E+12,176,Leave room
1.74314E+12,236,Leave room
1.74314E+12,182,Leave room
1.74314E+12,181,Leave room
1.74314E+12,162,Leave room
1.74314E+12,223,Leave room
1.74314E+12,132,Leave room
1.74314E+12,165,Leave room
1.74314E+12,142,Leave room
1.74314E+12,147,Leave room
1.74314E+12,134,Leave room
1.74314E+12,186,Leave room
1.74314E+12,181,Leave room
1.74314E+12,175,Leave room
1.74314E+12,211,Leave room
1.74314E+12,150,Leave room
1.74314E+12,158,Leave room
1.74314E+12,117,Leave room
1.74314E+12,187,Leave room
1.74314E+12,160,Leave room
1.74314E+12,164,Leave room
1.74314E+12,167,Leave room
1.74314E+12,249,Leave room
1.74314E+12,179,Leave room
1.74314E+12,212,Leave room
1.74314E+12,211,Leave room
1.74314E+12,175,Leave room
1.74314E+12,146,Leave room
1.74314E+12,166,Leave room
1.74314E+12,187,Leave room
1.74314E+12,183,Leave room
1.74314E+12,259,Leave room
1.74314E+12,209,Leave room
1.74314E+12,198,Leave room
1.74314E+12,158,Leave room
1.74314E+12,242,Leave room
1.74314E+12,133,Leave room
1.74314E+12,145,Leave room
1.74314E+12,172,Leave room
1.74314E+12,166,Leave room
1.74314E+12,251,Leave room
1.74314E+12,237,Leave room
1.74314E+12,238,Leave room
1.74314E+12,174,Leave room
1.74314E+12,163,Leave room
1.74314E+12,215,Leave room
1.74314E+12,171,Leave room
1.74314E+12,158,Leave room
1.74314E+12,161,Leave room
1.74314E+12,161,Leave room
1.74314E+12,198,Leave room
1.74314E+12,186,Leave room
1.74314E+12,215,Leave room
1.74314E+12,162,Leave room
1.74314E+12,171,Leave room
1.74314E+12,217,Leave room
1.74314E+12,158,Leave room
1.74314E+12,224,Leave room
1.74314E+12,196,Leave room
1.74314E+12,228,Leave room
1.74314E+12,221,Leave room
1.74314E+12,179,Leave room
1.74314E+12,184,Leave room
1.74314E+12,202,Leave room
1.74314E+12,149,Leave room
1.74314E+12,221,Leave room
1.74314E+12,183,Leave room
1.74314E+12,177,Leave room
1.74314E+12,146,Leave room
1.74314E+12,161,Leave room
1.74314E+12,202,Leave room
1.74314E+12,136,Leave room
1.74314E+12,205,Leave room
1.74314E+12,218,Leave room
1.74314E+12,193,Leave room
1.74314E+12,144,Leave room
1.74314E+12,198,Leave room
1.74314E+12,188,Leave room
1.74314E+12,187,Leave room
1.74314E+12,246,Leave room
1.74314E+12,163,Leave room
1.74314E+12,200,Leave room
1.74314E+12,197,Leave room
1.74314E+12,136,Leave room
1.74314E+12,123,Leave room
1.74314E+12,191,Leave room
1.74314E+12,205,Leave room
1.74314E+12,122,Leave room
1.74314E+12,160,Leave room
1.74314E+12,181,Leave room
1.74314E+12,191,Leave room
1.74314E+12,219,Leave room
1.74314E+12,144,Leave room
1.74314E+12,228,Leave room
1.74314E+12,217,Leave room
1.74314E+12,194,Leave room
1.74314E+12,133,Leave room
1.74314E+12,222,Leave room
1.74314E+12,181,Leave room
1.74314E+12,281,Leave room
1.74314E+12,163,Leave room
1.74314E+12,224,Leave room
1.74314E+12,174,Leave room
1.74314E+12,133,Leave room
1.74314E+12,184,Leave room
1.74314E+12,237,Leave room
1.74314E+12,222,Leave room
1.74314E+12,121,Leave room
1.74314E+12,215,Leave room
1.74314E+12,187,Leave room
1.74314E+12,243,Leave room
1.74314E+12,157,Leave room
1.74314E+12,202,Leave room
1.74314E+12,184,Leave room
1.74314E+12,220,Leave room
1.74314E+12,208,Leave room
1.74314E+12,166,Leave room
1.74314E+12,120,Leave room
1.74314E+12,204,Leave room
1.74314E+12,218,Leave room
1.74314E+12,186,Leave room
1.74314E+12,202,Leave room
1.74314E+12,176,Leave room
1.74314E+12,163,Leave room
1.74314E+12,155,Leave room
1.74314E+12,147,Leave room
1.74314E+12,216,Leave room
1.74314E+12,191,Leave room
1.74314E+12,154,Leave room
1.74314E+12,160,Leave room
1.74314E+12,159,Leave room
1.74314E+12,217,Leave room
1.74314E+12,179,Leave room
1.74314E+12,198,Leave room
1.74314E+12,107,Leave room
1.74314E+12,211,Leave room
1.74314E+12,168,Leave room
1.74314E+12,233,Leave room
1.74314E+12,188,Leave room
1.74314E+12,201,Leave room
1.74314E+12,181,Leave room
1.74314E+12,162,Leave room
1.74314E+12,234,Leave room
1.74314E+12,157,Leave room
1.74314E+12,208,Leave room
1.74314E+12,179,Leave room
1.74314E+12,183,Leave room
1.74314E+12,167,Leave room
1.74314E+12,147,Leave room
1.74314E+12,186,Leave room
1.74314E+12,177,Leave room
1.74314E+12,204,Leave room
1.74314E+12,167,Leave room
1.74314E+12,268,Leave room
1.74314E+12,153,Leave room
1.74314E+12,180,Leave room
1.74314E+12,241,Leave room
1.74314E+12,200,Leave room
1.74314E+12,162,Leave room
1.74314E+12,149,Leave room
1.74314E+12,167,Leave room
1.74314E+12,207,Leave room
1.74314E+12,206,Leave room
1.74314E+12,211,Leave room
1.74314E+12,242,Leave room
1.74314E+12,169,Leave room
1.74314E+12,172,Leave room
1.74314E+12,191,Leave room
1.74314E+12,202,Leave room
1.74314E+12,199,Leave room
1.74314E+12,154,Leave room
1.74314E+12,150,Leave room
1.74314E+12,160,Leave room
1.74314E+12,181,Leave room
1.74314E+12,141,Leave room
1.74314E+12,194,Leave room
1.74314E+12,251,Leave room
1.74314E+12,189,Leave room
1.74314E+12,176,Leave room
1.74314E+12,185,Leave room
1.74314E+12,228,Leave room
1.74314E+12,229,Leave room
1.74314E+12,189,Leave room
1.74314E+12,215,Leave room
1.74314E+12,154,Leave room
1.74314E+12,165,Leave room
1.74314E+12,222,Leave room
1.74314E+12,100,Leave room
1.74314E+12,202,Leave room
1.74314E+12,240,Leave room
1.74314E+12,169,Leave room
1.74314E+12,202,Leave room
1.74314E+12,201,Leave room
1.74314E+12,185,Leave room
1.74314E+12,197,Leave room
1.74314E+12,207,Leave room
1.74314E+12,176,Leave room
1.74314E+12,153,Leave room
1.74314E+12,218,Leave room
1.74314E+12,235,Leave room
1.74314E+12,226,Leave room
1.74314E+12,213,Leave room
1.74314E+12,188,Leave room
1.74314E+12,158,Leave room
1.74314E+12,202,Leave room
1.74314E+12,184,Leave room
1.74314E+12,160,Leave room
1.74314E+12,239,Leave room
1.74314E+12,192,Leave room
1.74314E+12,173,Leave room
1.74314E+12,137,Leave room
1.74314E+12,188,Leave room
1.74314E+12,135,Leave room
1.74314E+12,254,Leave room
1.74314E+12,154,Leave room
1.74314E+12,187,Leave room
1.74314E+12,183,Leave room
1.74314E+12,201,Leave room
1.74314E+12,170,Leave room
1.74314E+12,147,Leave room
1.74314E+12,208,Leave room
1.74314E+12,179,Leave room
1.74314E+12,184,Leave room
1.74314E+12,232,Leave room
1.74314E+12,116,Leave room
1.74314E+12,187,Leave room
1.74314E+12,184,Leave room
1.74314E+12,156,Leave room
1.74314E+12,173,Leave room
1.74314E+12,194,Leave room
1.74314E+12,220,Leave room
1.74314E+12,195,Leave room
1.74314E+12,180,Leave room
1.74314E+12,152,Leave room
1.74314E+12,155,Leave room
1.74314E+12,239,Leave room
1.74314E+12,201,Leave room
1.74314E+12,176,Leave room
1.74314E+12,154,Leave room
1.74314E+12,217,Leave room
1.74314E+12,161,Leave room
1.74314E+12,137,Leave room
1.74314E+12,198,Leave room
1.74314E+12,286,Leave room
1.74314E+12,200,Leave room
1.74314E+12,196,Leave room
1.74314E+12,172,Leave room
1.74314E+12,93,Leave room
1.74314E+12,181,Leave room
1.74314E+12,239,Leave room
1.74314E+12,190,Leave room
1.74314E+12,207,Leave room
1.74314E+12,190,Leave room
1.74314E+12,223,Leave room
1.74314E+12,203,Leave room
1.74314E+12,198,Leave room
1.74314E+12,188,Leave room
1.74314E+12,211,Leave room
1.74314E+12,263,Leave room
1.74314E+12,118,Leave room
1.74314E+12,162,Leave room
1.74314E+12,176,Leave room
1.74314E+12,215,Leave room
1.74314E+12,190,Leave room
1.74314E+12,219,Leave room
1.74314E+12,176,Leave room
1.74314E+12,221,Leave room
1.74314E+12,162,Leave room
1.74314E+12,177,Leave room
1.74314E+12,235,Leave room
1.74314E+12,119,Leave room
1.74314E+12,157,Leave room
1.74314E+12,203,Leave room
1.74314E+12,153,Leave room
1.74314E+12,223,Leave room
1.74314E+12,191,Leave room
1.74314E+12,145,Leave room
1.74314E+12,241,Leave room
1.74314E+12,187,Leave room
1.74314E+12,232,Leave room
1.74314E+12,160,Leave room
1.74314E+12,175,Leave room
1.74314E+12,208,Leave room
1.74314E+12,206,Leave room
1.74314E+12,217,Leave room
1.74314E+12,126,Leave room
1.74314E+12,161,Leave room
1.74314E+12,192,Leave room
1.74314E+12,195,Leave room
1.74314E+12,140,Leave room
1.74314E+12,173,Leave room
1.74314E+12,164,Leave room
1.74314E+12,192,Leave room
1.74314E+12,169,Leave room
1.74314E+12,185,Leave room
1.74314E+12,217,Leave room
1.74314E+12,194,Leave room
1.74314E+12,190,Leave room
1.74314E+12,137,Leave room
1.74314E+12,207,Leave room
1.74314E+12,144,Leave room
1.74314E+12,189,Leave room
1.74314E+12,245,Leave room
1.74314E+12,147,Leave room
1.74314E+12,141,Leave room
1.74314E+12,175,Leave room
1.74314E+12,152,Leave room
1.74314E+12,206,Leave room
1.74314E+12,178,Leave room
1.74314E+12,176,Leave room
1.74314E+12,170,Leave room
1.74314E+12,134,Leave room
1.74314E+12,216,Leave room
1.74314E+12,236,Leave room
1.74314E+12,193,Leave room
1.74314E+12,125,Leave room
1.74314E+12,219,Leave room
1.74314E+12,153,Leave room
1.74314E+12,191,Leave room
1.74314E+12,176,Leave room
1.74314E+12,212,Leave room
1.74314E+12,203,Leave room
1.74314E+12,171,Leave room
1.74314E+12,188,Leave room
1.74314E+12,265,Leave room
1.74314E+12,91,Leave room
1.74314E+12,206,Leave room
1.74314E+12,215,Leave room
1.74314E+12,197,Leave room
1.74314E+12,211,Leave room
1.74314E+12,180,Leave room
1.74314E+12,194,Leave room
1.74314E+12,182,Leave room
1.74314E+12,117,Leave room
1.74314E+12,200,Leave room
1.74314E+12,162,Leave room
1.74314E+12,227,Leave room
1.74314E+12,215,Leave room
1.74314E+12,174,Leave room
1.74314E+12,160,Leave room
1.74314E+12,195,Leave room
1.74314E+12,177,Leave room
1.74314E+12,197,Leave room
1.74314E+12,144,Leave room
1.74314E+12,163,Leave room
1.74314E+12,208,Leave room
1.74314E+12,208,Leave room
1.74314E+12,217,Leave room
1.74314E+12,185,Leave room
1.74314E+12,180,Leave room
1.74314E+12,214,Leave room
1.74314E+12,243,Leave room
1.74314E+12,173,Leave room
1.74314E+12,178,Leave room
1.74314E+12,155,Leave room
1.74314E+12,102,Leave room
1.74314E+12,215,Leave room
1.74314E+12,161,Leave room
1.74314E+12,231,Leave room
1.74314E+12,220,Leave room
1.74314E+12,191,Leave room
1.74314E+12,144,Leave room
1.74314E+12,191,Leave room
1.74314E+12,184,Leave room
1.74314E+12,118,Leave room
1.74314E+12,166,Leave room
1.74314E+12,201,Leave room
1.74314E+12,166,Leave room
1.74314E+12,243,Leave room
1.74314E+12,232,Leave room
1.74314E+12,180,Leave room
1.74314E+12,204,Leave room
1.74314E+12,176,Leave room
1.74314E+12,188,Leave room
1.74314E+12,225,Leave room
1.74314E+12,153,Leave room
1.74314E+12,227,Leave room
1.74314E+12,215,Leave room
1.74314E+12,146,Leave room
1.74314E+12,211,Leave room
1.74314E+12,157,Leave room
1.74314E+12,204,Leave room
1.74314E+12,145,Leave room
1.74314E+12,248,Leave room
1.74314E+12,202,Leave room
1.74314E+12,214,Leave room
1.74314E+12,217,Leave room
1.74314E+12,174,Leave room
1.74314E+12,173,Leave room
1.74314E+12,137,Leave room
1.74314E+12,192,Leave room
1.74314E+12,203,Leave room
1.74314E+12,214,Leave room
1.74314E+12,131,Leave room
1.74314E+12,209,Leave room
1.74314E+12,180,Leave room
1.74314E+12,149,Leave room
1.74314E+12,230,Leave room
1.74314E+12,153,Leave room
1.74314E+12,127,Leave room
1.74314E+12,174,Leave room
1.74314E+12,87,Leave room
1.74314E+12,187,Leave room
1.74314E+12,184,Leave room
1.74314E+12,150,Leave room
1.74314E+12,236,Leave room
1.74314E+12,206,Leave room
1.74314E+12,212,Leave room
1.74314E+12,256,Leave room
1.74314E+12,236,Leave room
1.74314E+12,235,Leave room
1.74314E+12,172,Leave room
1.74314E+12,221,Leave room
1.74314E+12,198,Leave room
1.74314E+12,180,Leave room
1.74314E+12,161,Leave room
1.74314E+12,198,Leave room
1.74314E+12,178,Leave room
1.74314E+12,145,Leave room
1.74314E+12,179,Leave room
1.74314E+12,177,Leave room
1.74314E+12,190,Leave room
1.74314E+12,221,Leave room
1.74314E+12,230,Leave room
1.74314E+12,231,Leave room
1.74314E+12,194,Leave room
1.74314E+12,171,Leave room
1.74314E+12,193,Leave room
1.74314E+12,209,Leave room
1.74314E+12,168,Leave room
1.74314E+12,158,Leave room
1.74314E+12,200,Leave room
1.74314E+12,229,Leave room
1.74314E+12,172,Leave room
1.74314E+12,215,Leave room
1.74314E+12,214,Leave room
1.74314E+12,106,Leave room
1.74314E+12,197,Leave room
1.74314E+12,132,Leave room
1.74314E+12,185,Leave room
1.74314E+12,188,Leave room
1.74314E+12,140,Leave room
1.74314E+12,198,Leave room
1.74314E+12,187,Leave room
1.74314E+12,195,Leave room
1.74314E+12,183,Leave room
1.74314E+12,177,Leave room
1.74314E+12,170,Leave room
1.74314E+12,125,Leave room
1.74314E+12,217,Leave room
1.74314E+12,116,Leave room
1.74314E+12,137,Leave room
1.74314E+12,154,Leave room
1.74314E+12,191,Leave room
1.74314E+12,178,Leave room
1.74314E+12,212,Leave room
1.74314E+12,167,Leave room
1.74314E+12,170,Leave room
1.74314E+12,170,Leave room
1.74314E+12,219,Leave room
1.74314E+12,229,Leave room
1.74314E+12,151,Leave room
1.74314E+12,201,Leave room
1.74314E+12,194,Leave room
1.74314E+12,197,Leave room
1.74314E+12,207,Leave room
1.74314E+12,205,Leave room
1.74314E+12,165,Leave room
1.74314E+12,180,Leave room
1.74314E+12,172,Leave room
1.74314E+12,179,Leave room
1.74314E+12,231,Leave room
1.74314E+12,135,Leave room
1.74314E+12,205,Leave room
1.74314E+12,192,Leave room
1.74314E+12,172,Leave room
1.74314E+12,152,Leave room
1.74314E+12,235,Leave room
1.74314E+12,220,Leave room
1.74314E+12,165,Leave room
1.74314E+12,248,Leave room
1.74314E+12,206,Leave room
1.74314E+12,179,Leave room
1.74314E+12,173,Leave room
1.74314E+12,183,Leave room
1.74314E+12,210,Leave room
1.74314E+12,206,Leave room
1.74314E+12,217,Leave room
1.74314E+12,224,Leave room
1.74314E+12,195,Leave room
1.74314E+12,202,Leave room
1.74314E+12,137,Leave room
1.74314E+12,172,Leave room
1.74314E+12,174,Leave room
1.74314E+12,225,Leave room
1.74314E+12,182,Leave room
1.74314E+12,161,Leave room
1.74314E+12,119,Leave room
1.74314E+12,183,Leave room
1.74314E+12,122,Leave room
1.74314E+12,225,Leave room
1.74314E+12,226,Leave room
1.74314E+12,116,Leave room
1.74314E+12,176,Leave room
1.74314E+12,184,Leave room
1.74314E+12,156,Leave room
1.74314E+12,165,Leave room
1.74314E+12,218,Leave room
1.74314E+12,196,Leave room
1.74314E+12,173,Leave room
1.74314E+12,261,Leave room
1.74314E+12,197,Leave room
1.74314E+12,211,Leave room
1.74314E+12,223,Leave room
1.74314E+12,201,Leave room
1.74314E+12,188,Leave room
1.74314E+12,187,Leave room
1.74314E+12,246,Leave room
1.74314E+12,158,Leave room
1.74314E+12,189,Leave room
1.74314E+12,228,Leave room
1.74314E+12,161,Leave room
1.74314E+12,167,Leave room
1.74314E+12,231,Leave room
1.74314E+12,152,Leave room
1.74314E+12,225,Leave room
1.74314E+12,227,Leave room
1.74314E+12,224,Leave room
1.74314E+12,187,Leave room
1.74314E+12,200,Leave room
1.74314E+12,140,Leave room
1.74314E+12,202,Leave room
1.74314E+12,245,Leave room
1.74314E+12,133,Leave room
1.74314E+12,152,Leave room
1.74314E+12,253,Leave room
1.74314E+12,225,Leave room
1.74314E+12,168,Leave room
1.74314E+12,194,Leave room
1.74314E+12,188,Leave room
1.74314E+12,222,Leave room
1.74314E+12,183,Leave room
1.74314E+12,187,Leave room
1.74314E+12,201,Leave room
1.74314E+12,197,Leave room
1.74314E+12,270,Leave room
1.74314E+12,149,Leave room
1.74314E+12,194,Leave room
1.74314E+12,190,Leave room
1.74314E+12,239,Leave room
1.74314E+12,221,Leave room
1.74314E+12,192,Leave room
1.74314E+12,236,Leave room
1.74314E+12,217,Leave room
1.74314E+12,189,Leave room
1.74314E+12,147,Leave room
1.74314E+12,108,Leave room
1.74314E+12,179,Leave room
1.74314E+12,211,Leave room
1.74314E+12,222,Leave room
1.74314E+12,241,Leave room
1.74314E+12,201,Leave room
1.74314E+12,146,Leave room
1.74314E+12,212,Leave room
1.74314E+12,129,Leave room
1.74314E+12,243,Leave room
1.74314E+12,175,Leave room
1.74314E+12,157,Leave room
1.74314E+12,171,Leave room
1.74314E+12,196,Leave room
1.74314E+12,145,Leave room
1.74314E+12,148,Leave room
1.74314E+12,203,Leave room
1.74314E+12,166,Leave room
1.74314E+12,169,Leave room
1.74314E+12,231,Leave room
1.74314E+12,224,Leave room
1.74314E+12,206,Leave room
1.74314E+12,183,Leave room
1.74314E+12,197,Leave room
1.74314E+12,194,Leave room
1.74314E+12,167,Leave room
1.74314E+12,202,Leave room
1.74314E+12,227,Leave room
1.74314E+12,117,Leave room
1.74314E+12,191,Leave room
1.74314E+12,139,Leave room
1.74314E+12,216,Leave room
1.74314E+12,232,Leave room
1.74314E+12,182,Leave room
1.74314E+12,145,Leave room
1.74314E+12,223,Leave room
1.74314E+12,159,Leave room
1.74314E+12,172,Leave room
1.74314E+12,207,Leave room
1.74314E+12,218,Leave room
1.74314E+12,196,Leave room
1.74314E+12,165,Leave room
1.74314E+12,179,Leave room
1.74314E+12,165,Leave room
1.74314E+12,125,Leave room
1.74314E+12,173,Leave room
1.74314E+12,174,Leave room
1.74314E+12,199,Leave room
1.74314E+12,281,Leave room
1.74314E+12,163,Leave room
1.74314E+12,191,Leave room
1.74314E+12,139,Leave room
1.74314E+12,172,Leave room
1.74314E+12,199,Leave room
1.74314E+12,175,Leave room
1.74314E+12,169,Leave room
1.74314E+12,181,Leave room
1.74314E+12,188,Leave room
1.74314E+12,144,Leave room
1.74314E+12,139,Leave room
1.74314E+12,174,Leave room
1.74314E+12,170,Leave room
1.74314E+12,187,Leave room
1.74314E+12,220,Leave room
1.74314E+12,162,Leave room
1.74314E+12,136,Leave room
1.74314E+12,150,Leave room
1.74314E+12,173,Leave room
1.74314E+12,171,Leave room
1.74314E+12,183,Leave room
1.74314E+12,174,Leave room
1.74314E+12,112,Leave room
1.74314E+12,207,Leave room
1.74314E+12,156,Leave room
1.74314E+12,191,Leave room
1.74314E+12,176,Leave room
1.74314E+12,177,Leave room
1.74314E+12,165,Leave room
1.74314E+12,182,Leave room
1.74314E+12,159,Leave room
1.74314E+12,208,Leave room
1.74314E+12,188,Leave room
1.74314E+12,210,Leave room
1.74314E+12,145,Leave room
1.74314E+12,169,Leave room
1.74314E+12,115,Leave room
1.74314E+12,179,Leave room
1.74314E+12,122,Leave room
1.74314E+12,232,Leave room
1.74314E+12,192,Leave room
1.74314E+12,133,Leave room
1.74314E+12,205,Leave room
1.74314E+12,148,Leave room
1.74314E+12,160,Leave room
1.74314E+12,234,Leave room
1.74314E+12,134,Leave room
1.74314E+12,263,Leave room
1.74314E+12,227,Leave room
1.74314E+12,201,Leave room
1.74314E+12,171,Leave room
1.74314E+12,223,Leave room
1.74314E+12,266,Leave room
1.74314E+12,239,Leave room
1.74314E+12,192,Leave room
1.74314E+12,177,Leave room
1.74314E+12,194,Leave room
1.74314E+12,187,Leave room
1.74314E+12,232,Leave room
1.74314E+12,193,Leave room
1.74314E+12,147,Leave room
1.74314E+12,207,Leave room
1.74314E+12,236,Leave room
1.74314E+12,210,Leave room
1.74314E+12,168,Leave room
1.74314E+12,137,Leave room
1.74314E+12,203,Leave room
1.74314E+12,131,Leave room
1.74314E+12,143,Leave room
1.74314E+12,254,Leave room
1.74314E+12,200,Leave room
1.74314E+12,207,Leave room
1.74314E+12,132,Leave room
1.74314E+12,179,Leave room
1.74314E+12,198,Leave room
1.74314E+12,189,Leave room
1.74314E+12,150,Leave room
1.74314E+12,177,Leave room
1.74314E+12,176,Leave room
1.74314E+12,155,Leave room
1.74314E+12,213,Leave room
1.74314E+12,174,Leave room
1.74314E+12,188,Leave room
1.74314E+12,180,Leave room
1.74314E+12,216,Leave room
1.74314E+12,243,Leave room
1.74314E+12,177,Leave room
1.74314E+12,150,Leave room
1.74314E+12,239,Leave room
1.74314E+12,202,Leave room
1.74314E+12,181,Leave room
1.74314E+12,265,Leave room
1.74314E+12,203,Leave room
1.74314E+12,169,Leave room
1.74314E+12,216,Leave room
1.74314E+12,224,Leave room
1.74314E+12,189,Leave room
1.74314E+12,198,Leave room
1.74314E+12,162,Leave room
1.74314E+12,140,Leave room
1.74314E+12,192,Leave room
1.74314E+12,191,Leave room
1.74314E+12,212,Leave room
1.74314E+12,156,Leave room
1.74314E+12,167,Leave room
1.74314E+12,112,Leave room
1.74314E+12,161,Leave room
1.74314E+12,136,Leave room
1.74314E+12,294,Leave room
1.74314E+12,208,Leave room
1.74314E+12,178,Leave room
1.74314E+12,208,Leave room
1.74314E+12,189,Leave room
1.74314E+12,168,Leave room
1.74314E+12,178,Leave room
1.74314E+12,221,Leave room
1.74314E+12,214,Leave room
1.74314E+12,134,Leave room
1.74314E+12,183,Leave room
1.74314E+12,157,Leave room
1.74314E+12,189,Leave room
1.74314E+12,198,Leave room
1.74314E+12,220,Leave room
1.74314E+12,92,Leave room
1.74314E+12,151,Leave room
1.74314E+12,164,Leave room
1.74314E+12,149,Leave room
1.74314E+12,248,Leave room
1.74314E+12,214,Leave room
1.74314E+12,158,Leave room
1.74314E+12,209,Leave room
1.74314E+12,212,Leave room
1.74314E+12,106,Leave room
1.74314E+12,168,Leave room
1.74314E+12,215,Leave room
1.74314E+12,171,Leave room
1.74314E+12,148,Leave room
1.74314E+12,230,Leave room
1.74314E+12,192,Leave room
1.74314E+12,205,Leave room
1.74314E+12,211,Leave room
1.74314E+12,214,Leave room
1.74314E+12,224,Leave room
1.74314E+12,193,Leave room
1.74314E+12,180,Leave room
1.74314E+12,212,Leave room
1.74314E+12,154,Leave room
1.74314E+12,157,Leave room
1.74314E+12,238,Leave room
1.74314E+12,189,Leave room
1.74314E+12,186,Leave room
1.74314E+12,234,Leave room
1.74314E+12,235,Leave room
1.74314E+12,193,Leave room
1.74314E+12,154,Leave room
1.74314E+12,191,Leave room
1.74314E+12,123,Leave room
1.74314E+12,226,Leave room
1.74314E+12,168,Leave room
1.74314E+12,183,Leave room
1.74314E+12,242,Leave room
1.74314E+12,148,Leave room
1.74314E+12,112,Leave room
1.74314E+12,186,Leave room
1.74314E+12,173,Leave room
1.74314E+12,200,Leave room
1.74314E+12,242,Leave room
1.74314E+12,206,Leave room
1.74314E+12,170,Leave room
1.74314E+12,206,Leave room
1.74314E+12,174,Leave room
1.74314E+12,107,Leave room
1.74314E+12,145,Leave room
1.74314E+12,159,Leave room
1.74314E+12,209,Leave room
1.74314E+12,139,Leave room
1.74314E+12,178,Leave room
1.74314E+12,265,Leave room
1.74314E+12,218,Leave room
1.74314E+12,187,Leave room
1.74314E+12,140,Leave room
1.74314E+12,200,Leave room
1.74314E+12,195,Leave room
1.74314E+12,175,Leave room
1.74314E+12,176,Leave room
1.74314E+12,213,Leave room
1.74314E+12,189,Leave room
1.74314E+12,176,Leave room
1.74314E+12,135,Leave room
1.74314E+12,166,Leave room
1.74314E+12,163,Leave room
1.74314E+12,160,Leave room
1.74314E+12,181,Leave room
1.74314E+12,198,Leave room
1.74314E+12,229,Leave room
1.74314E+12,146,Leave room
1.74314E+12,193,Leave room
1.74314E+12,136,Leave room
1.74314E+12,134,Leave room
1.74314E+12,138,Leave room
1.74314E+12,165,Leave room
1.74314E+12,228,Leave room
1.74314E+12,222,Leave room
1.74314E+12,176,Leave room
1.74314E+12,236,Leave room
1.74314E+12,228,Leave room
1.74314E+12,208,Leave room
1.74314E+12,221,Leave room
1.74314E+12,156,Leave room
1.74314E+12,217,Leave room
1.74314E+12,148,Leave room
1.74314E+12,189,Leave room
1.74314E+12,165,Leave room
1.74314E+12,211,Leave room
1.74314E+12,193,Leave room
1.74314E+12,187,Leave room
1.74314E+12,168,Leave room
1.74314E+12,140,Leave room
1.74314E+12,225,Leave room
1.74314E+12,134,Leave room
1.74314E+12,225,Leave room
1.74314E+12,134,Leave room
1.74314E+12,173,Leave room
1.74314E+12,134,Leave room
1.74314E+12,211,Leave room
1.74314E+12,149,Leave room
1.74314E+12,157,Leave room
1.74314E+12,203,Leave room
1.74314E+12,155,Leave room
1.74314E+12,186,Leave room
1.74314E+12,129,Leave room
1.74314E+12,196,Leave room
1.74314E+12,140,Leave room
1.74314E+12,159,Leave room
1.74314E+12,187,Leave room
1.74314E+12,214,Leave room
1.74314E+12,191,Leave room
1.74314E+12,172,Leave room
1.74314E+12,212,Leave room
1.74314E+12,181,Leave room
1.74314E+12,211,Leave room
1.74314E+12,156,Leave room
1.74314E+12,169,Leave room
1.74314E+12,208,Leave room
1.74314E+12,217,Leave room
1.74314E+12,178,Leave room
1.74314E+12,212,Leave room
1.74314E+12,159,Leave room
1.74314E+12,169,Leave room
1.74314E+12,144,Leave room
1.74314E+12,230,Leave room
1.74314E+12,173,Leave room
1.74314E+12,220,Leave room
1.74314E+12,219,Leave room
1.74314E+12,176,Leave room
1.74314E+12,214,Leave room
1.74314E+12,175,Leave room
1.74314E+12,185,Leave room
1.74314E+12,166,Leave room
1.74314E+12,178,Leave room
1.74314E+12,192,Leave room
1.74314E+12,226,Leave room
1.74314E+12,160,Leave room
1.74314E+12,205,Leave room
1.74314E+12,197,Leave room
1.74314E+12,135,Leave room
1.74314E+12,188,Leave room
1.74314E+12,225,Leave room
1.74314E+12,185,Leave room
1.74314E+12,183,Leave room
1.74314E+12,169,Leave room
1.74314E+12,152,Leave room
1.74314E+12,231,Leave room
1.74314E+12,204,Leave room
1.74314E+12,218,Leave room
1.74314E+12,144,Leave room
1.74314E+12,174,Leave room
1.74314E+12,162,Leave room
1.74314E+12,207,Leave room
1.74314E+12,212,Leave room
1.74314E+12,206,Leave room
1.74314E+12,184,Leave room
1.74314E+12,197,Leave room
1.74314E+12,139,Leave room
1.74314E+12,244,Leave room
1.74314E+12,125,Leave room
1.74314E+12,105,Leave room
1.74314E+12,236,Leave room
1.74314E+12,160,Leave room
1.74314E+12,157,Leave room
1.74314E+12,222,Leave room
1.74314E+12,225,Leave room
1.74314E+12,149,Leave room
1.74314E+12,165,Leave room
1.74314E+12,142,Leave room
1.74314E+12,223,Leave room
1.74314E+12,211,Leave room
1.74314E+12,230,Leave room
1.74314E+12,226,Leave room
1.74314E+12,199,Leave room
1.74314E+12,145,Leave room
1.74314E+12,197,Leave room
1.74314E+12,181,Leave room
1.74314E+12,167,Leave room
1.74314E+12,205,Leave room
1.74314E+12,203,Leave room
1.74314E+12,177,Leave room
1.74314E+12,212,Leave room
1.74314E+12,201,Leave room
1.74314E+12,160,Leave room
1.74314E+12,185,Leave room
1.74314E+12,114,Leave room
1.74314E+12,138,Leave room
1.74314E+12,134,Leave room
1.74314E+12,171,Leave room
1.74314E+12,119,Leave room
1.74314E+12,205,Leave room
1.74314E+12,191,Leave room
1.74314E+12,142,Leave room
1.74314E+12,170,Leave room
1.74314E+12,175,Leave room
1.74314E+12,220,Leave room
1.74314E+12,203,Leave room
1.74314E+12,221,Leave room
1.74314E+12,187,Leave room
1.74314E+12,192,Leave room
1.74314E+12,214,Leave room
1.74314E+12,233,Leave room
1.74314E+12,190,Leave room
1.74314E+12,185,Leave room
1.74314E+12,134,Leave room
1.74314E+12,198,Leave room
1.74314E+12,168,Leave room
1.74314E+12,134,Leave room
1.74314E+12,154,Leave room
1.74314E+12,186,Leave room
1.74314E+12,199,Leave room
1.74314E+12,140,Leave room
1.74314E+12,101,Leave room
1.74314E+12,161,Leave room
1.74314E+12,119,Leave room
1.74314E+12,167,Leave room
1.74314E+12,155,Leave room
1.74314E+12,200,Leave room
1.74314E+12,191,Leave room
1.74314E+12,200,Leave room
1.74314E+12,184,Leave room
1.74314E+12,147,Leave room
1.74314E+12,236,Leave room
1.74314E+12,145,Leave room
1.74314E+12,192,Leave room
1.74314E+12,239,Leave room
1.74314E+12,154,Leave room
1.74314E+12,215,Leave room
1.74314E+12,158,Leave room
1.74314E+12,201,Leave room
1.74314E+12,200,Leave room
1.74314E+12,134,Leave room
1.74314E+12,120,Leave room
1.74314E+12,110,Leave room
1.74314E+12,148,Leave room
1.74314E+12,197,Leave room
1.74314E+12,211,Leave room
1.74314E+12,267,Leave room
1.74314E+12,217,Leave room
1.74314E+12,158,Leave room
1.74314E+12,227,Leave room
1.74314E+12,232,Leave room
1.74314E+12,128,Leave room
1.74314E+12,216,Leave room
1.74314E+12,161,Leave room
1.74314E+12,133,Leave room
1.74314E+12,173,Leave room
1.74314E+12,143,Leave room
1.74314E+12,218,Leave room
1.74314E+12,166,Leave room
1.74314E+12,200,Leave room
1.74314E+12,172,Leave room
1.74314E+12,197,Leave room
1.74314E+12,190,Leave room
1.74314E+12,177,Leave room
1.74314E+12,159,Leave room
1.74314E+12,157,Leave room
1.74314E+12,182,Leave room
1.74314E+12,213,Leave room
1.74314E+12,173,Leave room
1.74314E+12,151,Leave room
1.74314E+12,162,Leave room
1.74314E+12,214,Leave room
1.74314E+12,246,Leave room
1.74314E+12,168,Leave room
1.74314E+12,191,Leave room
1.74314E+12,179,Leave room
1.74314E+12,268,Leave room
1.74314E+12,219,Leave room
1.74314E+12,87,Leave room
1.74314E+12,223,Leave room
1.74314E+12,204,Leave room
1.74314E+12,178,Leave room
1.74314E+12,200,Leave room
1.74314E+12,138,Leave room
1.74314E+12,208,Leave room
1.74314E+12,147,Leave room
1.74314E+12,161,Leave room
1.74314E+12,202,Leave room
1.74314E+12,221,Leave room
1.74314E+12,143,Leave room
1.74314E+12,163,Leave room
1.74314E+12,178,Leave room
1.74314E+12,145,Leave room
1.74314E+12,192,Leave room
1.74314E+12,212,Leave room
1.74314E+12,138,Leave room
1.74314E+12,185,Leave room
1.74314E+12,237,Leave room
1.74314E+12,176,Leave room
1.74314E+12,178,Leave room
1.74314E+12,152,Leave room
1.74314E+12,205,Leave room
1.74314E+12,196,Leave room
1.74314E+12,189,Leave room
1.74314E+12,265,Leave room
1.74314E+12,190,Leave room
1.74314E+12,151,Leave room
1.74314E+12,146,Leave room
1.74314E+12,186,Leave room
1.74314E+12,194,Leave room
1.74314E+12,172,Leave room
1.74314E+12,216,Leave room
1.74314E+12,274,Leave room
1.74314E+12,140,Leave room
1.74314E+12,212,Leave room
1.74314E+12,183,Leave room
1.74314E+12,227,Leave room
1.74314E+12,206,Leave room
1.74314E+12,219,Leave room
1.74314E+12,159,Leave room
1.74314E+12,234,Leave room
1.74314E+12,197,Leave room
1.74314E+12,124,Leave room
1.74314E+12,124,Leave room
1.74314E+12,214,Leave room
1.74314E+12,181,Leave room
1.74314E+12,232,Leave room
1.74314E+12,161,Leave room
1.74314E+12,236,Leave room
1.74314E+12,218,Leave room
1.74314E+12,170,Leave room
1.74314E+12,191,Leave room
1.74314E+12,192,Leave room
1.74314E+12,120,Leave room
1.74314E+12,156,Leave room
1.74314E+12,198,Leave room
1.74314E+12,138,Leave room
1.74314E+12,194,Leave room
1.74314E+12,186,Leave room
1.74314E+12,221,Leave room
1.74314E+12,203,Leave room
1.74314E+12,196,Leave room
1.74314E+12,197,Leave room
1.74314E+12,193,Leave room
1.74314E+12,208,Leave room
1.74314E+12,176,Leave room
1.74314E+12,238,Leave room
1.74314E+12,188,Leave room
1.74314E+12,210,Leave room
1.74314E+12,133,Leave room
1.74314E+12,219,Leave room
1.74314E+12,210,Leave room
1.74314E+12,218,Leave room
1.74314E+12,149,Leave room
1.74314E+12,198,Leave room
1.74314E+12,138,Leave room
1.74314E+12,160,Leave room
1.74314E+12,234,Leave room
1.74314E+12,196,Leave room
1.74314E+12,170,Leave room
1.74314E+12,162,Leave room
1.74314E+12,209,Leave room
1.74314E+12,205,Leave room
1.74314E+12,133,Leave room
1.74314E+12,183,Leave room
1.74314E+12,125,Leave room
1.74314E+12,229,Leave room
1.74314E+12,181,Leave room
1.74314E+12,195,Leave room
1.74314E+12,232,Leave room
1.74314E+12,144,Leave room
1.74314E+12,200,Leave room
1.74314E+12,219,Leave room
1.74314E+12,228,Leave room
1.74314E+12,175,Leave room
1.74314E+12,263,Leave room
1.74314E+12,236,Leave room
1.74314E+12,192,Leave room
1.74314E+12,121,Leave room
1.74314E+12,215,Leave room
1.74314E+12,121,Leave room
1.74314E+12,213,Leave room
1.74314E+12,241,Leave room
1.74314E+12,179,Leave room
1.74314E+12,254,Leave room
1.74314E+12,163,Leave room
1.74314E+12,175,Leave room
1.74314E+12,175,Leave room
1.74314E+12,192,Leave room
1.74314E+12,174,Leave room
1.74314E+12,179,Leave room
1.74314E+12,171,Leave room
1.74314E+12,199,Leave room
1.74314E+12,195,Leave room
1.74314E+12,185,Leave room
1.74314E+12,177,Leave room
1.74314E+12,142,Leave room
1.74314E+12,202,Leave room
1.74314E+12,222,Leave room
1.74314E+12,181,Leave room
1.74314E+12,177,Leave room
1.74314E+12,170,Leave room
1.74314E+12,180,Leave room
1.74314E+12,196,Leave room
1.74314E+12,157,Leave room
1.74314E+12,201,Leave room
1.74314E+12,184,Leave room
1.74314E+12,129,Leave room
1.74314E+12,228,Leave room
1.74314E+12,168,Leave room
1.74314E+12,161,Leave room
1.74314E+12,238,Leave room
1.74314E+12,148,Leave room
1.74314E+12,196,Leave room
1.74314E+12,144,Leave room
1.74314E+12,193,Leave room
1.74314E+12,171,Leave room
1.74314E+12,200,Leave room
1.74314E+12,141,Leave room
1.74314E+12,149,Leave room
1.74314E+12,185,Leave room
1.74314E+12,198,Leave room
1.74314E+12,137,Leave room
1.74314E+12,218,Leave room
1.74314E+12,157,Leave room
1.74314E+12,142,Leave room
1.74314E+12,214,Leave room
1.74314E+12,147,Leave room
1.74314E+12,180,Leave room
1.74314E+12,278,Leave room
1.74314E+12,163,Leave room
1.74314E+12,207,Leave room
1.74314E+12,207,Leave room
1.74314E+12,146,Leave room
1.74314E+12,160,Leave room
1.74314E+12,210,Leave room
1.74314E+12,182,Leave room
1.74314E+12,236,Leave room
1.74314E+12,131,Leave room
1.74314E+12,199,Leave room
1.74314E+12,165,Leave room
1.74314E+12,139,Leave room
1.74314E+12,171,Leave room
1.74314E+12,210,Leave room
1.74314E+12,178,Leave room
1.74314E+12,167,Leave room
1.74314E+12,209,Leave room
1.74314E+12,177,Leave room
1.74314E+12,210,Leave room
1.74314E+12,161,Leave room
1.74314E+12,134,Leave room
1.74314E+12,194,Leave room
1.74314E+12,207,Leave room
1.74314E+12,213,Leave room
