timeStamp,response time,label
1.74314E+12,25,Create room
1.74314E+12,44,Join Call
1.74314E+12,28,Create room
1.74314E+12,27,Create room
1.74314E+12,50,Join Call
1.74314E+12,30,Create room
1.74314E+12,56,Join Call
1.74314E+12,29,Create room
1.74314E+12,30,Create room
1.74314E+12,60,Join Call
1.74314E+12,31,Create room
1.74314E+12,63,Join Call
1.74314E+12,37,Create room
1.74314E+12,34,Create room
1.74314E+12,66,Join Call
1.74314E+12,38,Create room
1.74314E+12,68,Join Call
1.74314E+12,40,Create room
1.74314E+12,45,Create room
1.74314E+12,76,Join Call
1.74314E+12,44,Create room
1.74314E+12,77,Join Call
1.74314E+12,76,Join Call
1.74314E+12,42,Create room
1.74314E+12,43,Create room
1.74314E+12,49,Create room
1.74314E+12,79,Join Call
1.74314E+12,49,Create room
1.74314E+12,85,Join Call
1.74314E+12,82,Join Call
1.74314E+12,52,Create room
1.74314E+12,53,Create room
1.74314E+12,86,Join Call
1.74314E+12,92,Join Call
1.74314E+12,53,Create room
1.74314E+12,53,Create room
1.74314E+12,90,Join Call
1.74314E+12,51,Create room
1.74314E+12,95,Join Call
1.74314E+12,57,Create room
1.74314E+12,57,Create room
1.74314E+12,97,Join Call
1.74314E+12,58,Create room
1.74314E+12,61,Create room
1.74314E+12,105,Join Call
1.74314E+12,62,Create room
1.74314E+12,105,Join Call
1.74314E+12,110,Join Call
1.74314E+12,63,Create room
1.74314E+12,63,Create room
1.74314E+12,114,Join Call
1.74314E+12,71,Create room
1.74314E+12,116,Join Call
1.74314E+12,120,Join Call
1.74314E+12,69,Create room
1.74314E+12,73,Create room
1.74314E+12,87,Create room
1.74314E+12,130,Join Call
1.74314E+12,61,Create room
1.74314E+12,127,Join Call
1.74314E+12,66,Create room
1.74314E+12,160,Join Call
1.74314E+12,123,Join Call
1.74314E+12,113,Create room
1.74314E+12,76,Create room
1.74314E+12,66,Create room
1.74314E+12,66,Create room
1.74314E+12,149,Join Call
1.74314E+12,120,Join Call
1.74314E+12,69,Create room
1.74314E+12,79,Create room
1.74314E+12,73,Create room
1.74314E+12,176,Join Call
1.74314E+12,154,Join Call
1.74314E+12,126,Join Call
1.74314E+12,167,Join Call
1.74314E+12,77,Create room
1.74314E+12,135,Join Call
1.74314E+12,128,Create room
1.74314E+12,136,Join Call
1.74314E+12,68,Create room
1.74314E+12,141,Join Call
1.74314E+12,177,Create room
1.74314E+12,172,Join Call
1.74314E+12,120,Create room
1.74314E+12,137,Join Call
1.74314E+12,91,Create room
1.74314E+12,74,Create room
1.74314E+12,64,Create room
1.74314E+12,170,Join Call
1.74314E+12,65,Create room
1.74314E+12,83,Create room
1.74314E+12,132,Join Call
1.74314E+12,186,Create room
1.74314E+12,291,Join Call
1.74314E+12,79,Create room
1.74314E+12,179,Create room
1.74314E+12,63,Create room
1.74314E+12,134,Create room
1.74314E+12,104,Create room
1.74314E+12,158,Join Call
1.74314E+12,70,Create room
1.74314E+12,72,Create room
1.74314E+12,125,Join Call
1.74314E+12,117,Create room
1.74314E+12,67,Create room
1.74314E+12,296,Create room
1.74314E+12,196,Join Call
1.74314E+12,126,Join Call
1.74314E+12,203,Join Call
1.74314E+12,144,Join Call
1.74314E+12,123,Join Call
1.74314E+12,355,Join Call
1.74314E+12,98,Create room
1.74314E+12,285,Join Call
1.74314E+12,74,Create room
1.74314E+12,254,Join Call
1.74314E+12,148,Join Call
1.74314E+12,71,Create room
1.74314E+12,163,Join Call
1.74314E+12,227,Join Call
1.74314E+12,67,Create room
1.74314E+12,74,Create room
1.74314E+12,127,Join Call
1.74314E+12,376,Join Call
1.74314E+12,65,Create room
1.74314E+12,303,Join Call
1.74314E+12,79,Create room
1.74314E+12,123,Join Call
1.74314E+12,163,Create room
1.74314E+12,78,Create room
1.74314E+12,116,Create room
1.74314E+12,114,Create room
1.74314E+12,171,Create room
1.74314E+12,140,Join Call
1.74314E+12,167,Join Call
1.74314E+12,474,Join Call
1.74314E+12,379,Join Call
1.74314E+12,78,Create room
1.74314E+12,146,Join Call
1.74314E+12,370,Join Call
1.74314E+12,135,Join Call
1.74314E+12,157,Create room
1.74314E+12,179,Create room
1.74314E+12,124,Join Call
1.74314E+12,68,Create room
1.74314E+12,91,Create room
1.74314E+12,148,Join Call
1.74314E+12,70,Create room
1.74314E+12,171,Create room
1.74314E+12,129,Join Call
1.74314E+12,66,Create room
1.74314E+12,367,Join Call
1.74314E+12,117,Create room
1.74314E+12,384,Join Call
1.74314E+12,127,Join Call
1.74314E+12,64,Create room
1.74314E+12,219,Join Call
1.74314E+12,131,Create room
1.74314E+12,135,Join Call
1.74314E+12,103,Create room
1.74314E+12,333,Join Call
1.74314E+12,66,Create room
1.74314E+12,148,Join Call
1.74314E+12,133,Join Call
1.74314E+12,194,Create room
1.74314E+12,155,Join Call
1.74314E+12,131,Join Call
1.74314E+12,307,Join Call
1.74314E+12,69,Create room
1.74314E+12,135,Create room
1.74314E+12,326,Join Call
1.74314E+12,137,Join Call
1.74314E+12,67,Create room
1.74314E+12,201,Join Call
1.74314E+12,69,Create room
1.74314E+12,86,Create room
1.74314E+12,268,Join Call
1.74314E+12,179,Create room
1.74314E+12,151,Join Call
1.74314E+12,142,Join Call
1.74314E+12,150,Create room
1.74314E+12,74,Create room
1.74314E+12,121,Join Call
1.74314E+12,268,Join Call
1.74314E+12,76,Create room
1.74314E+12,178,Join Call
1.74314E+12,408,Create room
1.74314E+12,72,Create room
1.74314E+12,124,Join Call
1.74314E+12,199,Create room
1.74314E+12,69,Create room
1.74314E+12,153,Join Call
1.74314E+12,268,Join Call
1.74314E+12,169,Join Call
1.74314E+12,73,Create room
1.74314E+12,142,Join Call
1.74314E+12,133,Join Call
1.74314E+12,201,Create room
1.74314E+12,135,Join Call
1.74314E+12,151,Create room
1.74314E+12,252,Create room
1.74314E+12,65,Create room
1.74314E+12,73,Create room
1.74314E+12,414,Create room
1.74314E+12,249,Create room
1.74314E+12,128,Join Call
1.74314E+12,137,Join Call
1.74314E+12,124,Join Call
1.74314E+12,189,Create room
1.74314E+12,87,Create room
1.74314E+12,314,Join Call
1.74314E+12,177,Create room
1.74314E+12,67,Create room
1.74314E+12,132,Join Call
1.74314E+12,143,Join Call
1.74314E+12,67,Create room
1.74314E+12,147,Create room
1.74314E+12,172,Create room
1.74314E+12,66,Create room
1.74314E+12,159,Join Call
1.74314E+12,159,Join Call
1.74314E+12,66,Create room
1.74314E+12,72,Create room
1.74314E+12,172,Join Call
1.74314E+12,229,Create room
1.74314E+12,124,Create room
1.74314E+12,132,Join Call
1.74314E+12,122,Join Call
1.74314E+12,124,Join Call
1.74314E+12,158,Join Call
1.74314E+12,80,Create room
1.74314E+12,75,Create room
1.74314E+12,67,Create room
1.74314E+12,291,Join Call
1.74314E+12,65,Create room
1.74314E+12,67,Create room
1.74314E+12,140,Join Call
1.74314E+12,180,Join Call
1.74314E+12,170,Create room
1.74314E+12,142,Join Call
1.74314E+12,162,Join Call
1.74314E+12,67,Create room
1.74314E+12,129,Join Call
1.74314E+12,78,Create room
1.74314E+12,317,Join Call
1.74314E+12,367,Join Call
1.74314E+12,119,Create room
1.74314E+12,292,Join Call
1.74314E+12,139,Join Call
1.74314E+12,143,Join Call
1.74314E+12,124,Join Call
1.74314E+12,125,Join Call
1.74314E+12,92,Create room
1.74314E+12,64,Create room
1.74314E+12,525,Join Call
1.74314E+12,78,Create room
1.74314E+12,255,Join Call
1.74314E+12,78,Create room
1.74314E+12,441,Join Call
1.74314E+12,66,Create room
1.74314E+12,73,Create room
1.74314E+12,88,Create room
1.74314E+12,256,Create room
1.74314E+12,71,Create room
1.74314E+12,126,Join Call
1.74314E+12,202,Join Call
1.74314E+12,180,Create room
1.74314E+12,661,Join Call
1.74314E+12,95,Create room
1.74314E+12,130,Join Call
1.74314E+12,126,Create room
1.74314E+12,122,Join Call
1.74314E+12,137,Join Call
1.74314E+12,135,Join Call
1.74314E+12,156,Create room
1.74314E+12,217,Create room
1.74314E+12,131,Join Call
1.74314E+12,68,Create room
1.74314E+12,138,Join Call
1.74314E+12,150,Join Call
1.74314E+12,267,Join Call
1.74314E+12,69,Create room
1.74314E+12,72,Create room
1.74314E+12,564,Join Call
1.74314E+12,142,Join Call
1.74314E+12,236,Join Call
1.74314E+12,81,Create room
1.74314E+12,251,Join Call
1.74314E+12,66,Create room
1.74314E+12,164,Create room
1.74314E+12,84,Create room
1.74314E+12,236,Create room
1.74314E+12,73,Create room
1.74314E+12,64,Create room
1.74314E+12,132,Join Call
1.74314E+12,138,Join Call
1.74314E+12,124,Join Call
1.74314E+12,423,Join Call
1.74314E+12,137,Join Call
1.74314E+12,135,Create room
1.74314E+12,296,Join Call
1.74314E+12,298,Create room
1.74314E+12,133,Join Call
1.74314E+12,67,Create room
1.74314E+12,69,Create room
1.74314E+12,144,Join Call
1.74314E+12,232,Join Call
1.74314E+12,71,Create room
1.74314E+12,175,Create room
1.74314E+12,74,Create room
1.74314E+12,151,Join Call
1.74314E+12,75,Create room
1.74314E+12,152,Join Call
1.74314E+12,88,Create room
1.74314E+12,333,Join Call
1.74314E+12,77,Create room
1.74314E+12,97,Create room
1.74314E+12,273,Create room
1.74314E+12,130,Join Call
1.74314E+12,127,Join Call
1.74314E+12,88,Create room
1.74314E+12,71,Create room
1.74314E+12,124,Join Call
1.74314E+12,254,Join Call
1.74314E+12,134,Create room
1.74314E+12,273,Join Call
1.74314E+12,318,Join Call
1.74314E+12,66,Create room
1.74314E+12,148,Join Call
1.74314E+12,77,Create room
1.74314E+12,132,Join Call
1.74314E+12,71,Create room
1.74314E+12,78,Create room
1.74314E+12,164,Join Call
1.74314E+12,471,Create room
1.74314E+12,69,Create room
1.74314E+12,230,Join Call
1.74314E+12,202,Create room
1.74314E+12,145,Join Call
1.74314E+12,147,Join Call
1.74314E+12,81,Create room
1.74314E+12,137,Create room
1.74314E+12,127,Join Call
1.74314E+12,70,Create room
1.74314E+12,286,Join Call
1.74314E+12,147,Join Call
1.74314E+12,124,Join Call
1.74314E+12,69,Create room
1.74314E+12,379,Join Call
1.74314E+12,75,Create room
1.74314E+12,302,Join Call
1.74314E+12,401,Join Call
1.74314E+12,71,Create room
1.74314E+12,178,Join Call
1.74314E+12,65,Create room
1.74314E+12,152,Join Call
1.74314E+12,69,Create room
1.74314E+12,70,Create room
1.74314E+12,182,Create room
1.74314E+12,267,Create room
1.74314E+12,130,Create room
1.74314E+12,160,Join Call
1.74314E+12,126,Join Call
1.74314E+12,161,Join Call
1.74314E+12,119,Create room
1.74314E+12,83,Create room
1.74314E+12,132,Create room
1.74314E+12,205,Join Call
1.74314E+12,122,Create room
1.74314E+12,136,Join Call
1.74314E+12,68,Create room
1.74314E+12,124,Join Call
1.74314E+12,72,Create room
1.74314E+12,205,Join Call
1.74314E+12,142,Join Call
1.74314E+12,92,Create room
1.74314E+12,157,Join Call
1.74314E+12,67,Create room
1.74314E+12,162,Join Call
1.74314E+12,111,Create room
1.74314E+12,353,Join Call
1.74314E+12,68,Create room
1.74314E+12,72,Create room
1.74314E+12,125,Join Call
1.74314E+12,151,Join Call
1.74314E+12,130,Join Call
1.74314E+12,69,Create room
1.74314E+12,419,Join Call
1.74314E+12,533,Join Call
1.74314E+12,129,Create room
1.74314E+12,129,Join Call
1.74314E+12,178,Create room
1.74314E+12,67,Create room
1.74314E+12,71,Create room
1.74314E+12,123,Join Call
1.74314E+12,69,Create room
1.74314E+12,213,Join Call
1.74314E+12,130,Join Call
1.74314E+12,85,Create room
1.74314E+12,148,Create room
1.74314E+12,85,Create room
1.74314E+12,149,Join Call
1.74314E+12,117,Create room
1.74314E+12,83,Create room
1.74314E+12,380,Join Call
1.74314E+12,129,Join Call
1.74314E+12,127,Join Call
1.74314E+12,88,Create room
1.74314E+12,86,Create room
1.74314E+12,392,Join Call
1.74314E+12,125,Join Call
1.74314E+12,74,Create room
1.74314E+12,749,Join Call
1.74314E+12,210,Join Call
1.74314E+12,65,Create room
1.74314E+12,66,Create room
1.74314E+12,430,Join Call
1.74314E+12,67,Create room
1.74314E+12,244,Join Call
1.74314E+12,89,Create room
1.74314E+12,172,Join Call
1.74314E+12,155,Join Call
1.74314E+12,130,Join Call
1.74314E+12,107,Create room
1.74314E+12,140,Join Call
1.74314E+12,68,Create room
1.74314E+12,379,Join Call
1.74314E+12,233,Join Call
1.74314E+12,492,Join Call
1.74314E+12,69,Create room
1.74314E+12,124,Join Call
1.74314E+12,168,Join Call
1.74314E+12,207,Create room
1.74314E+12,77,Create room
1.74314E+12,127,Create room
1.74314E+12,69,Create room
1.74314E+12,80,Create room
1.74314E+12,160,Join Call
1.74314E+12,65,Create room
1.74314E+12,207,Create room
1.74314E+12,74,Create room
1.74314E+12,109,Create room
1.74314E+12,123,Join Call
1.74314E+12,119,Create room
1.74314E+12,143,Join Call
1.74314E+12,145,Create room
1.74314E+12,367,Join Call
1.74314E+12,68,Create room
1.74314E+12,123,Join Call
1.74314E+12,474,Join Call
1.74314E+12,266,Join Call
1.74314E+12,76,Create room
1.74314E+12,71,Create room
1.74314E+12,145,Join Call
1.74314E+12,179,Join Call
1.74314E+12,69,Create room
1.74314E+12,152,Join Call
1.74314E+12,140,Join Call
1.74314E+12,474,Join Call
1.74314E+12,216,Join Call
1.74314E+12,72,Create room
1.74314E+12,71,Create room
1.74314E+12,133,Join Call
1.74314E+12,259,Join Call
1.74314E+12,74,Create room
1.74314E+12,158,Create room
1.74314E+12,150,Create room
1.74314E+12,77,Create room
1.74314E+12,213,Join Call
1.74314E+12,147,Join Call
1.74314E+12,146,Join Call
1.74314E+12,167,Create room
1.74314E+12,126,Join Call
1.74314E+12,281,Join Call
1.74314E+12,141,Create room
1.74314E+12,142,Create room
1.74314E+12,123,Join Call
1.74314E+12,68,Create room
1.74314E+12,119,Create room
1.74314E+12,84,Create room
1.74314E+12,69,Create room
1.74314E+12,314,Join Call
1.74314E+12,165,Join Call
1.74314E+12,125,Join Call
1.74314E+12,140,Join Call
1.74314E+12,74,Create room
1.74314E+12,363,Join Call
1.74314E+12,144,Create room
1.74314E+12,125,Join Call
1.74314E+12,222,Create room
1.74314E+12,85,Create room
1.74314E+12,450,Join Call
1.74314E+12,624,Join Call
1.74314E+12,198,Join Call
1.74314E+12,97,Create room
1.74314E+12,148,Join Call
1.74314E+12,123,Join Call
1.74314E+12,175,Create room
1.74314E+12,140,Join Call
1.74314E+12,116,Create room
1.74314E+12,112,Create room
1.74314E+12,66,Create room
1.74314E+12,174,Join Call
1.74314E+12,156,Create room
1.74314E+12,213,Join Call
1.74314E+12,69,Create room
1.74314E+12,64,Create room
1.74314E+12,79,Create room
1.74314E+12,83,Create room
1.74314E+12,129,Join Call
1.74314E+12,66,Create room
1.74314E+12,188,Join Call
1.74314E+12,129,Join Call
1.74314E+12,154,Join Call
1.74314E+12,112,Create room
1.74314E+12,139,Join Call
1.74314E+12,79,Create room
1.74314E+12,67,Create room
1.74314E+12,207,Create room
1.74314E+12,126,Join Call
1.74314E+12,182,Join Call
1.74314E+12,103,Create room
1.74314E+12,148,Join Call
1.74314E+12,123,Join Call
1.74314E+12,143,Join Call
1.74314E+12,78,Create room
1.74314E+12,259,Create room
1.74314E+12,76,Create room
1.74314E+12,71,Create room
1.74314E+12,239,Join Call
1.74314E+12,510,Join Call
1.74314E+12,80,Create room
1.74314E+12,523,Join Call
1.74314E+12,67,Create room
1.74314E+12,69,Create room
1.74314E+12,344,Join Call
1.74314E+12,126,Join Call
1.74314E+12,150,Join Call
1.74314E+12,135,Join Call
1.74314E+12,418,Join Call
1.74314E+12,80,Create room
1.74314E+12,162,Create room
1.74314E+12,73,Create room
1.74314E+12,311,Join Call
1.74314E+12,173,Join Call
1.74314E+12,106,Create room
1.74314E+12,71,Create room
1.74314E+12,150,Join Call
1.74314E+12,73,Create room
1.74314E+12,134,Join Call
1.74314E+12,134,Join Call
1.74314E+12,122,Create room
1.74314E+12,78,Create room
1.74314E+12,126,Create room
1.74314E+12,192,Join Call
1.74314E+12,125,Join Call
1.74314E+12,250,Join Call
1.74314E+12,70,Create room
1.74314E+12,128,Join Call
1.74314E+12,79,Create room
1.74314E+12,118,Create room
1.74314E+12,244,Join Call
1.74314E+12,388,Join Call
1.74314E+12,84,Create room
1.74314E+12,206,Join Call
1.74314E+12,176,Join Call
1.74314E+12,111,Create room
1.74314E+12,101,Create room
1.74314E+12,129,Join Call
1.74314E+12,134,Join Call
1.74314E+12,216,Join Call
1.74314E+12,236,Join Call
1.74314E+12,90,Create room
1.74314E+12,70,Create room
1.74314E+12,127,Join Call
1.74314E+12,130,Join Call
1.74314E+12,279,Create room
1.74314E+12,334,Create room
1.74314E+12,134,Join Call
1.74314E+12,109,Create room
1.74314E+12,72,Create room
1.74314E+12,78,Create room
1.74314E+12,132,Join Call
1.74314E+12,89,Create room
1.74314E+12,681,Join Call
1.74314E+12,132,Join Call
1.74314E+12,483,Join Call
1.74314E+12,143,Join Call
1.74314E+12,170,Create room
1.74314E+12,98,Create room
1.74314E+12,144,Join Call
1.74314E+12,106,Create room
1.74314E+12,126,Join Call
1.74314E+12,71,Create room
1.74314E+12,203,Create room
1.74314E+12,155,Join Call
1.74314E+12,80,Create room
1.74314E+12,98,Create room
1.74314E+12,142,Join Call
1.74314E+12,65,Create room
1.74314E+12,112,Create room
1.74314E+12,155,Join Call
1.74314E+12,68,Create room
1.74314E+12,145,Create room
1.74314E+12,161,Join Call
1.74314E+12,286,Create room
1.74314E+12,65,Create room
1.74314E+12,86,Create room
1.74314E+12,289,Join Call
1.74314E+12,137,Join Call
1.74314E+12,86,Create room
1.74314E+12,452,Join Call
1.74314E+12,122,Join Call
1.74314E+12,131,Join Call
1.74314E+12,154,Join Call
1.74314E+12,134,Join Call
1.74314E+12,74,Create room
1.74314E+12,400,Create room
1.74314E+12,246,Join Call
1.74314E+12,166,Join Call
1.74314E+12,80,Create room
1.74314E+12,271,Join Call
1.74314E+12,71,Create room
1.74314E+12,93,Create room
1.74314E+12,158,Join Call
1.74314E+12,147,Join Call
1.74314E+12,73,Create room
1.74314E+12,155,Create room
1.74314E+12,183,Join Call
1.74314E+12,209,Join Call
1.74314E+12,338,Join Call
1.74314E+12,73,Create room
1.74314E+12,63,Create room
1.74314E+12,64,Create room
1.74314E+12,118,Join Call
1.74314E+12,465,Join Call
1.74314E+12,133,Create room
1.74314E+12,275,Create room
1.74314E+12,140,Join Call
1.74314E+12,64,Create room
1.74314E+12,128,Join Call
1.74314E+12,146,Join Call
1.74314E+12,167,Create room
1.74314E+12,119,Join Call
1.74314E+12,428,Join Call
1.74314E+12,145,Create room
1.74314E+12,123,Join Call
1.74314E+12,150,Create room
1.74314E+12,77,Create room
1.74314E+12,132,Join Call
1.74314E+12,70,Create room
1.74314E+12,207,Join Call
1.74314E+12,66,Create room
1.74314E+12,332,Create room
1.74314E+12,131,Create room
1.74314E+12,67,Create room
1.74314E+12,75,Create room
1.74314E+12,135,Join Call
1.74314E+12,246,Create room
1.74314E+12,70,Create room
1.74314E+12,78,Create room
1.74314E+12,402,Join Call
1.74314E+12,340,Join Call
1.74314E+12,200,Join Call
1.74314E+12,141,Join Call
1.74314E+12,318,Join Call
1.74314E+12,128,Join Call
1.74314E+12,125,Join Call
1.74314E+12,122,Join Call
1.74314E+12,72,Create room
1.74314E+12,115,Create room
1.74314E+12,69,Create room
1.74314E+12,141,Join Call
1.74314E+12,210,Join Call
1.74314E+12,134,Join Call
1.74314E+12,77,Create room
1.74314E+12,139,Join Call
1.74314E+12,67,Create room
1.74314E+12,272,Join Call
1.74314E+12,113,Create room
1.74314E+12,230,Join Call
1.74314E+12,151,Create room
1.74314E+12,66,Create room
1.74314E+12,69,Create room
1.74314E+12,68,Create room
1.74314E+12,188,Create room
1.74314E+12,178,Create room
1.74314E+12,75,Create room
1.74314E+12,231,Join Call
1.74314E+12,128,Join Call
1.74314E+12,345,Create room
1.74314E+12,120,Join Call
1.74314E+12,121,Join Call
1.74314E+12,455,Join Call
1.74314E+12,122,Join Call
1.74314E+12,67,Create room
1.74314E+12,385,Join Call
1.74314E+12,68,Create room
1.74314E+12,187,Create room
1.74314E+12,257,Join Call
1.74314E+12,130,Join Call
1.74314E+12,147,Join Call
1.74314E+12,149,Join Call
1.74314E+12,185,Create room
1.74314E+12,165,Join Call
1.74314E+12,68,Create room
1.74314E+12,125,Join Call
1.74314E+12,146,Create room
1.74314E+12,138,Create room
1.74314E+12,75,Create room
1.74314E+12,76,Create room
1.74314E+12,126,Join Call
1.74314E+12,69,Create room
1.74314E+12,78,Create room
1.74314E+12,297,Join Call
1.74314E+12,133,Create room
1.74314E+12,80,Create room
1.74314E+12,224,Create room
1.74314E+12,121,Join Call
1.74314E+12,131,Create room
1.74314E+12,133,Join Call
1.74314E+12,67,Create room
1.74314E+12,314,Join Call
1.74314E+12,577,Join Call
1.74314E+12,87,Create room
1.74314E+12,67,Create room
1.74314E+12,132,Join Call
1.74314E+12,355,Join Call
1.74314E+12,68,Create room
1.74314E+12,138,Join Call
1.74314E+12,143,Join Call
1.74314E+12,159,Join Call
1.74314E+12,134,Join Call
1.74314E+12,66,Create room
1.74314E+12,196,Join Call
1.74314E+12,77,Create room
1.74314E+12,82,Create room
1.74314E+12,130,Join Call
1.74314E+12,73,Create room
1.74314E+12,301,Join Call
1.74314E+12,327,Join Call
1.74314E+12,155,Join Call
1.74314E+12,187,Create room
1.74314E+12,138,Create room
1.74314E+12,82,Create room
1.74314E+12,68,Create room
1.74314E+12,66,Create room
1.74314E+12,511,Join Call
1.74314E+12,164,Join Call
1.74314E+12,342,Join Call
1.74314E+12,226,Create room
1.74314E+12,70,Create room
1.74314E+12,297,Join Call
1.74314E+12,124,Join Call
1.74314E+12,126,Join Call
1.74314E+12,307,Join Call
1.74314E+12,358,Join Call
1.74314E+12,68,Create room
1.74314E+12,147,Join Call
1.74314E+12,72,Create room
1.74314E+12,66,Create room
1.74314E+12,73,Create room
1.74314E+12,166,Create room
1.74314E+12,165,Create room
1.74314E+12,130,Join Call
1.74314E+12,132,Join Call
1.74314E+12,88,Create room
1.74314E+12,452,Join Call
1.74314E+12,67,Create room
1.74314E+12,164,Join Call
1.74314E+12,169,Create room
1.74314E+12,66,Create room
1.74314E+12,65,Create room
1.74314E+12,226,Join Call
1.74314E+12,134,Create room
1.74314E+12,122,Join Call
1.74314E+12,80,Create room
1.74314E+12,152,Join Call
1.74314E+12,80,Create room
1.74314E+12,137,Join Call
1.74314E+12,179,Join Call
1.74314E+12,124,Join Call
1.74314E+12,361,Join Call
1.74314E+12,228,Create room
1.74314E+12,67,Create room
1.74314E+12,74,Create room
1.74314E+12,70,Create room
1.74314E+12,123,Join Call
1.74314E+12,118,Create room
1.74314E+12,68,Create room
1.74314E+12,150,Join Call
1.74314E+12,389,Join Call
1.74314E+12,143,Join Call
1.74314E+12,133,Join Call
1.74314E+12,67,Create room
1.74314E+12,189,Join Call
1.74314E+12,301,Join Call
1.74314E+12,125,Join Call
1.74314E+12,132,Join Call
1.74314E+12,89,Create room
1.74314E+12,68,Create room
1.74314E+12,128,Join Call
1.74314E+12,192,Create room
1.74314E+12,91,Create room
1.74314E+12,288,Join Call
1.74314E+12,163,Join Call
1.74314E+12,130,Join Call
1.74314E+12,82,Create room
1.74314E+12,67,Create room
1.74314E+12,402,Join Call
1.74314E+12,112,Create room
1.74314E+12,486,Join Call
1.74314E+12,127,Join Call
1.74314E+12,163,Create room
1.74314E+12,118,Create room
1.74314E+12,84,Create room
1.74314E+12,84,Create room
1.74314E+12,86,Create room
1.74314E+12,146,Create room
1.74314E+12,129,Join Call
1.74314E+12,420,Join Call
1.74314E+12,66,Create room
1.74314E+12,300,Create room
1.74314E+12,163,Join Call
1.74314E+12,152,Join Call
1.74314E+12,125,Join Call
1.74314E+12,67,Create room
1.74314E+12,130,Join Call
1.74314E+12,124,Join Call
1.74314E+12,70,Create room
1.74314E+12,132,Join Call
1.74314E+12,95,Create room
1.74314E+12,660,Join Call
1.74314E+12,70,Create room
1.74314E+12,162,Join Call
1.74314E+12,202,Create room
1.74314E+12,135,Join Call
1.74314E+12,156,Create room
1.74314E+12,71,Create room
1.74314E+12,67,Create room
1.74314E+12,243,Create room
1.74314E+12,312,Join Call
1.74314E+12,69,Create room
1.74314E+12,457,Join Call
1.74314E+12,288,Join Call
1.74314E+12,70,Create room
1.74314E+12,239,Join Call
1.74314E+12,154,Join Call
1.74314E+12,128,Join Call
1.74314E+12,129,Join Call
1.74314E+12,129,Join Call
1.74314E+12,294,Join Call
1.74314E+12,130,Join Call
1.74314E+12,71,Create room
1.74314E+12,71,Create room
1.74314E+12,69,Create room
1.74314E+12,141,Join Call
1.74314E+12,84,Create room
1.74314E+12,66,Create room
1.74314E+12,212,Create room
1.74314E+12,250,Create room
1.74314E+12,137,Join Call
1.74314E+12,136,Create room
1.74314E+12,66,Create room
1.74314E+12,416,Join Call
1.74314E+12,188,Join Call
1.74314E+12,68,Create room
1.74314E+12,191,Join Call
1.74314E+12,124,Join Call
1.74314E+12,78,Create room
1.74314E+12,134,Join Call
1.74314E+12,409,Join Call
1.74314E+12,124,Join Call
1.74314E+12,130,Join Call
1.74314E+12,91,Create room
1.74314E+12,184,Create room
1.74314E+12,155,Join Call
1.74314E+12,128,Join Call
1.74314E+12,81,Create room
1.74314E+12,79,Create room
1.74314E+12,66,Create room
1.74314E+12,319,Create room
1.74314E+12,130,Join Call
1.74314E+12,69,Create room
1.74314E+12,392,Join Call
1.74314E+12,70,Create room
1.74314E+12,205,Join Call
1.74314E+12,185,Create room
1.74314E+12,66,Create room
1.74314E+12,157,Join Call
1.74314E+12,357,Create room
1.74314E+12,129,Join Call
1.74314E+12,164,Create room
1.74314E+12,172,Create room
1.74314E+12,249,Join Call
1.74314E+12,102,Create room
1.74314E+12,138,Join Call
1.74314E+12,124,Join Call
1.74314E+12,321,Join Call
1.74314E+12,131,Join Call
1.74314E+12,126,Create room
1.74314E+12,126,Join Call
1.74314E+12,88,Create room
1.74314E+12,145,Join Call
1.74314E+12,126,Join Call
1.74314E+12,71,Create room
1.74314E+12,68,Create room
1.74314E+12,140,Create room
1.74314E+12,180,Create room
1.74314E+12,207,Join Call
1.74314E+12,78,Create room
1.74314E+12,65,Create room
1.74314E+12,67,Create room
1.74314E+12,582,Join Call
1.74314E+12,164,Join Call
1.74314E+12,101,Create room
1.74314E+12,140,Create room
1.74314E+12,272,Join Call
1.74314E+12,144,Join Call
1.74314E+12,129,Join Call
1.74314E+12,146,Join Call
1.74314E+12,270,Join Call
1.74314E+12,126,Join Call
1.74314E+12,269,Join Call
1.74314E+12,74,Create room
1.74314E+12,262,Create room
1.74314E+12,135,Join Call
1.74314E+12,148,Create room
1.74314E+12,73,Create room
1.74314E+12,440,Join Call
1.74314E+12,68,Create room
1.74314E+12,193,Join Call
1.74314E+12,148,Join Call
1.74314E+12,138,Join Call
1.74314E+12,80,Create room
1.74314E+12,69,Create room
1.74314E+12,70,Create room
1.74314E+12,199,Create room
1.74314E+12,65,Create room
1.74314E+12,71,Create room
1.74314E+12,69,Create room
1.74314E+12,531,Join Call
1.74314E+12,124,Join Call
1.74314E+12,382,Join Call
1.74314E+12,158,Join Call
1.74314E+12,124,Join Call
1.74314E+12,151,Create room
1.74314E+12,126,Join Call
1.74314E+12,199,Join Call
1.74314E+12,250,Create room
1.74314E+12,137,Join Call
1.74314E+12,206,Join Call
1.74314E+12,67,Create room
1.74314E+12,67,Create room
1.74314E+12,258,Create room
1.74314E+12,326,Join Call
1.74314E+12,141,Join Call
1.74314E+12,75,Create room
1.74314E+12,89,Create room
1.74314E+12,127,Create room
1.74314E+12,86,Create room
1.74314E+12,121,Join Call
1.74314E+12,462,Join Call
1.74314E+12,101,Create room
1.74314E+12,183,Join Call
1.74314E+12,316,Create room
1.74314E+12,70,Create room
1.74314E+12,149,Create room
1.74314E+12,121,Join Call
1.74314E+12,265,Join Call
1.74314E+12,166,Create room
1.74314E+12,74,Create room
1.74314E+12,187,Join Call
1.74314E+12,142,Join Call
1.74314E+12,147,Create room
1.74314E+12,405,Join Call
1.74314E+12,90,Create room
1.74314E+12,70,Create room
1.74314E+12,171,Join Call
1.74314E+12,124,Join Call
1.74314E+12,129,Join Call
1.74314E+12,72,Create room
1.74314E+12,156,Create room
1.74314E+12,69,Create room
1.74314E+12,88,Create room
1.74314E+12,225,Join Call
1.74314E+12,124,Create room
1.74314E+12,239,Join Call
1.74314E+12,223,Join Call
1.74314E+12,65,Create room
1.74314E+12,90,Create room
1.74314E+12,124,Join Call
1.74314E+12,146,Join Call
1.74314E+12,110,Create room
1.74314E+12,270,Join Call
1.74314E+12,127,Join Call
1.74314E+12,69,Create room
1.74314E+12,492,Join Call
1.74314E+12,122,Create room
1.74314E+12,148,Join Call
1.74314E+12,126,Create room
1.74314E+12,147,Join Call
1.74314E+12,70,Create room
1.74314E+12,96,Create room
1.74314E+12,276,Join Call
1.74314E+12,175,Join Call
1.74314E+12,316,Join Call
1.74314E+12,136,Join Call
1.74314E+12,141,Join Call
1.74314E+12,68,Create room
1.74314E+12,368,Join Call
1.74314E+12,72,Create room
1.74314E+12,148,Create room
1.74314E+12,128,Join Call
1.74314E+12,188,Join Call
1.74314E+12,76,Create room
1.74314E+12,67,Create room
1.74314E+12,132,Join Call
1.74314E+12,243,Create room
1.74314E+12,129,Join Call
1.74314E+12,360,Join Call
1.74314E+12,156,Create room
1.74314E+12,165,Join Call
1.74314E+12,134,Create room
1.74314E+12,308,Join Call
1.74314E+12,162,Create room
1.74314E+12,82,Create room
1.74314E+12,66,Create room
1.74314E+12,86,Create room
1.74314E+12,77,Create room
1.74314E+12,170,Create room
1.74314E+12,168,Join Call
1.74314E+12,122,Join Call
1.74314E+12,146,Join Call
1.74314E+12,103,Create room
1.74314E+12,136,Create room
1.74314E+12,123,Join Call
1.74314E+12,305,Join Call
1.74314E+12,69,Create room
1.74314E+12,262,Join Call
1.74314E+12,478,Join Call
1.74314E+12,130,Join Call
1.74314E+12,145,Join Call
1.74314E+12,72,Create room
1.74314E+12,146,Join Call
1.74314E+12,144,Join Call
1.74314E+12,185,Create room
1.74314E+12,124,Join Call
1.74314E+12,257,Join Call
1.74314E+12,150,Create room
1.74314E+12,80,Create room
1.74314E+12,68,Create room
1.74314E+12,68,Create room
1.74314E+12,138,Join Call
1.74314E+12,71,Create room
1.74314E+12,77,Create room
1.74314E+12,153,Join Call
1.74314E+12,165,Create room
1.74314E+12,128,Join Call
1.74314E+12,83,Create room
1.74314E+12,158,Create room
1.74314E+12,457,Create room
1.74314E+12,332,Join Call
1.74314E+12,78,Create room
1.74314E+12,140,Join Call
1.74314E+12,126,Join Call
1.74314E+12,68,Create room
1.74314E+12,138,Join Call
1.74314E+12,143,Join Call
1.74314E+12,241,Join Call
1.74314E+12,126,Join Call
1.74314E+12,486,Join Call
1.74314E+12,147,Join Call
1.74314E+12,267,Create room
1.74314E+12,202,Join Call
1.74314E+12,70,Create room
1.74314E+12,68,Create room
1.74314E+12,244,Create room
1.74314E+12,130,Join Call
1.74314E+12,74,Create room
1.74314E+12,73,Create room
1.74314E+12,122,Create room
1.74314E+12,66,Create room
1.74314E+12,154,Join Call
1.74314E+12,178,Create room
1.74314E+12,85,Create room
1.74314E+12,66,Create room
1.74314E+12,500,Join Call
1.74314E+12,65,Create room
1.74314E+12,279,Create room
1.74314E+12,160,Create room
1.74314E+12,120,Join Call
1.74314E+12,165,Create room
1.74314E+12,129,Join Call
1.74314E+12,181,Join Call
1.74314E+12,252,Join Call
1.74314E+12,168,Join Call
1.74314E+12,99,Create room
1.74314E+12,69,Create room
1.74314E+12,346,Join Call
1.74314E+12,127,Join Call
1.74314E+12,133,Join Call
1.74314E+12,84,Create room
1.74314E+12,372,Join Call
1.74314E+12,215,Join Call
1.74314E+12,137,Join Call
1.74314E+12,217,Join Call
1.74314E+12,71,Create room
1.74314E+12,72,Create room
1.74314E+12,85,Create room
1.74314E+12,263,Join Call
1.74314E+12,66,Create room
1.74314E+12,89,Create room
1.74314E+12,88,Create room
1.74314E+12,246,Join Call
1.74314E+12,66,Create room
1.74314E+12,360,Join Call
1.74314E+12,141,Join Call
1.74314E+12,91,Create room
1.74314E+12,138,Join Call
1.74314E+12,130,Create room
1.74314E+12,126,Join Call
1.74314E+12,127,Join Call
1.74314E+12,74,Create room
1.74314E+12,136,Join Call
1.74314E+12,300,Join Call
1.74314E+12,125,Create room
1.74314E+12,250,Join Call
1.74314E+12,127,Join Call
1.74314E+12,165,Join Call
1.74314E+12,70,Create room
1.74314E+12,155,Join Call
1.74314E+12,82,Create room
1.74314E+12,77,Create room
1.74314E+12,229,Create room
1.74314E+12,69,Create room
1.74314E+12,240,Create room
1.74314E+12,368,Join Call
1.74314E+12,66,Create room
1.74314E+12,411,Join Call
1.74314E+12,232,Join Call
1.74314E+12,198,Create room
1.74314E+12,74,Create room
1.74314E+12,128,Join Call
1.74314E+12,648,Join Call
1.74314E+12,141,Create room
1.74314E+12,68,Create room
1.74314E+12,209,Join Call
1.74314E+12,128,Join Call
1.74314E+12,139,Join Call
1.74314E+12,79,Create room
1.74314E+12,76,Create room
1.74314E+12,170,Create room
1.74314E+12,145,Join Call
1.74314E+12,189,Create room
1.74314E+12,129,Join Call
1.74314E+12,205,Join Call
1.74314E+12,67,Create room
1.74314E+12,162,Join Call
1.74314E+12,72,Create room
1.74314E+12,130,Join Call
1.74314E+12,67,Create room
1.74314E+12,77,Create room
1.74314E+12,180,Create room
1.74314E+12,68,Create room
1.74314E+12,66,Create room
1.74314E+12,109,Create room
1.74314E+12,105,Create room
1.74314E+12,268,Join Call
1.74314E+12,127,Join Call
1.74314E+12,157,Join Call
1.74314E+12,137,Join Call
1.74314E+12,135,Join Call
1.74314E+12,135,Join Call
1.74314E+12,336,Join Call
1.74314E+12,427,Join Call
1.74314E+12,292,Create room
1.74314E+12,71,Create room
1.74314E+12,67,Create room
1.74314E+12,82,Create room
1.74314E+12,134,Join Call
1.74314E+12,124,Join Call
1.74314E+12,164,Join Call
1.74314E+12,69,Create room
1.74314E+12,76,Create room
1.74314E+12,371,Join Call
1.74314E+12,180,Join Call
1.74314E+12,80,Create room
1.74314E+12,77,Create room
1.74314E+12,71,Create room
1.74314E+12,329,Join Call
1.74314E+12,121,Join Call
1.74314E+12,151,Create room
1.74314E+12,403,Join Call
1.74314E+12,139,Join Call
1.74314E+12,412,Join Call
1.74314E+12,250,Join Call
1.74314E+12,243,Create room
1.74314E+12,163,Join Call
1.74314E+12,68,Create room
1.74314E+12,153,Join Call
1.74314E+12,172,Join Call
1.74314E+12,420,Join Call
1.74314E+12,166,Join Call
1.74314E+12,126,Join Call
1.74314E+12,249,Create room
1.74314E+12,75,Create room
1.74314E+12,148,Join Call
1.74314E+12,143,Create room
1.74314E+12,69,Create room
1.74314E+12,363,Join Call
1.74314E+12,136,Create room
1.74314E+12,165,Join Call
1.74314E+12,76,Create room
1.74314E+12,68,Create room
1.74314E+12,89,Create room
1.74314E+12,219,Create room
1.74314E+12,162,Create room
1.74314E+12,138,Create room
1.74314E+12,66,Create room
1.74314E+12,68,Create room
1.74314E+12,66,Create room
1.74314E+12,169,Join Call
1.74314E+12,129,Create room
1.74314E+12,124,Join Call
1.74314E+12,313,Create room
1.74314E+12,163,Join Call
1.74314E+12,139,Join Call
1.74314E+12,126,Join Call
1.74314E+12,143,Join Call
1.74314E+12,87,Create room
1.74314E+12,127,Join Call
1.74314E+12,254,Create room
1.74314E+12,133,Join Call
1.74314E+12,86,Create room
1.74314E+12,238,Join Call
1.74314E+12,194,Join Call
1.74314E+12,68,Create room
1.74314E+12,261,Join Call
1.74314E+12,81,Create room
1.74314E+12,371,Join Call
1.74314E+12,87,Create room
1.74314E+12,86,Create room
1.74314E+12,66,Create room
1.74314E+12,254,Join Call
1.74314E+12,74,Create room
1.74314E+12,305,Join Call
1.74314E+12,121,Create room
1.74314E+12,126,Join Call
1.74314E+12,77,Create room
1.74314E+12,93,Create room
1.74314E+12,126,Join Call
1.74314E+12,453,Join Call
1.74314E+12,132,Join Call
1.74314E+12,132,Join Call
1.74314E+12,75,Create room
1.74314E+12,164,Join Call
1.74314E+12,124,Join Call
1.74314E+12,371,Join Call
1.74314E+12,120,Join Call
1.74314E+12,192,Create room
1.74314E+12,68,Create room
1.74314E+12,144,Create room
1.74314E+12,70,Create room
1.74314E+12,221,Join Call
1.74314E+12,74,Create room
1.74314E+12,153,Join Call
1.74314E+12,73,Create room
1.74314E+12,165,Join Call
1.74314E+12,373,Join Call
1.74314E+12,80,Create room
1.74314E+12,124,Create room
1.74314E+12,101,Create room
1.74314E+12,128,Join Call
1.74314E+12,317,Join Call
1.74314E+12,72,Create room
1.74314E+12,125,Join Call
1.74314E+12,549,Join Call
1.74314E+12,78,Create room
1.74314E+12,410,Join Call
1.74314E+12,131,Join Call
1.74314E+12,72,Create room
1.74314E+12,275,Join Call
1.74314E+12,112,Create room
1.74314E+12,152,Join Call
1.74314E+12,96,Create room
1.74314E+12,142,Join Call
1.74314E+12,69,Create room
1.74314E+12,349,Create room
1.74314E+12,140,Join Call
1.74314E+12,65,Create room
1.74314E+12,288,Create room
1.74314E+12,246,Join Call
1.74314E+12,141,Join Call
1.74314E+12,128,Create room
1.74314E+12,77,Create room
1.74314E+12,92,Create room
1.74314E+12,70,Create room
1.74314E+12,113,Create room
1.74314E+12,134,Join Call
1.74314E+12,173,Join Call
1.74314E+12,173,Create room
1.74314E+12,65,Create room
1.74314E+12,121,Join Call
1.74314E+12,321,Create room
1.74314E+12,134,Join Call
1.74314E+12,117,Create room
1.74314E+12,197,Join Call
1.74314E+12,87,Create room
1.74314E+12,78,Create room
1.74314E+12,67,Create room
1.74314E+12,124,Join Call
1.74314E+12,327,Join Call
1.74314E+12,324,Join Call
1.74314E+12,141,Join Call
1.74314E+12,66,Create room
1.74314E+12,201,Join Call
1.74314E+12,158,Join Call
1.74314E+12,67,Create room
1.74314E+12,151,Join Call
1.74314E+12,291,Join Call
1.74314E+12,67,Create room
1.74314E+12,79,Create room
1.74314E+12,130,Join Call
1.74314E+12,75,Create room
1.74314E+12,508,Join Call
1.74314E+12,149,Create room
1.74314E+12,314,Join Call
1.74314E+12,146,Join Call
1.74314E+12,155,Join Call
1.74314E+12,75,Create room
1.74314E+12,68,Create room
1.74314E+12,153,Create room
1.74314E+12,126,Join Call
1.74314E+12,76,Create room
1.74314E+12,69,Create room
1.74314E+12,241,Join Call
1.74314E+12,124,Join Call
1.74314E+12,77,Create room
1.74314E+12,94,Create room
1.74314E+12,219,Create room
1.74314E+12,132,Join Call
1.74314E+12,137,Join Call
1.74314E+12,392,Join Call
1.74314E+12,78,Create room
1.74314E+12,379,Join Call
1.74314E+12,66,Create room
1.74314E+12,126,Join Call
1.74314E+12,166,Join Call
1.74314E+12,115,Create room
1.74314E+12,131,Join Call
1.74314E+12,74,Create room
1.74314E+12,79,Create room
1.74314E+12,133,Join Call
1.74314E+12,71,Create room
1.74314E+12,136,Join Call
1.74314E+12,244,Create room
1.74314E+12,245,Join Call
1.74314E+12,108,Create room
1.74314E+12,123,Join Call
1.74314E+12,472,Join Call
1.74314E+12,87,Create room
1.74314E+12,67,Create room
1.74314E+12,102,Create room
1.74314E+12,174,Create room
1.74314E+12,73,Create room
1.74314E+12,484,Join Call
1.74314E+12,123,Join Call
1.74314E+12,69,Create room
1.74314E+12,125,Join Call
1.74314E+12,273,Join Call
1.74314E+12,98,Create room
1.74314E+12,120,Join Call
1.74314E+12,119,Create room
1.74314E+12,79,Create room
1.74314E+12,73,Create room
1.74314E+12,507,Join Call
1.74314E+12,125,Join Call
1.74314E+12,394,Join Call
1.74314E+12,77,Create room
1.74314E+12,182,Join Call
1.74314E+12,126,Create room
1.74314E+12,146,Join Call
1.74314E+12,176,Join Call
1.74314E+12,142,Join Call
1.74314E+12,145,Join Call
1.74314E+12,134,Create room
1.74314E+12,79,Create room
1.74314E+12,68,Create room
1.74314E+12,68,Create room
1.74314E+12,73,Create room
1.74314E+12,70,Create room
1.74314E+12,124,Join Call
1.74314E+12,123,Create room
1.74314E+12,338,Join Call
1.74314E+12,136,Join Call
1.74314E+12,122,Create room
1.74314E+12,448,Join Call
1.74314E+12,131,Join Call
1.74314E+12,132,Join Call
1.74314E+12,454,Join Call
1.74314E+12,85,Create room
1.74314E+12,85,Create room
1.74314E+12,73,Create room
1.74314E+12,111,Create room
1.74314E+12,97,Create room
1.74314E+12,128,Join Call
1.74314E+12,404,Join Call
1.74314E+12,173,Join Call
1.74314E+12,145,Join Call
1.74314E+12,167,Join Call
1.74314E+12,77,Create room
1.74314E+12,86,Create room
1.74314E+12,360,Join Call
1.74314E+12,266,Join Call
1.74314E+12,207,Join Call
1.74314E+12,71,Create room
1.74314E+12,132,Join Call
1.74314E+12,127,Join Call
1.74314E+12,82,Create room
1.74314E+12,130,Join Call
1.74314E+12,388,Join Call
1.74314E+12,119,Create room
1.74314E+12,310,Create room
1.74314E+12,135,Create room
1.74314E+12,138,Join Call
1.74314E+12,110,Create room
1.74314E+12,66,Create room
1.74314E+12,68,Create room
1.74314E+12,522,Join Call
1.74314E+12,123,Create room
1.74314E+12,65,Create room
1.74314E+12,166,Join Call
1.74314E+12,152,Create room
1.74314E+12,122,Join Call
1.74314E+12,77,Create room
1.74314E+12,221,Join Call
1.74314E+12,165,Create room
1.74314E+12,130,Join Call
1.74314E+12,356,Join Call
1.74314E+12,74,Create room
1.74314E+12,162,Create room
1.74314E+12,129,Join Call
1.74314E+12,75,Create room
1.74314E+12,66,Create room
1.74314E+12,123,Join Call
1.74314E+12,175,Join Call
1.74314E+12,150,Create room
1.74314E+12,115,Create room
1.74314E+12,295,Join Call
1.74314E+12,184,Join Call
1.74314E+12,68,Create room
1.74314E+12,486,Join Call
1.74314E+12,67,Create room
1.74314E+12,128,Create room
1.74314E+12,69,Create room
1.74314E+12,260,Join Call
1.74314E+12,68,Create room
1.74314E+12,146,Join Call
1.74314E+12,245,Join Call
1.74314E+12,129,Join Call
1.74314E+12,145,Join Call
1.74314E+12,227,Join Call
1.74314E+12,88,Create room
1.74314E+12,247,Join Call
1.74314E+12,331,Join Call
1.74314E+12,119,Create room
1.74314E+12,125,Join Call
1.74314E+12,73,Create room
1.74314E+12,146,Join Call
1.74314E+12,179,Join Call
1.74314E+12,89,Create room
1.74314E+12,89,Create room
1.74314E+12,156,Join Call
1.74314E+12,422,Join Call
1.74314E+12,79,Create room
1.74314E+12,101,Create room
1.74314E+12,68,Create room
1.74314E+12,240,Join Call
1.74314E+12,71,Create room
1.74314E+12,68,Create room
1.74314E+12,359,Join Call
1.74314E+12,162,Create room
1.74314E+12,167,Join Call
1.74314E+12,67,Create room
1.74314E+12,265,Join Call
1.74314E+12,144,Join Call
1.74314E+12,256,Create room
1.74314E+12,124,Create room
1.74314E+12,145,Join Call
1.74314E+12,402,Join Call
1.74314E+12,177,Join Call
1.74314E+12,130,Join Call
1.74314E+12,95,Create room
1.74314E+12,139,Join Call
1.74314E+12,71,Create room
1.74314E+12,165,Join Call
1.74314E+12,71,Create room
1.74314E+12,311,Create room
1.74314E+12,342,Join Call
1.74314E+12,215,Join Call
1.74314E+12,69,Create room
1.74314E+12,80,Create room
1.74314E+12,278,Join Call
1.74314E+12,84,Create room
1.74314E+12,169,Join Call
1.74314E+12,80,Create room
1.74314E+12,72,Create room
1.74314E+12,163,Join Call
1.74314E+12,232,Create room
1.74314E+12,145,Join Call
1.74314E+12,85,Create room
1.74314E+12,78,Create room
1.74314E+12,144,Join Call
1.74314E+12,213,Join Call
1.74314E+12,138,Join Call
1.74314E+12,130,Join Call
1.74314E+12,81,Create room
1.74314E+12,163,Join Call
1.74314E+12,70,Create room
1.74314E+12,130,Join Call
1.74314E+12,176,Create room
1.74314E+12,303,Create room
1.74314E+12,97,Create room
1.74314E+12,199,Create room
1.74314E+12,182,Join Call
1.74314E+12,152,Join Call
1.74314E+12,129,Join Call
1.74314E+12,73,Create room
1.74314E+12,419,Join Call
1.74314E+12,425,Create room
1.74314E+12,66,Create room
1.74314E+12,402,Join Call
1.74314E+12,228,Join Call
1.74314E+12,145,Join Call
1.74314E+12,203,Join Call
1.74314E+12,136,Join Call
1.74314E+12,74,Create room
1.74314E+12,70,Create room
1.74314E+12,138,Join Call
1.74314E+12,96,Create room
1.74314E+12,104,Create room
1.74314E+12,66,Create room
1.74314E+12,107,Create room
1.74314E+12,155,Join Call
1.74314E+12,131,Join Call
1.74314E+12,66,Create room
1.74314E+12,142,Join Call
1.74314E+12,257,Create room
1.74314E+12,257,Create room
1.74314E+12,161,Create room
1.74314E+12,145,Create room
1.74314E+12,124,Join Call
1.74314E+12,187,Create room
1.74314E+12,66,Create room
1.74314E+12,158,Join Call
1.74314E+12,73,Create room
1.74314E+12,276,Join Call
1.74314E+12,127,Join Call
1.74314E+12,126,Join Call
1.74314E+12,348,Create room
1.74314E+12,71,Create room
1.74314E+12,126,Join Call
1.74314E+12,198,Join Call
1.74314E+12,71,Create room
1.74314E+12,315,Join Call
1.74314E+12,294,Join Call
1.74314E+12,69,Create room
1.74314E+12,67,Create room
1.74314E+12,129,Join Call
1.74314E+12,68,Create room
1.74314E+12,67,Create room
1.74314E+12,125,Create room
1.74314E+12,151,Join Call
1.74314E+12,256,Join Call
1.74314E+12,240,Create room
1.74314E+12,209,Join Call
1.74314E+12,420,Join Call
1.74314E+12,68,Create room
1.74314E+12,159,Join Call
1.74314E+12,178,Join Call
1.74314E+12,264,Join Call
1.74314E+12,77,Create room
1.74314E+12,135,Create room
1.74314E+12,132,Join Call
1.74314E+12,288,Join Call
1.74314E+12,127,Join Call
1.74314E+12,129,Join Call
1.74314E+12,83,Create room
1.74314E+12,140,Join Call
1.74314E+12,301,Join Call
1.74314E+12,81,Create room
1.74314E+12,157,Join Call
1.74314E+12,75,Create room
1.74314E+12,70,Create room
1.74314E+12,124,Join Call
1.74314E+12,66,Create room
1.74314E+12,85,Create room
1.74314E+12,72,Create room
1.74314E+12,117,Create room
1.74314E+12,135,Join Call
1.74314E+12,224,Create room
1.74314E+12,65,Create room
1.74314E+12,368,Create room
1.74314E+12,451,Join Call
1.74314E+12,123,Join Call
1.74314E+12,134,Join Call
1.74314E+12,68,Create room
1.74314E+12,138,Join Call
1.74314E+12,213,Create room
1.74314E+12,154,Create room
1.74314E+12,121,Join Call
1.74314E+12,176,Create room
1.74314E+12,148,Join Call
1.74314E+12,129,Join Call
1.74314E+12,332,Join Call
1.74314E+12,68,Create room
1.74314E+12,67,Create room
1.74314E+12,313,Create room
1.74314E+12,126,Join Call
1.74314E+12,85,Create room
1.74314E+12,71,Create room
1.74314E+12,139,Create room
1.74314E+12,77,Create room
1.74314E+12,495,Join Call
1.74314E+12,132,Create room
1.74314E+12,137,Join Call
1.74314E+12,146,Join Call
1.74314E+12,67,Create room
1.74314E+12,125,Join Call
1.74314E+12,281,Join Call
1.74314E+12,409,Join Call
1.74314E+12,146,Join Call
1.74314E+12,86,Create room
1.74314E+12,83,Create room
1.74314E+12,106,Create room
1.74314E+12,129,Join Call
1.74314E+12,67,Create room
1.74314E+12,159,Join Call
1.74314E+12,151,Join Call
1.74314E+12,255,Join Call
1.74314E+12,148,Join Call
1.74314E+12,74,Create room
1.74314E+12,222,Create room
1.74314E+12,89,Create room
1.74314E+12,263,Join Call
1.74314E+12,157,Join Call
1.74314E+12,364,Join Call
1.74314E+12,72,Create room
1.74314E+12,154,Create room
1.74314E+12,76,Create room
1.74314E+12,115,Create room
1.74314E+12,134,Join Call
1.74314E+12,68,Create room
1.74314E+12,81,Create room
1.74314E+12,262,Join Call
1.74314E+12,113,Create room
1.74314E+12,125,Join Call
1.74314E+12,440,Join Call
1.74314E+12,171,Join Call
1.74314E+12,346,Join Call
1.74314E+12,135,Join Call
1.74314E+12,589,Join Call
1.74314E+12,67,Create room
1.74314E+12,78,Create room
1.74314E+12,239,Join Call
1.74314E+12,67,Create room
1.74314E+12,108,Create room
1.74314E+12,77,Create room
1.74314E+12,153,Join Call
1.74314E+12,123,Join Call
1.74314E+12,148,Join Call
1.74314E+12,108,Create room
1.74314E+12,164,Join Call
1.74314E+12,169,Join Call
1.74314E+12,283,Create room
1.74314E+12,141,Create room
1.74314E+12,110,Create room
1.74314E+12,70,Create room
1.74314E+12,281,Join Call
1.74314E+12,140,Join Call
1.74314E+12,80,Create room
1.74314E+12,96,Create room
1.74314E+12,72,Create room
1.74314E+12,124,Join Call
1.74314E+12,338,Join Call
1.74314E+12,154,Join Call
1.74314E+12,291,Join Call
1.74314E+12,309,Create room
1.74314E+12,90,Create room
1.74314E+12,141,Join Call
1.74314E+12,130,Create room
1.74314E+12,128,Join Call
1.74314E+12,123,Join Call
1.74314E+12,73,Create room
1.74314E+12,245,Join Call
1.74314E+12,128,Create room
1.74314E+12,326,Create room
1.74314E+12,89,Create room
1.74314E+12,157,Join Call
1.74314E+12,130,Join Call
1.74314E+12,65,Create room
1.74314E+12,132,Join Call
1.74314E+12,138,Create room
1.74314E+12,76,Create room
1.74314E+12,73,Create room
1.74314E+12,115,Create room
1.74314E+12,81,Create room
1.74314E+12,146,Join Call
1.74314E+12,446,Join Call
1.74314E+12,167,Create room
1.74314E+12,64,Create room
1.74314E+12,124,Join Call
1.74314E+12,169,Join Call
1.74314E+12,135,Join Call
1.74314E+12,172,Create room
1.74314E+12,171,Join Call
1.74314E+12,73,Create room
1.74314E+12,126,Join Call
1.74314E+12,67,Create room
1.74314E+12,67,Create room
1.74314E+12,123,Create room
1.74314E+12,256,Join Call
1.74314E+12,74,Create room
1.74314E+12,232,Join Call
1.74314E+12,129,Join Call
1.74314E+12,145,Join Call
1.74314E+12,157,Join Call
1.74314E+12,389,Join Call
1.74314E+12,198,Join Call
1.74314E+12,73,Create room
1.74314E+12,131,Join Call
1.74314E+12,70,Create room
1.74314E+12,67,Create room
1.74314E+12,529,Join Call
1.74314E+12,66,Create room
1.74314E+12,378,Join Call
1.74314E+12,137,Join Call
1.74314E+12,126,Create room
1.74314E+12,128,Create room
1.74314E+12,138,Join Call
1.74314E+12,67,Create room
1.74314E+12,145,Join Call
1.74314E+12,67,Create room
1.74314E+12,133,Create room
1.74314E+12,142,Join Call
1.74314E+12,156,Create room
1.74314E+12,67,Create room
1.74314E+12,249,Create room
1.74314E+12,336,Join Call
1.74314E+12,131,Join Call
1.74314E+12,124,Join Call
1.74314E+12,68,Create room
1.74314E+12,226,Join Call
1.74314E+12,596,Join Call
1.74314E+12,324,Join Call
1.74314E+12,137,Join Call
1.74314E+12,73,Create room
1.74314E+12,143,Join Call
1.74314E+12,79,Create room
1.74314E+12,137,Join Call
1.74314E+12,69,Create room
1.74314E+12,433,Join Call
1.74314E+12,144,Join Call
1.74314E+12,142,Join Call
1.74314E+12,240,Create room
1.74314E+12,214,Join Call
1.74314E+12,72,Create room
1.74314E+12,93,Create room
1.74314E+12,147,Join Call
1.74314E+12,212,Join Call
1.74314E+12,83,Create room
1.74314E+12,212,Create room
1.74314E+12,254,Create room
1.74314E+12,68,Create room
1.74314E+12,208,Join Call
1.74314E+12,88,Create room
1.74314E+12,143,Join Call
1.74314E+12,145,Join Call
1.74314E+12,147,Join Call
1.74314E+12,186,Create room
1.74314E+12,238,Create room
1.74314E+12,109,Create room
1.74314E+12,391,Join Call
1.74314E+12,163,Create room
1.74314E+12,127,Join Call
1.74314E+12,68,Create room
1.74314E+12,124,Join Call
1.74314E+12,77,Create room
1.74314E+12,123,Join Call
1.74314E+12,190,Create room
1.74314E+12,161,Join Call
1.74314E+12,151,Join Call
1.74314E+12,144,Create room
1.74314E+12,128,Join Call
1.74314E+12,79,Create room
1.74314E+12,126,Join Call
1.74314E+12,206,Create room
1.74314E+12,67,Create room
1.74314E+12,159,Create room
1.74314E+12,129,Join Call
1.74314E+12,325,Create room
1.74314E+12,66,Create room
1.74314E+12,78,Create room
1.74314E+12,147,Join Call
1.74314E+12,115,Create room
1.74314E+12,141,Join Call
1.74314E+12,220,Join Call
1.74314E+12,129,Join Call
1.74314E+12,170,Create room
1.74314E+12,124,Join Call
1.74314E+12,92,Create room
1.74314E+12,130,Join Call
1.74314E+12,79,Create room
1.74314E+12,76,Create room
1.74314E+12,403,Join Call
1.74314E+12,394,Join Call
1.74314E+12,70,Create room
1.74314E+12,271,Create room
1.74314E+12,122,Join Call
1.74314E+12,123,Join Call
1.74314E+12,74,Create room
1.74314E+12,135,Create room
1.74314E+12,127,Join Call
1.74314E+12,133,Create room
1.74314E+12,136,Join Call
1.74314E+12,291,Create room
1.74314E+12,79,Create room
1.74314E+12,124,Join Call
1.74314E+12,132,Join Call
1.74314E+12,292,Join Call
1.74314E+12,251,Join Call
1.74314E+12,131,Create room
1.74314E+12,129,Join Call
1.74314E+12,68,Create room
1.74314E+12,374,Join Call
1.74314E+12,161,Join Call
1.74314E+12,77,Create room
1.74314E+12,66,Create room
1.74314E+12,440,Join Call
1.74314E+12,175,Create room
1.74314E+12,155,Join Call
1.74314E+12,67,Create room
1.74314E+12,96,Create room
1.74314E+12,101,Create room
1.74314E+12,376,Join Call
1.74314E+12,74,Create room
1.74314E+12,188,Join Call
1.74314E+12,160,Join Call
1.74314E+12,66,Create room
1.74314E+12,291,Create room
1.74314E+12,152,Join Call
1.74314E+12,163,Join Call
1.74314E+12,126,Join Call
1.74314E+12,139,Join Call
1.74314E+12,196,Create room
1.74314E+12,126,Join Call
1.74314E+12,84,Create room
1.74314E+12,270,Join Call
1.74314E+12,138,Join Call
1.74314E+12,69,Create room
1.74314E+12,134,Create room
1.74314E+12,124,Create room
1.74314E+12,70,Create room
1.74314E+12,80,Create room
1.74314E+12,229,Create room
1.74314E+12,148,Join Call
1.74314E+12,123,Join Call
1.74314E+12,65,Create room
1.74314E+12,497,Join Call
1.74314E+12,72,Create room
1.74314E+12,140,Create room
1.74314E+12,204,Join Call
1.74314E+12,256,Create room
1.74314E+12,73,Create room
1.74314E+12,68,Create room
1.74314E+12,273,Join Call
1.74314E+12,64,Create room
1.74314E+12,388,Join Call
1.74314E+12,171,Join Call
1.74314E+12,164,Create room
1.74314E+12,86,Create room
1.74314E+12,168,Join Call
1.74314E+12,147,Join Call
1.74314E+12,156,Join Call
1.74314E+12,71,Create room
1.74314E+12,136,Join Call
1.74314E+12,78,Create room
1.74314E+12,130,Create room
1.74314E+12,139,Join Call
1.74314E+12,142,Join Call
1.74314E+12,74,Create room
1.74314E+12,77,Create room
1.74314E+12,286,Join Call
1.74314E+12,191,Join Call
1.74314E+12,233,Join Call
1.74314E+12,96,Create room
1.74314E+12,69,Create room
1.74314E+12,67,Create room
1.74314E+12,76,Create room
1.74314E+12,310,Join Call
1.74314E+12,244,Join Call
1.74314E+12,138,Join Call
1.74314E+12,233,Join Call
1.74314E+12,142,Join Call
1.74314E+12,460,Join Call
1.74314E+12,143,Create room
1.74314E+12,151,Join Call
1.74314E+12,67,Create room
1.74314E+12,85,Create room
1.74314E+12,138,Join Call
1.74314E+12,138,Join Call
1.74314E+12,124,Join Call
1.74314E+12,195,Join Call
1.74314E+12,128,Join Call
1.74314E+12,123,Create room
1.74314E+12,75,Create room
1.74314E+12,113,Create room
1.74314E+12,71,Create room
1.74314E+12,78,Create room
1.74314E+12,70,Create room
1.74314E+12,212,Create room
1.74314E+12,475,Join Call
1.74314E+12,81,Create room
1.74314E+12,65,Create room
1.74314E+12,77,Create room
1.74314E+12,122,Join Call
1.74314E+12,370,Join Call
1.74314E+12,148,Join Call
1.74314E+12,139,Join Call
1.74314E+12,317,Create room
1.74314E+12,87,Create room
1.74314E+12,147,Create room
1.74314E+12,69,Create room
1.74314E+12,159,Join Call
1.74314E+12,128,Join Call
1.74314E+12,219,Join Call
1.74314E+12,124,Join Call
1.74314E+12,105,Create room
1.74314E+12,90,Create room
1.74314E+12,409,Join Call
1.74314E+12,168,Join Call
1.74314E+12,153,Join Call
1.74314E+12,73,Create room
1.74314E+12,71,Create room
1.74314E+12,67,Create room
1.74314E+12,86,Create room
1.74314E+12,123,Join Call
1.74314E+12,705,Join Call
1.74314E+12,145,Create room
1.74314E+12,154,Join Call
1.74314E+12,73,Create room
1.74314E+12,603,Join Call
1.74314E+12,183,Join Call
1.74314E+12,125,Join Call
1.74314E+12,194,Join Call
1.74314E+12,140,Create room
1.74314E+12,77,Create room
1.74314E+12,340,Join Call
1.74314E+12,128,Join Call
1.74314E+12,126,Join Call
1.74314E+12,81,Create room
1.74314E+12,174,Create room
1.74314E+12,134,Join Call
1.74314E+12,351,Join Call
1.74314E+12,340,Join Call
1.74314E+12,96,Create room
1.74314E+12,128,Join Call
1.74314E+12,68,Create room
1.74314E+12,111,Create room
1.74314E+12,420,Join Call
1.74314E+12,91,Create room
1.74314E+12,68,Create room
1.74314E+12,181,Create room
1.74314E+12,141,Create room
1.74314E+12,285,Join Call
1.74314E+12,80,Create room
1.74314E+12,109,Create room
1.74314E+12,244,Join Call
1.74314E+12,68,Create room
1.74314E+12,144,Join Call
1.74314E+12,84,Create room
1.74314E+12,129,Join Call
1.74314E+12,123,Join Call
1.74314E+12,124,Join Call
1.74314E+12,86,Create room
1.74314E+12,232,Create room
1.74314E+12,128,Join Call
1.74314E+12,104,Create room
1.74314E+12,148,Join Call
1.74314E+12,126,Join Call
1.74314E+12,215,Create room
1.74314E+12,64,Create room
1.74314E+12,66,Create room
1.74314E+12,66,Create room
1.74314E+12,349,Join Call
1.74314E+12,286,Join Call
1.74314E+12,123,Join Call
1.74314E+12,71,Create room
1.74314E+12,152,Create room
1.74314E+12,95,Create room
1.74314E+12,138,Join Call
1.74314E+12,69,Create room
1.74314E+12,126,Join Call
1.74314E+12,130,Create room
1.74314E+12,139,Join Call
1.74314E+12,125,Join Call
1.74314E+12,141,Join Call
1.74314E+12,135,Create room
1.74314E+12,68,Create room
1.74314E+12,125,Join Call
1.74314E+12,278,Join Call
1.74314E+12,400,Join Call
1.74314E+12,71,Create room
1.74314E+12,174,Join Call
1.74314E+12,172,Create room
1.74314E+12,68,Create room
1.74314E+12,258,Join Call
1.74314E+12,91,Create room
1.74314E+12,81,Create room
1.74314E+12,67,Create room
1.74314E+12,398,Join Call
1.74314E+12,523,Join Call
1.74314E+12,199,Join Call
1.74314E+12,166,Join Call
1.74314E+12,125,Join Call
1.74314E+12,431,Join Call
1.74314E+12,423,Join Call
1.74314E+12,136,Join Call
1.74314E+12,164,Create room
1.74314E+12,126,Join Call
1.74314E+12,157,Create room
1.74314E+12,74,Create room
1.74314E+12,153,Join Call
1.74314E+12,126,Join Call
1.74314E+12,145,Create room
1.74314E+12,85,Create room
1.74314E+12,281,Join Call
1.74314E+12,143,Join Call
1.74314E+12,66,Create room
1.74314E+12,168,Join Call
1.74314E+12,144,Create room
1.74314E+12,162,Create room
1.74314E+12,240,Create room
1.74314E+12,67,Create room
1.74314E+12,65,Create room
1.74314E+12,95,Create room
1.74314E+12,63,Create room
1.74314E+12,124,Join Call
1.74314E+12,84,Create room
1.74314E+12,69,Create room
1.74314E+12,185,Create room
1.74314E+12,208,Create room
1.74314E+12,119,Join Call
1.74314E+12,158,Join Call
1.74314E+12,253,Create room
1.74314E+12,65,Create room
1.74314E+12,155,Join Call
1.74314E+12,416,Join Call
1.74314E+12,121,Join Call
1.74314E+12,141,Join Call
1.74314E+12,137,Join Call
1.74314E+12,73,Create room
1.74314E+12,126,Join Call
1.74314E+12,171,Join Call
1.74314E+12,90,Create room
1.74314E+12,78,Create room
1.74314E+12,70,Create room
1.74314E+12,163,Join Call
1.74314E+12,123,Join Call
1.74314E+12,166,Join Call
1.74314E+12,75,Create room
1.74314E+12,94,Create room
1.74314E+12,124,Create room
1.74314E+12,69,Create room
1.74314E+12,137,Create room
1.74314E+12,68,Create room
1.74314E+12,317,Join Call
1.74314E+12,82,Create room
1.74314E+12,130,Join Call
1.74314E+12,158,Join Call
1.74314E+12,142,Join Call
1.74314E+12,125,Join Call
1.74314E+12,217,Create room
1.74314E+12,347,Join Call
1.74314E+12,256,Join Call
1.74314E+12,609,Join Call
1.74314E+12,68,Create room
1.74314E+12,127,Join Call
1.74314E+12,72,Create room
1.74314E+12,68,Create room
1.74314E+12,70,Create room
1.74314E+12,144,Join Call
1.74314E+12,124,Join Call
1.74314E+12,71,Create room
1.74314E+12,149,Join Call
1.74314E+12,131,Join Call
1.74314E+12,482,Join Call
1.74314E+12,119,Create room
1.74314E+12,74,Create room
1.74314E+12,78,Create room
1.74314E+12,486,Join Call
1.74314E+12,66,Create room
1.74314E+12,69,Create room
1.74314E+12,419,Join Call
1.74314E+12,576,Join Call
1.74314E+12,113,Create room
1.74314E+12,136,Join Call
1.74314E+12,97,Create room
1.74314E+12,149,Join Call
1.74314E+12,90,Create room
1.74314E+12,183,Join Call
1.74314E+12,293,Join Call
1.74314E+12,77,Create room
1.74314E+12,194,Join Call
1.74314E+12,128,Join Call
1.74314E+12,254,Create room
1.74314E+12,77,Create room
1.74314E+12,129,Join Call
1.74314E+12,125,Create room
1.74314E+12,302,Join Call
1.74314E+12,124,Join Call
1.74314E+12,181,Join Call
1.74314E+12,71,Create room
1.74314E+12,73,Create room
1.74314E+12,186,Join Call
1.74314E+12,375,Create room
1.74314E+12,68,Create room
1.74314E+12,253,Join Call
1.74314E+12,289,Join Call
1.74314E+12,139,Join Call
1.74314E+12,68,Create room
1.74314E+12,415,Join Call
1.74314E+12,82,Create room
1.74314E+12,173,Join Call
1.74314E+12,122,Create room
1.74314E+12,225,Join Call
1.74314E+12,82,Create room
1.74314E+12,148,Join Call
1.74314E+12,72,Create room
1.74314E+12,142,Join Call
1.74314E+12,68,Create room
1.74314E+12,282,Create room
1.74314E+12,246,Create room
1.74314E+12,129,Join Call
1.74314E+12,67,Create room
1.74314E+12,125,Join Call
1.74314E+12,146,Create room
1.74314E+12,145,Create room
1.74314E+12,127,Join Call
1.74314E+12,67,Create room
1.74314E+12,157,Create room
1.74314E+12,289,Join Call
1.74314E+12,263,Join Call
1.74314E+12,137,Join Call
1.74314E+12,221,Join Call
1.74314E+12,127,Join Call
1.74314E+12,80,Create room
1.74314E+12,67,Create room
1.74314E+12,134,Join Call
1.74314E+12,135,Join Call
1.74314E+12,150,Create room
1.74314E+12,68,Create room
1.74314E+12,66,Create room
1.74314E+12,228,Create room
1.74314E+12,184,Join Call
1.74314E+12,138,Join Call
1.74314E+12,127,Create room
1.74314E+12,127,Create room
1.74314E+12,81,Create room
1.74314E+12,365,Join Call
1.74314E+12,275,Join Call
1.74314E+12,122,Create room
1.74314E+12,74,Create room
1.74314E+12,64,Create room
1.74314E+12,132,Join Call
1.74314E+12,64,Create room
1.74314E+12,149,Join Call
1.74314E+12,530,Create room
1.74314E+12,138,Join Call
1.74314E+12,267,Join Call
1.74314E+12,67,Create room
1.74314E+12,144,Join Call
1.74314E+12,155,Join Call
1.74314E+12,69,Create room
1.74314E+12,343,Join Call
1.74314E+12,133,Join Call
1.74314E+12,69,Create room
1.74314E+12,128,Join Call
1.74314E+12,167,Join Call
1.74314E+12,160,Join Call
1.74314E+12,175,Create room
1.74314E+12,144,Join Call
1.74314E+12,79,Create room
1.74314E+12,205,Create room
1.74314E+12,226,Join Call
1.74314E+12,79,Create room
1.74314E+12,82,Create room
1.74314E+12,242,Join Call
1.74314E+12,127,Join Call
1.74314E+12,86,Create room
1.74314E+12,156,Create room
1.74314E+12,77,Create room
1.74314E+12,167,Join Call
1.74314E+12,126,Join Call
1.74314E+12,154,Create room
1.74314E+12,226,Join Call
1.74314E+12,467,Join Call
1.74314E+12,70,Create room
1.74314E+12,86,Create room
1.74314E+12,68,Create room
1.74314E+12,78,Create room
1.74314E+12,71,Create room
1.74314E+12,162,Join Call
1.74314E+12,187,Create room
1.74314E+12,406,Join Call
1.74314E+12,137,Join Call
1.74314E+12,148,Join Call
1.74314E+12,99,Create room
1.74314E+12,198,Join Call
1.74314E+12,69,Create room
1.74314E+12,193,Join Call
1.74314E+12,585,Join Call
1.74314E+12,131,Join Call
1.74314E+12,138,Join Call
1.74314E+12,148,Join Call
1.74314E+12,364,Create room
1.74314E+12,284,Join Call
1.74314E+12,76,Create room
1.74314E+12,151,Join Call
1.74314E+12,158,Join Call
1.74314E+12,119,Create room
1.74314E+12,172,Create room
1.74314E+12,76,Create room
1.74314E+12,69,Create room
1.74314E+12,81,Create room
1.74314E+12,297,Join Call
1.74314E+12,94,Create room
1.74314E+12,124,Join Call
1.74314E+12,254,Create room
1.74314E+12,157,Join Call
1.74314E+12,65,Create room
1.74314E+12,175,Create room
1.74314E+12,99,Create room
1.74314E+12,350,Join Call
1.74314E+12,156,Join Call
1.74314E+12,373,Join Call
1.74314E+12,171,Join Call
1.74314E+12,92,Create room
1.74314E+12,76,Create room
1.74314E+12,170,Create room
1.74314E+12,229,Create room
1.74314E+12,121,Join Call
1.74314E+12,115,Create room
1.74314E+12,132,Join Call
1.74314E+12,147,Join Call
1.74314E+12,75,Create room
1.74314E+12,145,Join Call
1.74314E+12,377,Join Call
1.74314E+12,106,Create room
1.74314E+12,101,Create room
1.74314E+12,129,Create room
1.74314E+12,78,Create room
1.74314E+12,132,Join Call
1.74314E+12,149,Join Call
1.74314E+12,230,Join Call
1.74314E+12,192,Join Call
1.74314E+12,69,Create room
1.74314E+12,162,Join Call
1.74314E+12,165,Join Call
1.74314E+12,172,Create room
1.74314E+12,286,Join Call
1.74314E+12,126,Join Call
1.74314E+12,66,Create room
1.74314E+12,77,Create room
1.74314E+12,72,Create room
1.74314E+12,342,Join Call
1.74314E+12,73,Create room
1.74314E+12,252,Create room
1.74314E+12,125,Join Call
1.74314E+12,135,Join Call
1.74314E+12,74,Create room
1.74314E+12,131,Create room
1.74314E+12,321,Join Call
1.74314E+12,124,Create room
1.74314E+12,142,Join Call
1.74314E+12,70,Create room
1.74314E+12,69,Create room
1.74314E+12,202,Join Call
1.74314E+12,70,Create room
1.74314E+12,122,Join Call
1.74314E+12,474,Join Call
1.74314E+12,213,Create room
1.74314E+12,69,Create room
1.74314E+12,142,Join Call
1.74314E+12,161,Join Call
1.74314E+12,71,Create room
1.74314E+12,70,Create room
1.74314E+12,285,Join Call
1.74314E+12,411,Join Call
1.74314E+12,169,Join Call
1.74314E+12,133,Join Call
1.74314E+12,125,Join Call
1.74314E+12,70,Create room
1.74314E+12,384,Create room
1.74314E+12,83,Create room
1.74314E+12,197,Create room
1.74314E+12,88,Create room
1.74314E+12,89,Create room
1.74314E+12,135,Join Call
1.74314E+12,218,Join Call
1.74314E+12,236,Join Call
1.74314E+12,66,Create room
1.74314E+12,126,Join Call
1.74314E+12,83,Create room
1.74314E+12,85,Create room
1.74314E+12,381,Join Call
1.74314E+12,200,Join Call
1.74314E+12,67,Create room
1.74314E+12,68,Create room
1.74314E+12,130,Join Call
1.74314E+12,343,Join Call
1.74314E+12,134,Join Call
1.74314E+12,84,Create room
1.74314E+12,274,Create room
1.74314E+12,125,Join Call
1.74314E+12,102,Create room
1.74314E+12,135,Join Call
1.74314E+12,81,Create room
1.74314E+12,161,Create room
1.74314E+12,83,Create room
1.74314E+12,233,Join Call
1.74314E+12,170,Join Call
1.74314E+12,124,Join Call
1.74314E+12,129,Join Call
1.74314E+12,71,Create room
1.74314E+12,487,Join Call
1.74314E+12,161,Create room
1.74314E+12,323,Join Call
1.74314E+12,73,Create room
1.74314E+12,144,Create room
1.74314E+12,131,Join Call
1.74314E+12,68,Create room
1.74314E+12,67,Create room
1.74314E+12,461,Join Call
1.74314E+12,92,Create room
1.74314E+12,287,Join Call
1.74314E+12,97,Create room
1.74314E+12,74,Create room
1.74314E+12,138,Join Call
1.74314E+12,122,Join Call
1.74314E+12,369,Join Call
1.74314E+12,83,Create room
1.74314E+12,92,Create room
1.74314E+12,145,Join Call
1.74314E+12,152,Join Call
1.74314E+12,86,Create room
1.74314E+12,125,Join Call
1.74314E+12,68,Create room
1.74314E+12,424,Join Call
1.74314E+12,257,Join Call
1.74314E+12,141,Join Call
1.74314E+12,209,Join Call
1.74314E+12,71,Create room
1.74314E+12,142,Join Call
1.74314E+12,73,Create room
1.74314E+12,70,Create room
1.74314E+12,78,Create room
1.74314E+12,179,Join Call
1.74314E+12,240,Create room
1.74314E+12,312,Join Call
1.74314E+12,77,Create room
1.74314E+12,83,Create room
1.74314E+12,71,Create room
1.74314E+12,80,Create room
1.74314E+12,382,Join Call
1.74314E+12,111,Create room
1.74314E+12,123,Join Call
1.74314E+12,158,Join Call
1.74314E+12,128,Join Call
1.74314E+12,129,Join Call
1.74314E+12,103,Create room
1.74314E+12,67,Create room
1.74314E+12,84,Create room
1.74314E+12,136,Join Call
1.74314E+12,135,Create room
1.74314E+12,71,Create room
1.74314E+12,137,Join Call
1.74314E+12,179,Join Call
1.74314E+12,135,Join Call
1.74314E+12,67,Create room
1.74314E+12,421,Create room
1.74314E+12,87,Create room
1.74314E+12,180,Join Call
1.74314E+12,66,Create room
1.74314E+12,131,Join Call
1.74314E+12,357,Join Call
1.74314E+12,68,Create room
1.74314E+12,546,Join Call
1.74314E+12,88,Create room
1.74314E+12,128,Join Call
1.74314E+12,149,Join Call
1.74314E+12,147,Join Call
1.74314E+12,128,Join Call
1.74314E+12,157,Create room
1.74314E+12,294,Join Call
1.74314E+12,268,Join Call
1.74314E+12,75,Create room
1.74314E+12,148,Join Call
1.74314E+12,72,Create room
1.74314E+12,71,Create room
1.74314E+12,67,Create room
1.74314E+12,68,Create room
1.74314E+12,237,Create room
1.74314E+12,559,Join Call
1.74314E+12,124,Join Call
1.74314E+12,138,Create room
1.74314E+12,169,Join Call
1.74314E+12,497,Join Call
1.74314E+12,77,Create room
1.74314E+12,129,Join Call
1.74314E+12,393,Join Call
1.74314E+12,74,Create room
1.74314E+12,125,Join Call
1.74314E+12,140,Create room
1.74314E+12,153,Create room
1.74314E+12,287,Join Call
1.74314E+12,74,Create room
1.74314E+12,129,Join Call
1.74314E+12,166,Create room
1.74314E+12,78,Create room
1.74314E+12,142,Join Call
1.74314E+12,70,Create room
1.74314E+12,69,Create room
1.74314E+12,193,Join Call
1.74314E+12,67,Create room
1.74314E+12,177,Create room
1.74314E+12,90,Create room
1.74314E+12,124,Join Call
1.74314E+12,210,Join Call
1.74314E+12,82,Create room
1.74314E+12,207,Join Call
1.74314E+12,75,Create room
1.74314E+12,176,Create room
1.74314E+12,147,Join Call
1.74314E+12,123,Join Call
1.74314E+12,70,Create room
1.74314E+12,314,Join Call
1.74314E+12,133,Join Call
1.74314E+12,76,Create room
1.74314E+12,539,Join Call
1.74314E+12,188,Join Call
1.74314E+12,206,Join Call
1.74314E+12,127,Join Call
1.74314E+12,65,Create room
1.74314E+12,62,Create room
1.74314E+12,218,Join Call
1.74314E+12,62,Create room
1.74314E+12,151,Join Call
1.74314E+12,320,Join Call
1.74314E+12,154,Join Call
1.74314E+12,247,Join Call
1.74314E+12,455,Join Call
1.74314E+12,144,Join Call
1.74314E+12,111,Join Call
1.74314E+12,112,Join Call
