timeStamp,response time,label
1.74314E+12,29,Create room
1.74314E+12,27,Create room
1.74314E+12,32,Create room
1.74314E+12,55,Join Call
1.74314E+12,31,Create room
1.74314E+12,62,Join Call
1.74314E+12,37,Create room
1.74314E+12,43,Create room
1.74314E+12,45,Create room
1.74314E+12,77,Join Call
1.74314E+12,45,Create room
1.74314E+12,78,Join Call
1.74314E+12,52,Create room
1.74314E+12,54,Create room
1.74314E+12,57,Create room
1.74314E+12,57,Create room
1.74314E+12,96,Join Call
1.74314E+12,63,Create room
1.74314E+12,61,Create room
1.74314E+12,110,Join Call
1.74314E+12,68,Create room
1.74314E+12,121,Join Call
1.74314E+12,65,Create room
1.74314E+12,124,Join Call
1.74314E+12,123,Join Call
1.74314E+12,80,Create room
1.74314E+12,69,Create room
1.74314E+12,129,Join Call
1.74314E+12,98,Create room
1.74314E+12,66,Create room
1.74314E+12,95,Create room
1.74314E+12,77,Create room
1.74314E+12,140,Join Call
1.74314E+12,70,Create room
1.74314E+12,95,Create room
1.74314E+12,66,Create room
1.74314E+12,126,Create room
1.74314E+12,146,Join Call
1.74314E+12,75,Create room
1.74314E+12,222,Join Call
1.74314E+12,69,Create room
1.74314E+12,65,Create room
1.74314E+12,126,Join Call
1.74314E+12,70,Create room
1.74314E+12,234,Create room
1.74314E+12,168,Create room
1.74314E+12,83,Create room
1.74314E+12,67,Create room
1.74314E+12,196,Join Call
1.74314E+12,65,Create room
1.74314E+12,143,Create room
1.74314E+12,187,Join Call
1.74314E+12,109,Create room
1.74314E+12,72,Create room
1.74314E+12,165,Join Call
1.74314E+12,137,Join Call
1.74314E+12,136,Join Call
1.74314E+12,89,Create room
1.74314E+12,238,Join Call
1.74314E+12,96,Create room
1.74314E+12,282,Create room
1.74314E+12,477,Join Call
1.74314E+12,94,Create room
1.74314E+12,89,Create room
1.74314E+12,136,Create room
1.74314E+12,427,Join Call
1.74314E+12,233,Join Call
1.74314E+12,488,Join Call
1.74314E+12,143,Create room
1.74314E+12,84,Create room
1.74314E+12,141,Create room
1.74314E+12,193,Create room
1.74314E+12,245,Create room
1.74314E+12,172,Create room
1.74314E+12,228,Join Call
1.74314E+12,159,Create room
1.74314E+12,159,Join Call
1.74314E+12,129,Create room
1.74314E+12,246,Join Call
1.74314E+12,303,Join Call
1.74314E+12,154,Create room
1.74314E+12,435,Create room
1.74314E+12,310,Join Call
1.74314E+12,198,Join Call
1.74314E+12,70,Create room
1.74314E+12,609,Join Call
1.74314E+12,534,Join Call
1.74314E+12,186,Create room
1.74314E+12,227,Create room
1.74314E+12,151,Create room
1.74314E+12,59,Create room
1.74314E+12,231,Join Call
1.74314E+12,254,Create room
1.74314E+12,139,Create room
1.74314E+12,132,Create room
1.74314E+12,339,Join Call
1.74314E+12,657,Join Call
1.74314E+12,261,Join Call
1.74314E+12,529,Join Call
1.74314E+12,288,Create room
1.74314E+12,693,Join Call
1.74314E+12,98,Create room
1.74314E+12,115,Create room
1.74314E+12,136,Create room
1.74314E+12,364,Create room
1.74314E+12,212,Create room
1.74314E+12,276,Create room
1.74314E+12,312,Join Call
1.74314E+12,240,Join Call
1.74314E+12,584,Create room
1.74314E+12,214,Create room
1.74314E+12,386,Join Call
1.74314E+12,201,Join Call
1.74314E+12,415,Join Call
1.74314E+12,279,Create room
1.74314E+12,300,Join Call
1.74314E+12,352,Join Call
1.74314E+12,662,Join Call
1.74314E+12,114,Create room
1.74314E+12,186,Create room
1.74314E+12,936,Join Call
1.74314E+12,323,Create room
1.74314E+12,338,Create room
1.74314E+12,330,Join Call
1.74314E+12,220,Create room
1.74314E+12,414,Create room
1.74314E+12,475,Create room
1.74314E+12,598,Create room
1.74314E+12,642,Create room
1.74314E+12,235,Create room
1.74314E+12,356,Join Call
1.74314E+12,200,Create room
1.74314E+12,467,Create room
1.74314E+12,261,Create room
1.74314E+12,341,Create room
1.74314E+12,543,Create room
1.74314E+12,330,Join Call
1.74314E+12,281,Join Call
1.74314E+12,306,Join Call
1.74314E+12,370,Join Call
1.74314E+12,512,Join Call
1.74314E+12,291,Join Call
1.74314E+12,475,Create room
1.74314E+12,229,Create room
1.74314E+12,724,Create room
1.74314E+12,756,Join Call
1.74314E+12,268,Create room
1.74314E+12,914,Join Call
1.74314E+12,524,Join Call
1.74314E+12,342,Join Call
1.74314E+12,239,Create room
1.74314E+12,896,Join Call
1.74314E+12,706,Join Call
1.74314E+12,959,Join Call
1.74314E+12,809,Join Call
1.74314E+12,334,Join Call
1.74314E+12,364,Join Call
1.74314E+12,82,Create room
1.74314E+12,597,Join Call
1.74314E+12,369,Join Call
1.74314E+12,455,Join Call
1.74314E+12,303,Create room
1.74314E+12,188,Create room
1.74314E+12,1125,Join Call
1.74314E+12,298,Join Call
1.74314E+12,395,Create room
1.74314E+12,531,Create room
1.74314E+12,496,Join Call
1.74314E+12,310,Join Call
1.74314E+12,127,Create room
1.74314E+12,462,Create room
1.74314E+12,139,Create room
1.74314E+12,143,Create room
1.74314E+12,331,Join Call
1.74314E+12,324,Create room
1.74314E+12,217,Join Call
1.74314E+12,66,Create room
1.74314E+12,343,Join Call
1.74314E+12,714,Join Call
1.74314E+12,150,Create room
1.74314E+12,202,Create room
1.74314E+12,392,Join Call
1.74314E+12,135,Create room
1.74314E+12,123,Create room
1.74314E+12,431,Join Call
1.74314E+12,553,Create room
1.74314E+12,179,Create room
1.74314E+12,493,Join Call
1.74314E+12,193,Join Call
1.74314E+12,118,Create room
1.74314E+12,175,Create room
1.74314E+12,409,Join Call
1.74314E+12,111,Create room
1.74314E+12,198,Join Call
1.74314E+12,284,Create room
1.74314E+12,182,Create room
1.74314E+12,153,Create room
1.74314E+12,419,Create room
1.74314E+12,534,Join Call
1.74314E+12,452,Create room
1.74314E+12,519,Create room
1.74314E+12,556,Create room
1.74314E+12,355,Create room
1.74314E+12,467,Create room
1.74314E+12,163,Create room
1.74314E+12,474,Join Call
1.74314E+12,673,Create room
1.74314E+12,557,Create room
1.74314E+12,288,Join Call
1.74314E+12,152,Create room
1.74314E+12,355,Join Call
1.74314E+12,178,Create room
1.74314E+12,197,Join Call
1.74314E+12,453,Join Call
1.74314E+12,618,Join Call
1.74314E+12,568,Create room
1.74314E+12,723,Join Call
1.74314E+12,291,Join Call
1.74314E+12,565,Create room
1.74314E+12,317,Join Call
1.74314E+12,810,Join Call
1.74314E+12,560,Join Call
1.74314E+12,301,Create room
1.74314E+12,387,Join Call
1.74314E+12,93,Create room
1.74314E+12,413,Create room
1.74314E+12,773,Create room
1.74314E+12,584,Join Call
1.74314E+12,150,Create room
1.74314E+12,162,Create room
1.74314E+12,190,Create room
1.74314E+12,793,Join Call
1.74314E+12,249,Create room
1.74314E+12,1123,Join Call
1.74314E+12,387,Join Call
1.74314E+12,468,Join Call
1.74314E+12,203,Create room
1.74314E+12,339,Join Call
1.74314E+12,225,Create room
1.74314E+12,128,Join Call
1.74314E+12,208,Create room
1.74314E+12,186,Create room
1.74314E+12,321,Join Call
1.74314E+12,653,Join Call
1.74314E+12,217,Create room
1.74314E+12,414,Join Call
1.74314E+12,389,Join Call
1.74314E+12,999,Join Call
1.74314E+12,372,Join Call
1.74314E+12,506,Join Call
1.74314E+12,637,Join Call
1.74314E+12,693,Join Call
1.74314E+12,408,Join Call
1.74314E+12,284,Join Call
1.74314E+12,417,Create room
1.74314E+12,194,Create room
1.74314E+12,787,Join Call
1.74314E+12,386,Join Call
1.74314E+12,1185,Join Call
1.74314E+12,162,Create room
1.74314E+12,626,Join Call
1.74314E+12,260,Create room
1.74314E+12,447,Join Call
1.74314E+12,305,Create room
1.74314E+12,360,Join Call
1.74314E+12,229,Create room
1.74314E+12,183,Create room
1.74314E+12,181,Create room
1.74314E+12,631,Create room
1.74314E+12,296,Create room
1.74314E+12,919,Join Call
1.74314E+12,182,Create room
1.74314E+12,531,Join Call
1.74314E+12,374,Join Call
1.74314E+12,657,Join Call
1.74314E+12,205,Create room
1.74314E+12,105,Create room
1.74314E+12,333,Join Call
1.74314E+12,248,Create room
1.74314E+12,1286,Join Call
1.74314E+12,1330,Join Call
1.74314E+12,264,Create room
1.74314E+12,651,Join Call
1.74314E+12,742,Join Call
1.74314E+12,180,Create room
1.74314E+12,339,Join Call
1.74314E+12,453,Join Call
1.74314E+12,191,Join Call
1.74314E+12,387,Join Call
1.74314E+12,111,Create room
1.74314E+12,129,Create room
1.74314E+12,246,Create room
1.74314E+12,1336,Join Call
1.74314E+12,861,Join Call
1.74314E+12,784,Join Call
1.74314E+12,365,Create room
1.74314E+12,473,Join Call
1.74314E+12,1376,Create room
1.74314E+12,568,Join Call
1.74314E+12,329,Join Call
1.74314E+12,377,Create room
1.74314E+12,240,Join Call
1.74314E+12,462,Create room
1.74314E+12,831,Create room
1.74314E+12,483,Create room
1.74314E+12,354,Create room
1.74314E+12,480,Join Call
1.74314E+12,309,Create room
1.74314E+12,253,Create room
1.74314E+12,322,Create room
1.74314E+12,325,Join Call
1.74314E+12,286,Join Call
1.74314E+12,311,Join Call
1.74314E+12,643,Join Call
1.74314E+12,148,Create room
1.74314E+12,498,Create room
1.74314E+12,624,Create room
1.74314E+12,343,Create room
1.74314E+12,409,Join Call
1.74314E+12,149,Create room
1.74314E+12,151,Create room
1.74314E+12,278,Create room
1.74314E+12,284,Create room
1.74314E+12,458,Join Call
1.74314E+12,227,Join Call
1.74314E+12,1162,Join Call
1.74314E+12,305,Create room
1.74314E+12,346,Create room
1.74314E+12,556,Join Call
1.74314E+12,289,Create room
1.74314E+12,422,Join Call
1.74314E+12,198,Join Call
1.74314E+12,206,Join Call
1.74314E+12,181,Create room
1.74314E+12,202,Create room
1.74314E+12,185,Create room
1.74314E+12,473,Create room
1.74314E+12,1123,Join Call
1.74314E+12,391,Join Call
1.74314E+12,204,Create room
1.74314E+12,474,Join Call
1.74314E+12,417,Create room
1.74314E+12,274,Create room
1.74314E+12,319,Create room
1.74314E+12,575,Join Call
1.74314E+12,198,Create room
1.74314E+12,441,Create room
1.74314E+12,826,Join Call
1.74314E+12,338,Join Call
1.74314E+12,195,Create room
1.74314E+12,184,Create room
1.74314E+12,414,Join Call
1.74314E+12,124,Create room
1.74314E+12,209,Create room
1.74314E+12,571,Create room
1.74314E+12,423,Join Call
1.74314E+12,679,Join Call
1.74314E+12,365,Join Call
1.74314E+12,616,Create room
1.74314E+12,196,Create room
1.74314E+12,121,Create room
1.74314E+12,623,Join Call
1.74314E+12,276,Create room
1.74314E+12,272,Create room
1.74314E+12,226,Create room
1.74314E+12,391,Join Call
1.74314E+12,558,Create room
1.74314E+12,617,Join Call
1.74314E+12,177,Create room
1.74314E+12,215,Create room
1.74314E+12,455,Join Call
1.74314E+12,339,Join Call
1.74314E+12,562,Join Call
1.74314E+12,682,Join Call
1.74314E+12,166,Create room
1.74314E+12,325,Join Call
1.74314E+12,137,Create room
1.74314E+12,224,Join Call
1.74314E+12,682,Join Call
1.74314E+12,251,Create room
1.74314E+12,517,Create room
1.74314E+12,386,Join Call
1.74314E+12,835,Join Call
1.74314E+12,272,Join Call
1.74314E+12,545,Create room
1.74314E+12,136,Create room
1.74314E+12,629,Join Call
1.74314E+12,404,Join Call
1.74314E+12,276,Create room
1.74314E+12,327,Join Call
1.74314E+12,297,Join Call
1.74314E+12,255,Join Call
1.74314E+12,955,Join Call
1.74314E+12,628,Join Call
1.74314E+12,620,Join Call
1.74314E+12,954,Create room
1.74314E+12,110,Create room
1.74314E+12,92,Create room
1.74314E+12,618,Join Call
1.74314E+12,527,Join Call
1.74314E+12,373,Join Call
1.74314E+12,298,Join Call
1.74314E+12,306,Create room
1.74314E+12,315,Create room
1.74314E+12,325,Join Call
1.74314E+12,303,Create room
1.74314E+12,224,Create room
1.74314E+12,133,Create room
1.74314E+12,159,Create room
1.74314E+12,289,Create room
1.74314E+12,137,Create room
1.74314E+12,558,Join Call
1.74314E+12,779,Join Call
1.74314E+12,455,Create room
1.74314E+12,215,Create room
1.74314E+12,253,Create room
1.74314E+12,137,Create room
1.74314E+12,580,Join Call
1.74314E+12,441,Join Call
1.74314E+12,689,Join Call
1.74314E+12,189,Create room
1.74314E+12,721,Join Call
1.74314E+12,362,Join Call
1.74314E+12,430,Join Call
1.74314E+12,780,Join Call
1.74314E+12,272,Create room
1.74314E+12,120,Create room
1.74314E+12,279,Create room
1.74314E+12,198,Create room
1.74314E+12,165,Create room
1.74314E+12,280,Create room
1.74314E+12,225,Create room
1.74314E+12,333,Create room
1.74314E+12,202,Join Call
1.74314E+12,405,Join Call
1.74314E+12,609,Join Call
1.74314E+12,594,Join Call
1.74314E+12,515,Create room
1.74314E+12,621,Join Call
1.74314E+12,493,Join Call
1.74314E+12,499,Create room
1.74314E+12,348,Join Call
1.74314E+12,187,Create room
1.74314E+12,189,Create room
1.74314E+12,305,Join Call
1.74314E+12,234,Create room
1.74314E+12,289,Create room
1.74314E+12,298,Join Call
1.74314E+12,399,Join Call
1.74314E+12,507,Join Call
1.74314E+12,260,Create room
1.74314E+12,1190,Join Call
1.74314E+12,442,Join Call
1.74314E+12,519,Join Call
1.74314E+12,1073,Join Call
1.74314E+12,140,Create room
1.74314E+12,286,Create room
1.74314E+12,194,Create room
1.74314E+12,223,Create room
1.74314E+12,948,Join Call
1.74314E+12,194,Create room
1.74314E+12,170,Create room
1.74314E+12,231,Create room
1.74314E+12,347,Create room
1.74314E+12,158,Create room
1.74314E+12,331,Join Call
1.74314E+12,503,Join Call
1.74314E+12,1349,Join Call
1.74314E+12,350,Join Call
1.74314E+12,317,Join Call
1.74314E+12,430,Join Call
1.74314E+12,547,Join Call
1.74314E+12,1175,Join Call
1.74314E+12,745,Join Call
1.74314E+12,336,Create room
1.74314E+12,565,Join Call
1.74314E+12,84,Create room
1.74314E+12,227,Create room
1.74314E+12,261,Create room
1.74314E+12,398,Join Call
1.74314E+12,579,Join Call
1.74314E+12,382,Join Call
1.74314E+12,266,Create room
1.74314E+12,343,Join Call
1.74314E+12,206,Create room
1.74314E+12,785,Join Call
1.74314E+12,284,Create room
1.74314E+12,581,Create room
1.74314E+12,350,Create room
1.74314E+12,86,Create room
1.74314E+12,303,Join Call
1.74314E+12,561,Join Call
1.74314E+12,728,Create room
1.74314E+12,622,Join Call
1.74314E+12,221,Create room
1.74314E+12,221,Create room
1.74314E+12,579,Join Call
1.74314E+12,421,Join Call
1.74314E+12,420,Join Call
1.74314E+12,114,Create room
1.74314E+12,721,Join Call
1.74314E+12,732,Join Call
1.74314E+12,297,Join Call
1.74314E+12,585,Join Call
1.74314E+12,221,Join Call
1.74314E+12,440,Create room
1.74314E+12,553,Join Call
1.74314E+12,137,Create room
1.74314E+12,804,Join Call
1.74314E+12,243,Join Call
1.74314E+12,277,Create room
1.74314E+12,200,Join Call
1.74314E+12,502,Join Call
1.74314E+12,402,Create room
1.74314E+12,344,Create room
1.74314E+12,1564,Join Call
1.74314E+12,189,Create room
1.74314E+12,450,Join Call
1.74314E+12,162,Create room
1.74314E+12,646,Join Call
1.74314E+12,441,Create room
1.74314E+12,281,Create room
1.74314E+12,197,Create room
1.74314E+12,348,Join Call
1.74314E+12,399,Create room
1.74314E+12,622,Join Call
1.74314E+12,316,Join Call
1.74314E+12,306,Join Call
1.74314E+12,144,Create room
1.74314E+12,330,Create room
1.74314E+12,1044,Join Call
1.74314E+12,188,Create room
1.74314E+12,647,Join Call
1.74314E+12,319,Join Call
1.74314E+12,488,Join Call
1.74314E+12,621,Join Call
1.74314E+12,649,Join Call
1.74314E+12,313,Create room
1.74314E+12,403,Join Call
1.74314E+12,268,Create room
1.74314E+12,366,Create room
1.74314E+12,948,Join Call
1.74314E+12,124,Create room
1.74314E+12,124,Create room
1.74314E+12,283,Create room
1.74314E+12,599,Create room
1.74314E+12,500,Create room
1.74314E+12,548,Create room
1.74314E+12,265,Create room
1.74314E+12,444,Create room
1.74314E+12,142,Create room
1.74314E+12,241,Create room
1.74314E+12,302,Join Call
1.74314E+12,514,Join Call
1.74314E+12,155,Create room
1.74314E+12,595,Create room
1.74314E+12,324,Join Call
1.74314E+12,712,Create room
1.74314E+12,479,Create room
1.74314E+12,323,Join Call
1.74314E+12,282,Create room
1.74314E+12,913,Create room
1.74314E+12,230,Create room
1.74314E+12,230,Create room
1.74314E+12,205,Join Call
1.74314E+12,293,Create room
1.74314E+12,334,Join Call
1.74314E+12,624,Join Call
1.74314E+12,489,Join Call
1.74314E+12,262,Create room
1.74314E+12,557,Create room
1.74314E+12,548,Create room
1.74314E+12,276,Create room
1.74314E+12,381,Join Call
1.74314E+12,174,Create room
1.74314E+12,940,Join Call
1.74314E+12,158,Create room
1.74314E+12,376,Join Call
1.74314E+12,303,Join Call
1.74314E+12,611,Join Call
1.74314E+12,314,Join Call
1.74314E+12,509,Create room
1.74314E+12,765,Join Call
1.74314E+12,146,Create room
1.74314E+12,363,Join Call
1.74314E+12,289,Join Call
1.74314E+12,164,Create room
1.74314E+12,302,Join Call
1.74314E+12,543,Join Call
1.74314E+12,854,Join Call
1.74314E+12,371,Join Call
1.74314E+12,135,Create room
1.74314E+12,513,Join Call
1.74314E+12,111,Create room
1.74314E+12,178,Join Call
1.74314E+12,402,Join Call
1.74314E+12,462,Join Call
1.74314E+12,236,Create room
1.74314E+12,178,Join Call
1.74314E+12,177,Create room
1.74314E+12,236,Join Call
1.74314E+12,167,Create room
1.74314E+12,414,Join Call
1.74314E+12,1017,Join Call
1.74314E+12,296,Create room
1.74314E+12,210,Create room
1.74314E+12,216,Create room
1.74314E+12,395,Join Call
1.74314E+12,330,Join Call
1.74314E+12,639,Create room
1.74314E+12,179,Create room
1.74314E+12,173,Create room
1.74314E+12,144,Create room
1.74314E+12,228,Create room
1.74314E+12,502,Create room
1.74314E+12,558,Join Call
1.74314E+12,753,Join Call
1.74314E+12,238,Create room
1.74314E+12,192,Create room
1.74314E+12,248,Join Call
1.74314E+12,412,Join Call
1.74314E+12,878,Join Call
1.74314E+12,152,Create room
1.74314E+12,329,Join Call
1.74314E+12,153,Create room
1.74314E+12,700,Create room
1.74314E+12,454,Create room
1.74314E+12,235,Create room
1.74314E+12,605,Join Call
1.74314E+12,639,Join Call
1.74314E+12,523,Join Call
1.74314E+12,333,Join Call
1.74314E+12,503,Join Call
1.74314E+12,786,Join Call
1.74314E+12,627,Create room
1.74314E+12,150,Create room
1.74314E+12,294,Join Call
1.74314E+12,125,Create room
1.74314E+12,270,Join Call
1.74314E+12,334,Create room
1.74314E+12,138,Create room
1.74314E+12,454,Join Call
1.74314E+12,237,Join Call
1.74314E+12,641,Join Call
1.74314E+12,451,Create room
1.74314E+12,651,Join Call
1.74314E+12,727,Join Call
1.74314E+12,199,Create room
1.74314E+12,703,Join Call
1.74314E+12,182,Join Call
1.74314E+12,1521,Join Call
1.74314E+12,558,Join Call
1.74314E+12,283,Join Call
1.74314E+12,240,Join Call
1.74314E+12,448,Create room
1.74314E+12,138,Create room
1.74314E+12,139,Create room
1.74314E+12,404,Create room
1.74314E+12,153,Create room
1.74314E+12,477,Create room
1.74314E+12,104,Create room
1.74314E+12,208,Create room
1.74314E+12,474,Create room
1.74314E+12,211,Create room
1.74314E+12,333,Create room
1.74314E+12,1283,Join Call
1.74314E+12,251,Create room
1.74314E+12,444,Join Call
1.74314E+12,480,Join Call
1.74314E+12,407,Create room
1.74314E+12,292,Create room
1.74314E+12,1141,Join Call
1.74314E+12,983,Join Call
1.74314E+12,651,Create room
1.74314E+12,214,Create room
1.74314E+12,249,Create room
1.74314E+12,79,Create room
1.74314E+12,219,Create room
1.74314E+12,228,Create room
1.74314E+12,274,Join Call
1.74314E+12,270,Create room
1.74314E+12,268,Create room
1.74314E+12,641,Join Call
1.74314E+12,424,Join Call
1.74314E+12,1013,Join Call
1.74314E+12,475,Join Call
1.74314E+12,261,Join Call
1.74314E+12,327,Join Call
1.74314E+12,559,Join Call
1.74314E+12,665,Join Call
1.74314E+12,157,Create room
1.74314E+12,352,Create room
1.74314E+12,530,Join Call
1.74314E+12,253,Join Call
1.74314E+12,380,Create room
1.74314E+12,70,Create room
1.74314E+12,70,Create room
1.74314E+12,487,Join Call
1.74314E+12,81,Create room
1.74314E+12,583,Join Call
1.74314E+12,192,Join Call
1.74314E+12,490,Join Call
1.74314E+12,785,Join Call
1.74314E+12,455,Create room
1.74314E+12,414,Join Call
1.74314E+12,418,Join Call
1.74314E+12,595,Join Call
1.74314E+12,798,Join Call
1.74314E+12,847,Join Call
1.74314E+12,355,Create room
1.74314E+12,473,Join Call
1.74314E+12,321,Create room
1.74314E+12,359,Create room
1.74314E+12,236,Create room
1.74314E+12,203,Create room
1.74314E+12,186,Create room
1.74314E+12,577,Create room
1.74314E+12,300,Create room
1.74314E+12,588,Join Call
1.74314E+12,327,Join Call
1.74314E+12,539,Join Call
1.74314E+12,366,Join Call
1.74314E+12,141,Create room
1.74314E+12,240,Create room
1.74314E+12,179,Create room
1.74314E+12,294,Join Call
1.74314E+12,547,Join Call
1.74314E+12,220,Create room
1.74314E+12,202,Create room
1.74314E+12,604,Join Call
1.74314E+12,189,Create room
1.74314E+12,273,Create room
1.74314E+12,274,Join Call
1.74314E+12,84,Create room
1.74314E+12,226,Create room
1.74314E+12,252,Create room
1.74314E+12,1121,Join Call
1.74314E+12,88,Create room
1.74314E+12,167,Create room
1.74314E+12,534,Join Call
1.74314E+12,350,Join Call
1.74314E+12,539,Join Call
1.74314E+12,308,Join Call
1.74314E+12,733,Create room
1.74314E+12,442,Create room
1.74314E+12,540,Join Call
1.74314E+12,371,Create room
1.74314E+12,815,Join Call
1.74314E+12,282,Create room
1.74314E+12,221,Create room
1.74314E+12,596,Join Call
1.74314E+12,148,Join Call
1.74314E+12,177,Create room
1.74314E+12,411,Create room
1.74314E+12,213,Create room
1.74314E+12,272,Create room
1.74314E+12,214,Create room
1.74314E+12,158,Create room
1.74314E+12,531,Join Call
1.74314E+12,448,Join Call
1.74314E+12,410,Join Call
1.74314E+12,220,Create room
1.74314E+12,447,Join Call
1.74314E+12,332,Join Call
1.74314E+12,170,Create room
1.74314E+12,215,Create room
1.74314E+12,357,Join Call
1.74314E+12,697,Create room
1.74314E+12,323,Join Call
1.74314E+12,492,Join Call
1.74314E+12,898,Join Call
1.74314E+12,634,Join Call
1.74314E+12,1016,Join Call
1.74314E+12,323,Join Call
1.74314E+12,297,Join Call
1.74314E+12,287,Create room
1.74314E+12,999,Join Call
1.74314E+12,495,Join Call
1.74314E+12,355,Create room
1.74314E+12,504,Join Call
1.74314E+12,138,Create room
1.74314E+12,173,Create room
1.74314E+12,604,Join Call
1.74314E+12,538,Join Call
1.74314E+12,175,Create room
1.74314E+12,439,Create room
1.74314E+12,151,Create room
1.74314E+12,394,Join Call
1.74314E+12,155,Create room
1.74314E+12,641,Join Call
1.74314E+12,398,Join Call
1.74314E+12,548,Join Call
1.74314E+12,121,Create room
1.74314E+12,226,Join Call
1.74314E+12,472,Join Call
1.74314E+12,821,Create room
1.74314E+12,483,Create room
1.74314E+12,415,Join Call
1.74314E+12,1050,Join Call
1.74314E+12,950,Join Call
1.74314E+12,1106,Join Call
1.74314E+12,317,Create room
1.74314E+12,190,Create room
1.74314E+12,246,Create room
1.74314E+12,771,Join Call
1.74314E+12,266,Create room
1.74314E+12,372,Create room
1.74314E+12,203,Create room
1.74314E+12,642,Join Call
1.74314E+12,257,Join Call
1.74314E+12,467,Join Call
1.74314E+12,282,Create room
1.74314E+12,981,Join Call
1.74314E+12,387,Join Call
1.74314E+12,317,Create room
1.74314E+12,335,Create room
1.74314E+12,247,Create room
1.74314E+12,203,Create room
1.74314E+12,261,Create room
1.74314E+12,199,Create room
1.74314E+12,253,Join Call
1.74314E+12,634,Create room
1.74314E+12,424,Create room
1.74314E+12,331,Join Call
1.74314E+12,244,Create room
1.74314E+12,666,Join Call
1.74314E+12,1292,Join Call
1.74314E+12,362,Join Call
1.74314E+12,313,Create room
1.74314E+12,274,Create room
1.74314E+12,275,Create room
1.74314E+12,352,Join Call
1.74314E+12,417,Join Call
1.74314E+12,198,Create room
1.74314E+12,207,Create room
1.74314E+12,304,Create room
1.74314E+12,227,Create room
1.74314E+12,341,Join Call
1.74314E+12,213,Create room
1.74314E+12,237,Create room
1.74314E+12,427,Create room
1.74314E+12,154,Create room
1.74314E+12,403,Join Call
1.74314E+12,757,Join Call
1.74314E+12,609,Join Call
1.74314E+12,329,Join Call
1.74314E+12,347,Join Call
1.74314E+12,229,Join Call
1.74314E+12,950,Join Call
1.74314E+12,487,Join Call
1.74314E+12,1003,Join Call
1.74314E+12,434,Join Call
1.74314E+12,147,Create room
1.74314E+12,85,Create room
1.74314E+12,336,Join Call
1.74314E+12,480,Create room
1.74314E+12,257,Create room
1.74314E+12,241,Create room
1.74314E+12,427,Create room
1.74314E+12,263,Create room
1.74314E+12,89,Create room
1.74314E+12,792,Join Call
1.74314E+12,519,Join Call
1.74314E+12,190,Join Call
1.74314E+12,264,Join Call
1.74314E+12,353,Join Call
1.74314E+12,461,Join Call
1.74314E+12,663,Join Call
1.74314E+12,191,Create room
1.74314E+12,408,Join Call
1.74314E+12,367,Join Call
1.74314E+12,376,Join Call
1.74314E+12,215,Create room
1.74314E+12,1306,Join Call
1.74314E+12,417,Create room
1.74314E+12,526,Join Call
1.74314E+12,453,Join Call
1.74314E+12,330,Create room
1.74314E+12,332,Join Call
1.74314E+12,1016,Join Call
1.74314E+12,353,Create room
1.74314E+12,341,Join Call
1.74314E+12,736,Join Call
1.74314E+12,283,Create room
1.74314E+12,211,Create room
1.74314E+12,410,Join Call
1.74314E+12,573,Join Call
1.74314E+12,324,Create room
1.74314E+12,361,Join Call
1.74314E+12,146,Create room
1.74314E+12,254,Create room
1.74314E+12,123,Create room
1.74314E+12,445,Join Call
1.74314E+12,160,Create room
1.74314E+12,801,Create room
1.74314E+12,197,Create room
1.74314E+12,287,Join Call
1.74314E+12,289,Create room
1.74314E+12,191,Create room
1.74314E+12,250,Create room
1.74314E+12,314,Create room
1.74314E+12,254,Create room
1.74314E+12,335,Create room
1.74314E+12,161,Create room
1.74314E+12,231,Create room
1.74314E+12,463,Join Call
1.74314E+12,227,Join Call
1.74314E+12,200,Create room
1.74314E+12,1200,Join Call
1.74314E+12,1175,Join Call
1.74314E+12,285,Create room
1.74314E+12,414,Join Call
1.74314E+12,255,Create room
1.74314E+12,183,Create room
1.74314E+12,326,Create room
1.74314E+12,194,Create room
1.74314E+12,325,Join Call
1.74314E+12,475,Join Call
1.74314E+12,484,Join Call
1.74314E+12,398,Join Call
1.74314E+12,447,Create room
1.74314E+12,342,Join Call
1.74314E+12,371,Join Call
1.74314E+12,549,Join Call
1.74314E+12,184,Create room
1.74314E+12,564,Join Call
1.74314E+12,229,Create room
1.74314E+12,461,Join Call
1.74314E+12,285,Create room
1.74314E+12,383,Join Call
1.74314E+12,176,Create room
1.74314E+12,517,Create room
1.74314E+12,944,Join Call
1.74314E+12,286,Join Call
1.74314E+12,110,Create room
1.74314E+12,222,Join Call
1.74314E+12,216,Create room
1.74314E+12,345,Join Call
1.74314E+12,380,Join Call
1.74314E+12,459,Create room
1.74314E+12,185,Create room
1.74314E+12,413,Join Call
1.74314E+12,475,Join Call
1.74314E+12,251,Create room
1.74314E+12,391,Create room
1.74314E+12,223,Create room
1.74314E+12,161,Create room
1.74314E+12,719,Create room
1.74314E+12,238,Create room
1.74314E+12,180,Create room
1.74314E+12,1189,Join Call
1.74314E+12,624,Create room
1.74314E+12,464,Join Call
1.74314E+12,803,Join Call
1.74314E+12,268,Create room
1.74314E+12,526,Join Call
1.74314E+12,506,Join Call
1.74314E+12,243,Create room
1.74314E+12,1055,Join Call
1.74314E+12,425,Join Call
1.74314E+12,284,Create room
1.74314E+12,607,Join Call
1.74314E+12,304,Join Call
1.74314E+12,616,Join Call
1.74314E+12,167,Create room
1.74314E+12,341,Join Call
1.74314E+12,234,Create room
1.74314E+12,557,Create room
1.74314E+12,431,Join Call
1.74314E+12,1083,Join Call
1.74314E+12,119,Create room
1.74314E+12,232,Join Call
1.74314E+12,373,Join Call
1.74314E+12,68,Create room
1.74314E+12,723,Join Call
1.74314E+12,135,Create room
1.74314E+12,189,Create room
1.74314E+12,773,Create room
1.74314E+12,581,Join Call
1.74314E+12,759,Join Call
1.74314E+12,331,Create room
1.74314E+12,186,Create room
1.74314E+12,315,Join Call
1.74314E+12,736,Join Call
1.74314E+12,605,Join Call
1.74314E+12,129,Create room
1.74314E+12,381,Join Call
1.74314E+12,1057,Join Call
1.74314E+12,468,Join Call
1.74314E+12,127,Create room
1.74314E+12,312,Create room
1.74314E+12,417,Create room
1.74314E+12,257,Create room
1.74314E+12,450,Join Call
1.74314E+12,136,Create room
1.74314E+12,371,Join Call
1.74314E+12,302,Create room
1.74314E+12,926,Join Call
1.74314E+12,394,Join Call
1.74314E+12,132,Create room
1.74314E+12,224,Join Call
1.74314E+12,164,Create room
1.74314E+12,226,Create room
1.74314E+12,305,Join Call
1.74314E+12,170,Create room
1.74314E+12,180,Create room
1.74314E+12,616,Create room
1.74314E+12,272,Join Call
1.74314E+12,294,Join Call
1.74314E+12,282,Create room
1.74314E+12,279,Join Call
1.74314E+12,721,Join Call
1.74314E+12,296,Join Call
1.74314E+12,616,Join Call
1.74314E+12,257,Create room
1.74314E+12,168,Create room
1.74314E+12,190,Create room
1.74314E+12,518,Join Call
1.74314E+12,769,Create room
1.74314E+12,1543,Join Call
1.74314E+12,1074,Join Call
1.74314E+12,592,Join Call
1.74314E+12,300,Join Call
1.74314E+12,793,Join Call
1.74314E+12,302,Join Call
1.74314E+12,108,Create room
1.74314E+12,129,Create room
1.74314E+12,105,Create room
1.74314E+12,531,Join Call
1.74314E+12,677,Join Call
1.74314E+12,191,Create room
1.74314E+12,495,Create room
1.74314E+12,595,Join Call
1.74314E+12,1014,Join Call
1.74314E+12,208,Create room
1.74314E+12,122,Create room
1.74314E+12,163,Create room
1.74314E+12,661,Create room
1.74314E+12,545,Create room
1.74314E+12,742,Join Call
1.74314E+12,477,Create room
1.74314E+12,337,Create room
1.74314E+12,329,Join Call
1.74314E+12,288,Join Call
1.74314E+12,513,Join Call
1.74314E+12,155,Create room
1.74314E+12,223,Create room
1.74314E+12,441,Join Call
1.74314E+12,828,Join Call
1.74314E+12,355,Create room
1.74314E+12,1231,Join Call
1.74314E+12,565,Join Call
1.74314E+12,290,Join Call
1.74314E+12,460,Join Call
1.74314E+12,342,Join Call
1.74314E+12,224,Create room
1.74314E+12,397,Create room
1.74314E+12,199,Create room
1.74314E+12,233,Create room
1.74314E+12,229,Create room
1.74314E+12,440,Join Call
1.74314E+12,447,Join Call
1.74314E+12,400,Create room
1.74314E+12,172,Create room
1.74314E+12,884,Create room
1.74314E+12,517,Create room
1.74314E+12,174,Create room
1.74314E+12,794,Join Call
1.74314E+12,315,Join Call
1.74314E+12,414,Join Call
1.74314E+12,268,Join Call
1.74314E+12,251,Create room
1.74314E+12,215,Create room
1.74314E+12,960,Join Call
1.74314E+12,350,Create room
1.74314E+12,403,Join Call
1.74314E+12,260,Create room
1.74314E+12,212,Create room
1.74314E+12,215,Join Call
1.74314E+12,247,Create room
1.74314E+12,243,Create room
1.74314E+12,288,Create room
1.74314E+12,457,Join Call
1.74314E+12,145,Create room
1.74314E+12,206,Create room
1.74314E+12,206,Create room
1.74314E+12,563,Create room
1.74314E+12,577,Create room
1.74314E+12,1124,Create room
1.74314E+12,328,Create room
1.74314E+12,379,Join Call
1.74314E+12,459,Join Call
1.74314E+12,302,Join Call
1.74314E+12,224,Create room
1.74314E+12,784,Join Call
1.74314E+12,255,Join Call
1.74314E+12,744,Join Call
1.74314E+12,473,Join Call
1.74314E+12,908,Join Call
1.74314E+12,393,Create room
1.74314E+12,308,Join Call
1.74314E+12,321,Join Call
1.74314E+12,703,Join Call
1.74314E+12,227,Create room
1.74314E+12,478,Join Call
1.74314E+12,217,Create room
1.74314E+12,823,Join Call
1.74314E+12,605,Join Call
1.74314E+12,190,Create room
1.74314E+12,540,Join Call
1.74314E+12,547,Join Call
1.74314E+12,496,Join Call
1.74314E+12,133,Create room
1.74314E+12,153,Create room
1.74314E+12,430,Join Call
1.74314E+12,144,Create room
1.74314E+12,169,Create room
1.74314E+12,204,Create room
1.74314E+12,640,Join Call
1.74314E+12,381,Join Call
1.74314E+12,284,Join Call
1.74314E+12,225,Join Call
1.74314E+12,382,Create room
1.74314E+12,357,Join Call
1.74314E+12,82,Create room
1.74314E+12,392,Join Call
1.74314E+12,383,Join Call
1.74314E+12,775,Join Call
1.74314E+12,369,Join Call
1.74314E+12,441,Join Call
1.74314E+12,173,Create room
1.74314E+12,591,Join Call
1.74314E+12,723,Join Call
1.74314E+12,195,Create room
1.74314E+12,415,Join Call
1.74314E+12,249,Create room
1.74314E+12,254,Create room
1.74314E+12,343,Create room
1.74314E+12,593,Create room
1.74314E+12,362,Create room
1.74314E+12,299,Create room
1.74314E+12,308,Create room
1.74314E+12,458,Join Call
1.74314E+12,295,Create room
1.74314E+12,297,Create room
1.74314E+12,199,Create room
1.74314E+12,202,Create room
1.74314E+12,164,Create room
1.74314E+12,211,Create room
1.74314E+12,471,Join Call
1.74314E+12,738,Join Call
1.74314E+12,553,Join Call
1.74314E+12,674,Join Call
1.74314E+12,1047,Join Call
1.74314E+12,173,Create room
1.74314E+12,683,Create room
1.74314E+12,167,Create room
1.74314E+12,218,Create room
1.74314E+12,92,Create room
1.74314E+12,196,Create room
1.74314E+12,473,Create room
1.74314E+12,530,Join Call
1.74314E+12,253,Join Call
1.74314E+12,279,Create room
1.74314E+12,311,Join Call
1.74314E+12,362,Join Call
1.74314E+12,424,Join Call
1.74314E+12,840,Join Call
1.74314E+12,365,Create room
1.74314E+12,520,Join Call
1.74314E+12,347,Create room
1.74314E+12,290,Join Call
1.74314E+12,269,Join Call
1.74314E+12,534,Create room
1.74314E+12,535,Join Call
1.74314E+12,222,Create room
1.74314E+12,1488,Join Call
1.74314E+12,294,Join Call
1.74314E+12,116,Create room
1.74314E+12,270,Create room
1.74314E+12,276,Create room
1.74314E+12,273,Join Call
1.74314E+12,628,Join Call
1.74314E+12,380,Join Call
1.74314E+12,329,Join Call
1.74314E+12,343,Join Call
1.74314E+12,702,Join Call
1.74314E+12,806,Join Call
1.74314E+12,201,Create room
1.74314E+12,659,Join Call
1.74314E+12,593,Join Call
1.74314E+12,162,Create room
1.74314E+12,492,Join Call
1.74314E+12,159,Create room
1.74314E+12,390,Join Call
1.74314E+12,183,Create room
1.74314E+12,243,Create room
1.74314E+12,846,Join Call
1.74314E+12,252,Join Call
1.74314E+12,164,Join Call
1.74314E+12,863,Join Call
1.74314E+12,206,Create room
1.74314E+12,649,Create room
1.74314E+12,498,Join Call
1.74314E+12,404,Join Call
1.74314E+12,324,Create room
1.74314E+12,115,Create room
1.74314E+12,512,Join Call
1.74314E+12,310,Create room
1.74314E+12,290,Join Call
1.74314E+12,467,Join Call
1.74314E+12,251,Join Call
1.74314E+12,137,Create room
1.74314E+12,222,Create room
1.74314E+12,126,Create room
1.74314E+12,179,Create room
1.74314E+12,452,Create room
1.74314E+12,370,Create room
1.74314E+12,623,Create room
1.74314E+12,837,Join Call
1.74314E+12,580,Join Call
1.74314E+12,232,Create room
1.74314E+12,105,Create room
1.74314E+12,284,Create room
1.74314E+12,278,Create room
1.74314E+12,164,Create room
1.74314E+12,161,Create room
1.74314E+12,317,Create room
1.74314E+12,498,Create room
1.74314E+12,350,Create room
1.74314E+12,814,Create room
1.74314E+12,780,Join Call
1.74314E+12,757,Join Call
1.74314E+12,115,Create room
1.74314E+12,547,Join Call
1.74314E+12,243,Join Call
1.74314E+12,155,Create room
1.74314E+12,549,Join Call
1.74314E+12,348,Join Call
1.74314E+12,684,Join Call
1.74314E+12,796,Join Call
1.74314E+12,257,Join Call
1.74314E+12,372,Create room
1.74314E+12,486,Create room
1.74314E+12,708,Join Call
1.74314E+12,503,Create room
1.74314E+12,1005,Join Call
1.74314E+12,825,Create room
1.74314E+12,322,Join Call
1.74314E+12,478,Join Call
1.74314E+12,479,Join Call
1.74314E+12,494,Create room
1.74314E+12,503,Create room
1.74314E+12,413,Create room
1.74314E+12,254,Join Call
1.74314E+12,142,Create room
1.74314E+12,348,Join Call
1.74314E+12,436,Join Call
1.74314E+12,562,Join Call
1.74314E+12,608,Create room
1.74314E+12,73,Create room
1.74314E+12,153,Create room
1.74314E+12,150,Create room
1.74314E+12,743,Join Call
1.74314E+12,328,Join Call
1.74314E+12,233,Create room
1.74314E+12,582,Join Call
1.74314E+12,181,Create room
1.74314E+12,371,Join Call
1.74314E+12,173,Create room
1.74314E+12,275,Join Call
1.74314E+12,344,Join Call
1.74314E+12,911,Join Call
1.74314E+12,170,Create room
1.74314E+12,146,Create room
1.74314E+12,229,Create room
1.74314E+12,356,Create room
1.74314E+12,414,Join Call
1.74314E+12,162,Join Call
1.74314E+12,235,Join Call
1.74314E+12,146,Create room
1.74314E+12,617,Create room
1.74314E+12,220,Create room
1.74314E+12,316,Join Call
1.74314E+12,187,Create room
1.74314E+12,315,Create room
1.74314E+12,244,Create room
1.74314E+12,435,Create room
1.74314E+12,316,Join Call
1.74314E+12,806,Join Call
1.74314E+12,216,Create room
1.74314E+12,183,Create room
1.74314E+12,429,Create room
1.74314E+12,346,Join Call
1.74314E+12,668,Join Call
1.74314E+12,737,Join Call
1.74314E+12,269,Create room
1.74314E+12,415,Join Call
1.74314E+12,966,Join Call
1.74314E+12,337,Join Call
1.74314E+12,185,Create room
1.74314E+12,422,Create room
1.74314E+12,209,Create room
1.74314E+12,346,Join Call
1.74314E+12,320,Create room
1.74314E+12,535,Create room
1.74314E+12,755,Join Call
1.74314E+12,241,Join Call
1.74314E+12,124,Create room
1.74314E+12,926,Join Call
1.74314E+12,674,Join Call
1.74314E+12,253,Create room
1.74314E+12,280,Create room
1.74314E+12,460,Join Call
1.74314E+12,617,Join Call
1.74314E+12,205,Join Call
1.74314E+12,771,Join Call
1.74314E+12,704,Join Call
1.74314E+12,735,Join Call
1.74314E+12,530,Join Call
1.74314E+12,725,Join Call
1.74314E+12,457,Join Call
1.74314E+12,394,Create room
1.74314E+12,818,Join Call
1.74314E+12,1424,Join Call
1.74314E+12,136,Create room
1.74314E+12,365,Join Call
1.74314E+12,227,Create room
1.74314E+12,164,Create room
1.74314E+12,194,Create room
1.74314E+12,196,Create room
1.74314E+12,258,Join Call
1.74314E+12,263,Create room
1.74314E+12,419,Join Call
1.74314E+12,228,Join Call
1.74314E+12,408,Join Call
1.74314E+12,188,Create room
1.74314E+12,293,Join Call
1.74314E+12,221,Join Call
1.74314E+12,399,Join Call
1.74314E+12,405,Join Call
1.74314E+12,282,Create room
1.74314E+12,192,Create room
1.74314E+12,400,Join Call
1.74314E+12,612,Join Call
1.74314E+12,775,Join Call
1.74314E+12,214,Create room
1.74314E+12,228,Create room
1.74314E+12,235,Create room
1.74314E+12,298,Create room
1.74314E+12,242,Create room
1.74314E+12,331,Create room
1.74314E+12,271,Create room
1.74314E+12,291,Join Call
1.74314E+12,191,Create room
1.74314E+12,208,Create room
1.74314E+12,412,Join Call
1.74314E+12,228,Create room
1.74314E+12,202,Create room
1.74314E+12,323,Join Call
1.74314E+12,434,Join Call
1.74314E+12,158,Create room
1.74314E+12,161,Create room
1.74314E+12,261,Create room
1.74314E+12,232,Join Call
1.74314E+12,605,Join Call
1.74314E+12,244,Create room
1.74314E+12,1120,Join Call
1.74314E+12,450,Create room
1.74314E+12,244,Create room
1.74314E+12,225,Join Call
1.74314E+12,479,Create room
1.74314E+12,426,Create room
1.74314E+12,168,Create room
1.74314E+12,211,Create room
1.74314E+12,148,Create room
1.74314E+12,501,Create room
1.74314E+12,260,Join Call
1.74314E+12,801,Join Call
1.74314E+12,178,Create room
1.74314E+12,945,Join Call
1.74314E+12,339,Join Call
1.74314E+12,569,Create room
1.74314E+12,507,Create room
1.74314E+12,245,Create room
1.74314E+12,633,Join Call
1.74314E+12,661,Join Call
1.74314E+12,325,Join Call
1.74314E+12,252,Join Call
1.74314E+12,1175,Join Call
1.74314E+12,568,Join Call
1.74314E+12,568,Join Call
1.74314E+12,839,Join Call
1.74314E+12,243,Join Call
1.74314E+12,665,Join Call
1.74314E+12,509,Join Call
1.74314E+12,330,Join Call
1.74314E+12,107,Create room
1.74314E+12,624,Create room
1.74314E+12,172,Create room
1.74314E+12,274,Create room
1.74314E+12,142,Create room
1.74314E+12,694,Create room
1.74314E+12,221,Join Call
1.74314E+12,692,Join Call
1.74314E+12,671,Join Call
1.74314E+12,372,Join Call
1.74314E+12,731,Create room
1.74314E+12,464,Join Call
1.74314E+12,255,Join Call
1.74314E+12,254,Join Call
1.74314E+12,287,Join Call
1.74314E+12,451,Join Call
1.74314E+12,226,Create room
1.74314E+12,202,Create room
1.74314E+12,548,Join Call
1.74314E+12,851,Join Call
1.74314E+12,238,Create room
1.74314E+12,673,Join Call
1.74314E+12,240,Create room
1.74314E+12,299,Create room
1.74314E+12,380,Join Call
1.74314E+12,200,Create room
1.74314E+12,312,Create room
1.74314E+12,296,Join Call
1.74314E+12,202,Create room
1.74314E+12,900,Create room
1.74314E+12,314,Create room
1.74314E+12,172,Create room
1.74314E+12,275,Join Call
1.74314E+12,676,Join Call
1.74314E+12,322,Create room
1.74314E+12,322,Create room
1.74314E+12,168,Create room
1.74314E+12,356,Create room
1.74314E+12,271,Create room
1.74314E+12,217,Create room
1.74314E+12,183,Create room
1.74314E+12,446,Join Call
1.74314E+12,660,Join Call
1.74314E+12,436,Create room
1.74314E+12,635,Join Call
1.74314E+12,207,Join Call
1.74314E+12,210,Join Call
1.74314E+12,1428,Join Call
1.74314E+12,644,Join Call
1.74314E+12,669,Create room
1.74314E+12,298,Join Call
1.74314E+12,338,Create room
1.74314E+12,434,Join Call
1.74314E+12,380,Create room
1.74314E+12,473,Join Call
1.74314E+12,1079,Join Call
1.74314E+12,888,Join Call
1.74314E+12,76,Create room
1.74314E+12,313,Join Call
1.74314E+12,614,Join Call
1.74314E+12,152,Create room
1.74314E+12,106,Create room
1.74314E+12,278,Create room
1.74314E+12,624,Join Call
1.74314E+12,624,Create room
1.74314E+12,159,Create room
1.74314E+12,369,Create room
1.74314E+12,480,Join Call
1.74314E+12,316,Create room
1.74314E+12,275,Join Call
1.74314E+12,421,Join Call
1.74314E+12,261,Join Call
1.74314E+12,338,Join Call
1.74314E+12,704,Join Call
1.74314E+12,368,Join Call
1.74314E+12,85,Create room
1.74314E+12,384,Join Call
1.74314E+12,820,Join Call
1.74314E+12,405,Join Call
1.74314E+12,160,Create room
1.74314E+12,405,Create room
1.74314E+12,287,Create room
1.74314E+12,613,Create room
1.74314E+12,369,Join Call
1.74314E+12,758,Join Call
1.74314E+12,161,Create room
1.74314E+12,234,Join Call
1.74314E+12,1053,Join Call
1.74314E+12,254,Create room
1.74314E+12,560,Create room
1.74314E+12,265,Create room
1.74314E+12,502,Join Call
1.74314E+12,229,Join Call
1.74314E+12,364,Create room
1.74314E+12,339,Join Call
1.74314E+12,218,Join Call
1.74314E+12,282,Create room
1.74314E+12,214,Create room
1.74314E+12,213,Create room
1.74314E+12,349,Create room
1.74314E+12,876,Create room
1.74314E+12,802,Join Call
1.74314E+12,126,Create room
1.74314E+12,492,Join Call
1.74314E+12,201,Create room
1.74314E+12,475,Join Call
1.74314E+12,235,Join Call
1.74314E+12,453,Create room
1.74314E+12,299,Join Call
1.74314E+12,482,Create room
1.74314E+12,161,Create room
1.74314E+12,273,Create room
1.74314E+12,222,Join Call
1.74314E+12,367,Join Call
1.74314E+12,634,Join Call
1.74314E+12,379,Join Call
1.74314E+12,373,Join Call
1.74314E+12,161,Create room
1.74314E+12,648,Join Call
1.74314E+12,689,Join Call
1.74314E+12,1599,Join Call
1.74314E+12,336,Create room
1.74314E+12,363,Create room
1.74314E+12,307,Create room
1.74314E+12,133,Create room
1.74314E+12,155,Create room
1.74314E+12,317,Create room
1.74314E+12,295,Join Call
1.74314E+12,77,Create room
1.74314E+12,95,Create room
1.74314E+12,279,Create room
1.74314E+12,298,Create room
1.74314E+12,470,Create room
1.74314E+12,193,Create room
1.74314E+12,328,Create room
1.74314E+12,217,Join Call
1.74314E+12,192,Create room
1.74314E+12,147,Create room
1.74314E+12,645,Create room
1.74314E+12,476,Create room
1.74314E+12,253,Create room
1.74314E+12,254,Create room
1.74314E+12,474,Join Call
1.74314E+12,229,Create room
1.74314E+12,369,Join Call
1.74314E+12,959,Create room
1.74314E+12,307,Create room
1.74314E+12,285,Create room
1.74314E+12,456,Create room
1.74314E+12,340,Join Call
1.74314E+12,219,Join Call
1.74314E+12,414,Join Call
1.74314E+12,289,Join Call
1.74314E+12,324,Join Call
1.74314E+12,1039,Join Call
1.74314E+12,407,Join Call
1.74314E+12,550,Join Call
1.74314E+12,269,Join Call
1.74314E+12,417,Join Call
1.74314E+12,111,Create room
1.74314E+12,452,Join Call
1.74314E+12,230,Join Call
1.74314E+12,778,Join Call
1.74314E+12,350,Join Call
1.74314E+12,155,Create room
1.74314E+12,168,Create room
1.74314E+12,629,Join Call
1.74314E+12,518,Join Call
1.74314E+12,298,Join Call
1.74314E+12,721,Join Call
1.74314E+12,454,Create room
1.74314E+12,592,Join Call
1.74314E+12,636,Join Call
1.74314E+12,151,Create room
1.74314E+12,151,Create room
1.74314E+12,212,Create room
1.74314E+12,276,Join Call
1.74314E+12,786,Join Call
1.74314E+12,1005,Join Call
1.74314E+12,501,Join Call
1.74314E+12,353,Join Call
1.74314E+12,178,Create room
1.74314E+12,130,Create room
1.74314E+12,176,Create room
1.74314E+12,221,Create room
1.74314E+12,159,Create room
1.74314E+12,166,Create room
1.74314E+12,496,Join Call
1.74314E+12,566,Create room
1.74314E+12,593,Join Call
1.74314E+12,851,Join Call
1.74314E+12,526,Join Call
1.74314E+12,504,Create room
1.74314E+12,507,Join Call
1.74314E+12,295,Create room
1.74314E+12,326,Join Call
1.74314E+12,628,Join Call
1.74314E+12,228,Create room
1.74314E+12,291,Join Call
1.74314E+12,1229,Join Call
1.74314E+12,538,Join Call
1.74314E+12,376,Create room
1.74314E+12,238,Create room
1.74314E+12,643,Join Call
1.74314E+12,319,Create room
1.74314E+12,231,Create room
1.74314E+12,584,Join Call
1.74314E+12,622,Join Call
1.74314E+12,247,Join Call
1.74314E+12,227,Join Call
1.74314E+12,203,Join Call
1.74314E+12,677,Join Call
1.74314E+12,163,Create room
1.74314E+12,989,Join Call
1.74314E+12,595,Join Call
1.74314E+12,944,Join Call
1.74314E+12,614,Create room
1.74314E+12,518,Create room
1.74314E+12,439,Join Call
1.74314E+12,327,Create room
1.74314E+12,628,Join Call
1.74314E+12,354,Create room
1.74314E+12,312,Join Call
1.74314E+12,1887,Create room
1.74314E+12,135,Create room
1.74314E+12,252,Join Call
1.74314E+12,140,Create room
1.74314E+12,398,Create room
1.74314E+12,127,Create room
1.74314E+12,198,Create room
1.74314E+12,407,Create room
1.74314E+12,266,Create room
1.74314E+12,341,Join Call
1.74314E+12,552,Create room
1.74314E+12,352,Join Call
1.74314E+12,809,Join Call
1.74314E+12,272,Create room
1.74314E+12,327,Create room
1.74314E+12,86,Create room
1.74314E+12,334,Create room
1.74314E+12,768,Join Call
1.74314E+12,250,Create room
1.74314E+12,316,Create room
1.74314E+12,514,Join Call
1.74314E+12,215,Create room
1.74314E+12,317,Join Call
1.74314E+12,426,Create room
1.74314E+12,282,Create room
1.74314E+12,709,Create room
1.74314E+12,628,Join Call
1.74314E+12,228,Create room
1.74314E+12,400,Create room
1.74314E+12,888,Create room
1.74314E+12,378,Create room
1.74314E+12,98,Create room
1.74314E+12,437,Join Call
1.74314E+12,340,Create room
1.74314E+12,298,Join Call
1.74314E+12,925,Join Call
1.74314E+12,403,Join Call
1.74314E+12,177,Join Call
1.74314E+12,485,Create room
1.74314E+12,444,Join Call
1.74314E+12,381,Create room
1.74314E+12,566,Join Call
1.74314E+12,329,Join Call
1.74314E+12,758,Join Call
1.74314E+12,681,Join Call
1.74314E+12,398,Create room
1.74314E+12,182,Join Call
1.74314E+12,557,Join Call
1.74314E+12,157,Create room
1.74314E+12,232,Join Call
1.74314E+12,476,Create room
1.74314E+12,272,Create room
1.74314E+12,162,Create room
1.74314E+12,357,Create room
1.74314E+12,613,Join Call
1.74314E+12,363,Create room
1.74314E+12,267,Create room
1.74314E+12,376,Join Call
1.74314E+12,446,Create room
1.74314E+12,235,Join Call
1.74314E+12,465,Join Call
1.74314E+12,107,Create room
1.74314E+12,302,Join Call
1.74314E+12,114,Create room
1.74314E+12,290,Create room
1.74314E+12,444,Join Call
1.74314E+12,484,Join Call
1.74314E+12,136,Create room
1.74314E+12,218,Create room
1.74314E+12,403,Create room
1.74314E+12,290,Create room
1.74314E+12,510,Join Call
1.74314E+12,259,Create room
1.74314E+12,534,Join Call
1.74314E+12,600,Join Call
1.74314E+12,289,Create room
1.74314E+12,562,Join Call
1.74314E+12,269,Create room
1.74314E+12,605,Join Call
1.74314E+12,263,Join Call
1.74314E+12,520,Join Call
1.74314E+12,161,Create room
1.74314E+12,227,Create room
1.74314E+12,166,Create room
1.74314E+12,530,Join Call
1.74314E+12,204,Create room
1.74314E+12,520,Join Call
1.74314E+12,352,Create room
1.74314E+12,174,Create room
1.74314E+12,162,Create room
1.74314E+12,445,Join Call
1.74314E+12,261,Join Call
1.74314E+12,687,Join Call
1.74314E+12,223,Join Call
1.74314E+12,856,Join Call
1.74314E+12,840,Join Call
1.74314E+12,288,Join Call
1.74314E+12,97,Create room
1.74314E+12,174,Join Call
1.74314E+12,189,Create room
1.74314E+12,343,Create room
1.74314E+12,159,Create room
1.74314E+12,301,Join Call
1.74314E+12,183,Create room
1.74314E+12,455,Join Call
1.74314E+12,154,Create room
1.74314E+12,231,Create room
1.74314E+12,828,Create room
1.74314E+12,215,Join Call
1.74314E+12,351,Join Call
1.74314E+12,326,Create room
1.74314E+12,550,Join Call
1.74314E+12,587,Join Call
1.74314E+12,953,Join Call
1.74314E+12,555,Join Call
1.74314E+12,285,Join Call
1.74314E+12,532,Create room
1.74314E+12,278,Join Call
1.74314E+12,254,Create room
1.74314E+12,253,Create room
1.74314E+12,322,Join Call
1.74314E+12,183,Create room
1.74314E+12,237,Create room
1.74314E+12,451,Join Call
1.74314E+12,704,Create room
1.74314E+12,197,Create room
1.74314E+12,1090,Join Call
1.74314E+12,159,Create room
1.74314E+12,645,Join Call
1.74314E+12,267,Join Call
1.74314E+12,366,Join Call
1.74314E+12,644,Join Call
1.74314E+12,966,Join Call
1.74314E+12,361,Join Call
1.74314E+12,968,Join Call
1.74314E+12,360,Create room
1.74314E+12,346,Create room
1.74314E+12,190,Create room
1.74314E+12,201,Create room
1.74314E+12,355,Join Call
1.74314E+12,379,Create room
1.74314E+12,668,Join Call
1.74314E+12,1007,Join Call
1.74314E+12,793,Create room
1.74314E+12,318,Create room
1.74314E+12,1189,Join Call
1.74314E+12,721,Join Call
1.74314E+12,693,Join Call
1.74314E+12,259,Join Call
1.74314E+12,206,Join Call
1.74314E+12,434,Join Call
1.74314E+12,352,Join Call
1.74314E+12,1050,Join Call
1.74314E+12,458,Join Call
1.74314E+12,161,Create room
1.74314E+12,197,Create room
1.74314E+12,243,Join Call
1.74314E+12,101,Create room
1.74314E+12,219,Join Call
1.74314E+12,442,Join Call
1.74314E+12,282,Create room
1.74314E+12,222,Create room
1.74314E+12,361,Create room
1.74314E+12,245,Create room
1.74314E+12,576,Create room
1.74314E+12,247,Create room
1.74314E+12,575,Create room
1.74314E+12,73,Create room
1.74314E+12,232,Join Call
1.74314E+12,412,Create room
1.74314E+12,299,Create room
1.74314E+12,288,Create room
1.74314E+12,360,Create room
1.74314E+12,423,Create room
1.74314E+12,1102,Join Call
1.74314E+12,754,Join Call
1.74314E+12,380,Join Call
1.74314E+12,295,Join Call
1.74314E+12,456,Join Call
1.74314E+12,305,Join Call
1.74314E+12,219,Create room
1.74314E+12,474,Create room
1.74314E+12,322,Join Call
1.74314E+12,241,Create room
1.74314E+12,371,Join Call
1.74314E+12,631,Join Call
1.74314E+12,275,Create room
1.74314E+12,614,Join Call
1.74314E+12,291,Create room
1.74314E+12,1467,Join Call
1.74314E+12,1097,Join Call
1.74314E+12,368,Create room
1.74314E+12,271,Join Call
1.74314E+12,508,Create room
1.74314E+12,358,Create room
1.74314E+12,244,Join Call
1.74314E+12,366,Create room
1.74314E+12,381,Create room
1.74314E+12,766,Join Call
1.74314E+12,177,Create room
1.74314E+12,372,Join Call
1.74314E+12,226,Create room
1.74314E+12,183,Create room
1.74314E+12,469,Join Call
1.74314E+12,431,Join Call
1.74314E+12,347,Join Call
1.74314E+12,152,Create room
1.74314E+12,396,Join Call
1.74314E+12,273,Create room
1.74314E+12,671,Join Call
1.74314E+12,391,Join Call
1.74314E+12,504,Create room
1.74314E+12,152,Create room
1.74314E+12,485,Join Call
1.74314E+12,291,Create room
1.74314E+12,376,Join Call
1.74314E+12,90,Create room
1.74314E+12,155,Create room
1.74314E+12,360,Create room
1.74314E+12,524,Create room
1.74314E+12,323,Join Call
1.74314E+12,183,Create room
1.74314E+12,820,Join Call
1.74314E+12,1424,Join Call
1.74314E+12,358,Create room
1.74314E+12,303,Join Call
1.74314E+12,207,Join Call
1.74314E+12,650,Create room
1.74314E+12,163,Create room
1.74314E+12,133,Create room
1.74314E+12,127,Create room
1.74314E+12,356,Create room
1.74314E+12,334,Create room
1.74314E+12,203,Create room
1.74314E+12,208,Create room
1.74314E+12,689,Create room
1.74314E+12,168,Join Call
1.74314E+12,627,Join Call
1.74314E+12,730,Join Call
1.74314E+12,600,Create room
1.74314E+12,624,Join Call
1.74314E+12,150,Create room
1.74314E+12,230,Join Call
1.74314E+12,315,Join Call
1.74314E+12,578,Join Call
1.74314E+12,729,Create room
1.74314E+12,250,Join Call
1.74314E+12,763,Join Call
1.74314E+12,188,Create room
1.74314E+12,289,Create room
1.74314E+12,562,Create room
1.74314E+12,292,Join Call
1.74314E+12,553,Create room
1.74314E+12,647,Join Call
1.74314E+12,469,Join Call
1.74314E+12,257,Create room
1.74314E+12,117,Create room
1.74314E+12,392,Join Call
1.74314E+12,392,Create room
1.74314E+12,102,Create room
1.74314E+12,274,Create room
1.74314E+12,159,Create room
1.74314E+12,118,Create room
1.74314E+12,656,Join Call
1.74314E+12,328,Create room
1.74314E+12,384,Join Call
1.74314E+12,717,Join Call
1.74314E+12,632,Join Call
1.74314E+12,212,Create room
1.74314E+12,229,Join Call
1.74314E+12,403,Join Call
1.74314E+12,160,Create room
1.74314E+12,499,Create room
1.74314E+12,191,Create room
1.74314E+12,299,Create room
1.74314E+12,400,Join Call
1.74314E+12,597,Join Call
1.74314E+12,417,Join Call
1.74314E+12,751,Join Call
1.74314E+12,475,Join Call
1.74314E+12,364,Create room
1.74314E+12,745,Join Call
1.74314E+12,275,Join Call
1.74314E+12,476,Join Call
1.74314E+12,215,Create room
1.74314E+12,522,Join Call
1.74314E+12,313,Join Call
1.74314E+12,190,Create room
1.74314E+12,316,Join Call
1.74314E+12,348,Create room
1.74314E+12,713,Join Call
1.74314E+12,224,Create room
1.74314E+12,1050,Join Call
1.74314E+12,834,Join Call
1.74314E+12,356,Join Call
1.74314E+12,1116,Join Call
1.74314E+12,369,Join Call
1.74314E+12,828,Join Call
1.74314E+12,656,Join Call
1.74314E+12,358,Create room
1.74314E+12,601,Join Call
1.74314E+12,463,Create room
1.74314E+12,414,Join Call
1.74314E+12,432,Create room
1.74314E+12,466,Join Call
1.74314E+12,153,Create room
1.74314E+12,358,Create room
1.74314E+12,562,Join Call
1.74314E+12,328,Join Call
1.74314E+12,213,Create room
1.74314E+12,523,Join Call
1.74314E+12,196,Create room
1.74314E+12,271,Join Call
1.74314E+12,913,Join Call
1.74314E+12,625,Join Call
1.74314E+12,228,Create room
1.74314E+12,199,Create room
1.74314E+12,308,Create room
1.74314E+12,112,Create room
1.74314E+12,201,Create room
1.74314E+12,191,Create room
1.74314E+12,370,Join Call
1.74314E+12,163,Create room
1.74314E+12,92,Create room
1.74314E+12,709,Create room
1.74314E+12,347,Create room
1.74314E+12,332,Create room
1.74314E+12,178,Create room
1.74314E+12,209,Create room
1.74314E+12,249,Create room
1.74314E+12,177,Create room
1.74314E+12,365,Create room
1.74314E+12,198,Create room
1.74314E+12,191,Create room
1.74314E+12,470,Join Call
1.74314E+12,423,Join Call
1.74314E+12,749,Join Call
1.74314E+12,268,Create room
1.74314E+12,385,Create room
1.74314E+12,373,Create room
1.74314E+12,127,Join Call
1.74314E+12,520,Create room
1.74314E+12,685,Join Call
1.74314E+12,214,Join Call
1.74314E+12,300,Join Call
1.74314E+12,236,Join Call
1.74314E+12,389,Join Call
1.74314E+12,242,Join Call
1.74314E+12,273,Join Call
1.74314E+12,242,Join Call
1.74314E+12,790,Join Call
1.74314E+12,864,Join Call
1.74314E+12,685,Join Call
1.74314E+12,142,Create room
1.74314E+12,568,Join Call
1.74314E+12,1050,Join Call
1.74314E+12,181,Create room
1.74314E+12,291,Create room
1.74314E+12,212,Create room
1.74314E+12,433,Create room
1.74314E+12,251,Create room
1.74314E+12,206,Create room
1.74314E+12,266,Create room
1.74314E+12,376,Join Call
1.74314E+12,311,Join Call
1.74314E+12,814,Join Call
1.74314E+12,324,Create room
1.74314E+12,270,Create room
1.74314E+12,327,Join Call
1.74314E+12,323,Create room
1.74314E+12,383,Join Call
1.74314E+12,349,Create room
1.74314E+12,423,Create room
1.74314E+12,674,Join Call
1.74314E+12,433,Join Call
1.74314E+12,406,Join Call
1.74314E+12,451,Join Call
1.74314E+12,306,Create room
1.74314E+12,475,Join Call
1.74314E+12,1256,Join Call
1.74314E+12,479,Create room
1.74314E+12,368,Create room
1.74314E+12,500,Join Call
1.74314E+12,197,Create room
1.74314E+12,541,Join Call
1.74314E+12,543,Join Call
1.74314E+12,216,Create room
1.74314E+12,236,Create room
1.74314E+12,409,Join Call
1.74314E+12,549,Join Call
1.74314E+12,530,Join Call
1.74314E+12,674,Join Call
1.74314E+12,566,Join Call
1.74314E+12,86,Create room
1.74314E+12,211,Create room
1.74314E+12,362,Join Call
1.74314E+12,611,Join Call
1.74314E+12,305,Join Call
1.74314E+12,624,Join Call
1.74314E+12,151,Create room
1.74314E+12,557,Create room
1.74314E+12,620,Join Call
1.74314E+12,244,Join Call
1.74314E+12,620,Join Call
1.74314E+12,332,Join Call
1.74314E+12,577,Create room
1.74314E+12,520,Create room
1.74314E+12,610,Create room
1.74314E+12,70,Create room
1.74314E+12,700,Join Call
1.74314E+12,263,Create room
1.74314E+12,645,Create room
1.74314E+12,261,Create room
1.74314E+12,301,Join Call
1.74314E+12,547,Join Call
1.74314E+12,650,Create room
1.74314E+12,318,Create room
1.74314E+12,252,Create room
1.74314E+12,280,Join Call
1.74314E+12,177,Create room
1.74314E+12,318,Join Call
1.74314E+12,285,Join Call
1.74314E+12,791,Join Call
1.74314E+12,569,Join Call
1.74314E+12,255,Create room
1.74314E+12,359,Create room
1.74314E+12,132,Create room
1.74314E+12,288,Create room
1.74314E+12,417,Join Call
1.74314E+12,228,Create room
1.74314E+12,106,Create room
1.74314E+12,200,Create room
1.74314E+12,179,Create room
1.74314E+12,297,Create room
1.74314E+12,297,Create room
1.74314E+12,199,Create room
1.74314E+12,873,Join Call
1.74314E+12,384,Join Call
1.74314E+12,356,Join Call
1.74314E+12,618,Join Call
1.74314E+12,621,Create room
1.74314E+12,312,Create room
1.74314E+12,331,Create room
1.74314E+12,392,Create room
1.74314E+12,909,Create room
1.74314E+12,329,Create room
1.74314E+12,304,Join Call
1.74314E+12,534,Join Call
1.74314E+12,358,Join Call
1.74314E+12,427,Join Call
1.74314E+12,384,Join Call
1.74314E+12,260,Join Call
1.74314E+12,281,Create room
1.74314E+12,486,Join Call
1.74314E+12,235,Join Call
1.74314E+12,393,Join Call
1.74314E+12,390,Join Call
1.74314E+12,1118,Join Call
1.74314E+12,197,Create room
1.74314E+12,365,Join Call
1.74314E+12,202,Create room
1.74314E+12,306,Join Call
1.74314E+12,309,Join Call
1.74314E+12,370,Create room
1.74314E+12,939,Join Call
1.74314E+12,387,Create room
1.74314E+12,1182,Join Call
1.74314E+12,273,Create room
1.74314E+12,371,Create room
1.74314E+12,380,Join Call
1.74314E+12,658,Create room
1.74314E+12,195,Create room
1.74314E+12,246,Join Call
1.74314E+12,304,Join Call
1.74314E+12,334,Create room
1.74314E+12,201,Create room
1.74314E+12,476,Create room
1.74314E+12,195,Create room
1.74314E+12,205,Create room
1.74314E+12,680,Join Call
1.74314E+12,204,Create room
1.74314E+12,197,Create room
1.74314E+12,87,Create room
1.74314E+12,314,Create room
1.74314E+12,276,Create room
1.74314E+12,187,Create room
1.74314E+12,190,Create room
1.74314E+12,789,Create room
1.74314E+12,538,Create room
1.74314E+12,150,Create room
1.74314E+12,292,Create room
1.74314E+12,452,Join Call
1.74314E+12,301,Create room
1.74314E+12,607,Join Call
1.74314E+12,237,Create room
1.74314E+12,481,Join Call
1.74314E+12,645,Join Call
1.74314E+12,478,Join Call
1.74314E+12,585,Join Call
1.74314E+12,295,Create room
1.74314E+12,331,Join Call
1.74314E+12,729,Join Call
1.74314E+12,154,Join Call
1.74314E+12,774,Join Call
1.74314E+12,563,Join Call
1.74314E+12,1279,Join Call
1.74314E+12,221,Join Call
1.74314E+12,719,Join Call
1.74314E+12,193,Create room
1.74314E+12,540,Create room
1.74314E+12,371,Join Call
1.74314E+12,313,Join Call
1.74314E+12,263,Join Call
1.74314E+12,1054,Join Call
1.74314E+12,316,Join Call
1.74314E+12,911,Join Call
1.74314E+12,480,Join Call
1.74314E+12,190,Create room
1.74314E+12,194,Create room
1.74314E+12,154,Create room
1.74314E+12,203,Create room
1.74314E+12,342,Create room
1.74314E+12,435,Join Call
1.74314E+12,346,Join Call
1.74314E+12,391,Join Call
1.74314E+12,152,Create room
1.74314E+12,243,Create room
1.74314E+12,294,Join Call
1.74314E+12,165,Create room
1.74314E+12,351,Join Call
1.74314E+12,516,Join Call
1.74314E+12,273,Join Call
1.74314E+12,309,Create room
1.74314E+12,453,Join Call
1.74314E+12,502,Create room
1.74314E+12,69,Create room
1.74314E+12,434,Join Call
1.74314E+12,143,Create room
1.74314E+12,321,Create room
1.74314E+12,147,Create room
1.74314E+12,277,Create room
1.74314E+12,449,Join Call
1.74314E+12,1115,Join Call
1.74314E+12,437,Join Call
1.74314E+12,873,Join Call
1.74314E+12,670,Join Call
1.74314E+12,302,Create room
1.74314E+12,518,Join Call
1.74314E+12,134,Create room
1.74314E+12,803,Join Call
1.74314E+12,324,Create room
1.74314E+12,195,Create room
1.74314E+12,708,Join Call
1.74314E+12,193,Create room
1.74314E+12,175,Create room
1.74314E+12,325,Create room
1.74314E+12,197,Join Call
1.74314E+12,335,Create room
1.74314E+12,808,Create room
1.74314E+12,201,Join Call
1.74314E+12,187,Join Call
1.74314E+12,307,Join Call
1.74314E+12,388,Join Call
1.74314E+12,1695,Join Call
1.74314E+12,406,Create room
1.74314E+12,249,Create room
1.74314E+12,251,Join Call
1.74314E+12,662,Join Call
1.74314E+12,788,Join Call
1.74314E+12,247,Create room
1.74314E+12,368,Join Call
1.74314E+12,387,Join Call
1.74314E+12,248,Create room
1.74314E+12,175,Create room
1.74314E+12,335,Create room
1.74314E+12,233,Create room
1.74314E+12,260,Create room
1.74314E+12,434,Join Call
1.74314E+12,454,Join Call
1.74314E+12,434,Join Call
1.74314E+12,181,Create room
1.74314E+12,135,Create room
1.74314E+12,442,Join Call
1.74314E+12,227,Create room
1.74314E+12,718,Join Call
1.74314E+12,1318,Join Call
1.74314E+12,225,Create room
1.74314E+12,828,Join Call
1.74314E+12,202,Join Call
1.74314E+12,235,Create room
1.74314E+12,585,Create room
1.74314E+12,201,Create room
1.74314E+12,188,Create room
1.74314E+12,606,Create room
1.74314E+12,149,Create room
1.74314E+12,359,Join Call
1.74314E+12,189,Join Call
1.74314E+12,436,Create room
1.74314E+12,497,Join Call
1.74314E+12,474,Create room
1.74314E+12,268,Create room
1.74314E+12,608,Create room
1.74314E+12,514,Join Call
1.74314E+12,123,Create room
1.74314E+12,118,Create room
1.74314E+12,386,Create room
1.74314E+12,1021,Join Call
1.74314E+12,151,Create room
1.74314E+12,345,Create room
1.74314E+12,1476,Join Call
1.74314E+12,540,Create room
1.74314E+12,209,Create room
1.74314E+12,171,Create room
1.74314E+12,122,Create room
1.74314E+12,126,Create room
1.74314E+12,143,Create room
1.74314E+12,443,Create room
1.74314E+12,839,Join Call
1.74314E+12,428,Join Call
1.74314E+12,145,Create room
1.74314E+12,443,Create room
1.74314E+12,684,Join Call
1.74314E+12,538,Join Call
1.74314E+12,335,Join Call
1.74314E+12,800,Join Call
1.74314E+12,259,Create room
1.74314E+12,429,Create room
1.74314E+12,692,Join Call
1.74314E+12,274,Join Call
1.74314E+12,311,Join Call
1.74314E+12,422,Join Call
1.74314E+12,268,Create room
1.74314E+12,141,Create room
1.74314E+12,697,Join Call
1.74314E+12,689,Join Call
1.74314E+12,258,Join Call
1.74314E+12,333,Join Call
1.74314E+12,589,Join Call
1.74314E+12,407,Join Call
1.74314E+12,437,Join Call
1.74314E+12,403,Join Call
1.74314E+12,200,Create room
1.74314E+12,458,Join Call
1.74314E+12,348,Join Call
1.74314E+12,1103,Create room
1.74314E+12,229,Create room
1.74314E+12,800,Join Call
1.74314E+12,507,Join Call
1.74314E+12,172,Create room
1.74314E+12,452,Join Call
1.74314E+12,463,Join Call
1.74314E+12,451,Join Call
1.74314E+12,309,Create room
1.74314E+12,911,Join Call
1.74314E+12,116,Create room
1.74314E+12,877,Join Call
1.74314E+12,361,Join Call
1.74314E+12,435,Join Call
1.74314E+12,849,Join Call
1.74314E+12,73,Create room
1.74314E+12,701,Join Call
1.74314E+12,204,Create room
1.74314E+12,226,Create room
1.74314E+12,111,Create room
1.74314E+12,171,Create room
1.74314E+12,199,Create room
1.74314E+12,244,Create room
1.74314E+12,162,Create room
1.74314E+12,142,Create room
1.74314E+12,231,Create room
1.74314E+12,268,Create room
1.74314E+12,281,Join Call
1.74314E+12,504,Join Call
1.74314E+12,156,Create room
1.74314E+12,933,Join Call
1.74314E+12,267,Create room
1.74314E+12,863,Join Call
1.74314E+12,489,Join Call
1.74314E+12,197,Create room
1.74314E+12,490,Join Call
1.74314E+12,798,Join Call
1.74314E+12,165,Create room
1.74314E+12,763,Join Call
1.74314E+12,87,Create room
1.74314E+12,676,Join Call
1.74314E+12,237,Create room
1.74314E+12,437,Join Call
1.74314E+12,895,Join Call
1.74314E+12,567,Join Call
1.74314E+12,389,Join Call
1.74314E+12,714,Join Call
1.74314E+12,780,Join Call
1.74314E+12,578,Create room
1.74314E+12,78,Create room
1.74314E+12,377,Create room
1.74314E+12,372,Create room
1.74314E+12,226,Join Call
1.74314E+12,225,Join Call
1.74314E+12,223,Join Call
1.74314E+12,114,Create room
1.74314E+12,111,Create room
1.74314E+12,122,Create room
1.74314E+12,110,Create room
1.74314E+12,104,Create room
1.74314E+12,356,Create room
1.74314E+12,79,Create room
1.74314E+12,575,Join Call
1.74314E+12,69,Create room
1.74314E+12,350,Create room
1.74314E+12,601,Create room
1.74314E+12,103,Create room
1.74314E+12,483,Join Call
1.74314E+12,466,Join Call
1.74314E+12,237,Join Call
1.74314E+12,1021,Create room
1.74314E+12,291,Create room
1.74314E+12,334,Create room
1.74314E+12,429,Join Call
1.74314E+12,458,Create room
1.74314E+12,402,Join Call
1.74314E+12,142,Join Call
1.74314E+12,435,Join Call
1.74314E+12,80,Create room
1.74314E+12,423,Join Call
1.74314E+12,188,Create room
1.74314E+12,608,Join Call
1.74314E+12,541,Create room
1.74314E+12,470,Join Call
1.74314E+12,582,Join Call
1.74314E+12,611,Join Call
1.74314E+12,411,Create room
1.74314E+12,400,Create room
1.74314E+12,377,Join Call
1.74314E+12,178,Create room
1.74314E+12,547,Join Call
1.74314E+12,434,Create room
1.74314E+12,631,Create room
1.74314E+12,317,Join Call
1.74314E+12,134,Create room
1.74314E+12,170,Create room
1.74314E+12,639,Join Call
1.74314E+12,111,Create room
1.74314E+12,302,Create room
1.74314E+12,381,Join Call
1.74314E+12,261,Join Call
1.74314E+12,511,Join Call
1.74314E+12,369,Join Call
1.74314E+12,172,Create room
1.74314E+12,458,Join Call
1.74314E+12,501,Join Call
1.74314E+12,507,Join Call
1.74314E+12,243,Join Call
1.74314E+12,618,Join Call
1.74314E+12,338,Create room
1.74314E+12,1244,Join Call
1.74314E+12,252,Create room
1.74314E+12,778,Join Call
1.74314E+12,210,Create room
1.74314E+12,429,Create room
1.74314E+12,367,Create room
1.74314E+12,134,Create room
1.74314E+12,157,Create room
1.74314E+12,577,Join Call
1.74314E+12,188,Create room
1.74314E+12,150,Create room
1.74314E+12,279,Join Call
1.74314E+12,110,Create room
1.74314E+12,952,Join Call
1.74314E+12,547,Create room
1.74314E+12,249,Join Call
1.74314E+12,748,Create room
1.74314E+12,531,Join Call
1.74314E+12,748,Create room
1.74314E+12,190,Create room
1.74314E+12,191,Create room
1.74314E+12,95,Create room
1.74314E+12,253,Join Call
1.74314E+12,345,Create room
1.74314E+12,348,Join Call
1.74314E+12,897,Join Call
1.74314E+12,838,Join Call
1.74314E+12,381,Create room
1.74314E+12,888,Join Call
1.74314E+12,780,Join Call
1.74314E+12,713,Join Call
1.74314E+12,685,Join Call
1.74314E+12,374,Join Call
1.74314E+12,1694,Join Call
1.74314E+12,97,Create room
1.74314E+12,125,Create room
1.74314E+12,264,Join Call
1.74314E+12,157,Create room
1.74314E+12,209,Join Call
1.74314E+12,822,Join Call
1.74314E+12,72,Create room
1.74314E+12,294,Create room
1.74314E+12,202,Join Call
1.74314E+12,224,Create room
1.74314E+12,415,Join Call
1.74314E+12,910,Create room
1.74314E+12,140,Create room
1.74314E+12,474,Join Call
1.74314E+12,426,Join Call
1.74314E+12,369,Create room
1.74314E+12,486,Join Call
1.74314E+12,157,Join Call
1.74314E+12,738,Join Call
1.74314E+12,108,Create room
1.74314E+12,337,Join Call
1.74314E+12,367,Join Call
1.74314E+12,323,Join Call
1.74314E+12,411,Create room
1.74314E+12,293,Join Call
1.74314E+12,668,Join Call
1.74314E+12,641,Join Call
1.74314E+12,857,Join Call
1.74314E+12,287,Create room
1.74314E+12,236,Join Call
1.74314E+12,406,Join Call
1.74314E+12,986,Join Call
1.74314E+12,156,Create room
1.74314E+12,506,Create room
1.74314E+12,174,Create room
1.74314E+12,180,Join Call
1.74314E+12,267,Join Call
1.74314E+12,399,Join Call
1.74314E+12,167,Create room
1.74314E+12,265,Join Call
1.74314E+12,358,Join Call
1.74314E+12,518,Create room
1.74314E+12,796,Join Call
1.74314E+12,205,Create room
1.74314E+12,282,Join Call
1.74314E+12,635,Join Call
1.74314E+12,328,Join Call
1.74314E+12,279,Join Call
