timeStamp,response time,label
1.74E+12,286,Leave room
1.74E+12,304,Leave room
1.74E+12,222,Leave room
1.74E+12,399,Leave room
1.74E+12,520,Leave room
1.74E+12,362,Leave room
1.74E+12,679,Leave room
1.74E+12,493,Leave room
1.74E+12,464,Leave room
1.74E+12,505,Leave room
1.74E+12,334,Leave room
1.74E+12,313,Leave room
1.74E+12,407,Leave room
1.74E+12,525,Leave room
1.74E+12,597,Leave room
1.74E+12,504,Leave room
1.74E+12,287,Leave room
1.74E+12,387,Leave room
1.74E+12,476,Leave room
1.74E+12,480,Leave room
1.74E+12,549,Leave room
1.74E+12,258,Leave room
1.74E+12,420,Leave room
1.74E+12,464,Leave room
1.74E+12,308,Leave room
1.74E+12,434,Leave room
1.74E+12,328,Leave room
1.74E+12,455,Leave room
1.74E+12,464,Leave room
1.74E+12,486,Leave room
1.74E+12,508,Leave room
1.74E+12,512,Leave room
1.74E+12,324,Leave room
1.74E+12,454,Leave room
1.74E+12,449,Leave room
1.74E+12,304,Leave room
1.74E+12,263,Leave room
1.74E+12,653,Leave room
1.74E+12,383,Leave room
1.74E+12,341,Leave room
1.74E+12,385,Leave room
1.74E+12,405,Leave room
1.74E+12,407,Leave room
1.74E+12,474,Leave room
1.74E+12,585,Leave room
1.74E+12,405,Leave room
1.74E+12,526,Leave room
1.74E+12,672,Leave room
1.74E+12,618,Leave room
1.74E+12,601,Leave room
1.74E+12,560,Leave room
1.74E+12,459,Leave room
1.74E+12,434,Leave room
1.74E+12,421,Leave room
1.74E+12,285,Leave room
1.74E+12,448,Leave room
1.74E+12,356,Leave room
1.74E+12,436,Leave room
1.74E+12,349,Leave room
1.74E+12,402,Leave room
1.74E+12,419,Leave room
1.74E+12,529,Leave room
1.74E+12,669,Leave room
1.74E+12,390,Leave room
1.74E+12,408,Leave room
1.74E+12,414,Leave room
1.74E+12,420,Leave room
1.74E+12,426,Leave room
1.74E+12,473,Leave room
1.74E+12,456,Leave room
1.74E+12,638,Leave room
1.74E+12,410,Leave room
1.74E+12,394,Leave room
1.74E+12,346,Leave room
1.74E+12,478,Leave room
1.74E+12,196,Leave room
1.74E+12,250,Leave room
1.74E+12,441,Leave room
1.74E+12,317,Leave room
1.74E+12,543,Leave room
1.74E+12,635,Leave room
1.74E+12,564,Leave room
1.74E+12,382,Leave room
1.74E+12,495,Leave room
1.74E+12,416,Leave room
1.74E+12,522,Leave room
1.74E+12,365,Leave room
1.74E+12,454,Leave room
1.74E+12,439,Leave room
1.74E+12,453,Leave room
1.74E+12,512,Leave room
1.74E+12,356,Leave room
1.74E+12,432,Leave room
1.74E+12,403,Leave room
1.74E+12,503,Leave room
1.74E+12,274,Leave room
1.74E+12,418,Leave room
1.74E+12,351,Leave room
1.74E+12,330,Leave room
1.74E+12,367,Leave room
1.74E+12,331,Leave room
1.74E+12,418,Leave room
1.74E+12,297,Leave room
1.74E+12,557,Leave room
1.74E+12,500,Leave room
1.74E+12,495,Leave room
1.74E+12,448,Leave room
1.74E+12,413,Leave room
1.74E+12,402,Leave room
1.74E+12,406,Leave room
1.74E+12,444,Leave room
1.74E+12,465,Leave room
1.74E+12,450,Leave room
1.74E+12,398,Leave room
1.74E+12,383,Leave room
1.74E+12,584,Leave room
1.74E+12,544,Leave room
1.74E+12,496,Leave room
1.74E+12,377,Leave room
1.74E+12,334,Leave room
1.74E+12,511,Leave room
1.74E+12,661,Leave room
1.74E+12,588,Leave room
1.74E+12,378,Leave room
1.74E+12,495,Leave room
1.74E+12,338,Leave room
1.74E+12,399,Leave room
1.74E+12,438,Leave room
1.74E+12,462,Leave room
1.74E+12,335,Leave room
1.74E+12,368,Leave room
1.74E+12,320,Leave room
1.74E+12,463,Leave room
1.74E+12,562,Leave room
1.74E+12,400,Leave room
1.74E+12,520,Leave room
1.74E+12,415,Leave room
1.74E+12,448,Leave room
1.74E+12,381,Leave room
1.74E+12,484,Leave room
1.74E+12,439,Leave room
1.74E+12,382,Leave room
1.74E+12,418,Leave room
1.74E+12,364,Leave room
1.74E+12,341,Leave room
1.74E+12,538,Leave room
1.74E+12,326,Leave room
1.74E+12,444,Leave room
1.74E+12,450,Leave room
1.74E+12,498,Leave room
1.74E+12,334,Leave room
1.74E+12,393,Leave room
1.74E+12,526,Leave room
1.74E+12,568,Leave room
1.74E+12,486,Leave room
1.74E+12,533,Leave room
1.74E+12,385,Leave room
1.74E+12,481,Leave room
1.74E+12,545,Leave room
1.74E+12,390,Leave room
1.74E+12,610,Leave room
1.74E+12,416,Leave room
1.74E+12,491,Leave room
1.74E+12,418,Leave room
1.74E+12,369,Leave room
1.74E+12,524,Leave room
1.74E+12,458,Leave room
1.74E+12,425,Leave room
1.74E+12,472,Leave room
1.74E+12,354,Leave room
1.74E+12,430,Leave room
1.74E+12,315,Leave room
1.74E+12,368,Leave room
1.74E+12,412,Leave room
1.74E+12,427,Leave room
1.74E+12,507,Leave room
1.74E+12,448,Leave room
1.74E+12,411,Leave room
1.74E+12,390,Leave room
1.74E+12,346,Leave room
1.74E+12,537,Leave room
1.74E+12,477,Leave room
1.74E+12,403,Leave room
1.74E+12,587,Leave room
1.74E+12,503,Leave room
1.74E+12,485,Leave room
1.74E+12,542,Leave room
1.74E+12,743,Leave room
1.74E+12,622,Leave room
1.74E+12,438,Leave room
1.74E+12,443,Leave room
1.74E+12,476,Leave room
1.74E+12,666,Leave room
1.74E+12,412,Leave room
1.74E+12,538,Leave room
1.74E+12,357,Leave room
1.74E+12,412,Leave room
1.74E+12,535,Leave room
1.74E+12,365,Leave room
1.74E+12,350,Leave room
1.74E+12,441,Leave room
1.74E+12,472,Leave room
1.74E+12,411,Leave room
1.74E+12,542,Leave room
1.74E+12,648,Leave room
1.74E+12,376,Leave room
1.74E+12,313,Leave room
1.74E+12,348,Leave room
1.74E+12,415,Leave room
1.74E+12,482,Leave room
1.74E+12,250,Leave room
1.74E+12,385,Leave room
1.74E+12,600,Leave room
1.74E+12,526,Leave room
1.74E+12,526,Leave room
1.74E+12,569,Leave room
1.74E+12,355,Leave room
1.74E+12,335,Leave room
1.74E+12,331,Leave room
1.74E+12,443,Leave room
1.74E+12,408,Leave room
1.74E+12,534,Leave room
1.74E+12,351,Leave room
1.74E+12,533,Leave room
1.74E+12,433,Leave room
1.74E+12,436,Leave room
1.74E+12,438,Leave room
1.74E+12,484,Leave room
1.74E+12,528,Leave room
1.74E+12,382,Leave room
1.74E+12,471,Leave room
1.74E+12,454,Leave room
1.74E+12,440,Leave room
1.74E+12,354,Leave room
1.74E+12,605,Leave room
1.74E+12,503,Leave room
1.74E+12,433,Leave room
1.74E+12,494,Leave room
1.74E+12,391,Leave room
1.74E+12,257,Leave room
1.74E+12,504,Leave room
1.74E+12,650,Leave room
1.74E+12,607,Leave room
1.74E+12,372,Leave room
1.74E+12,290,Leave room
1.74E+12,305,Leave room
1.74E+12,365,Leave room
1.74E+12,643,Leave room
1.74E+12,372,Leave room
1.74E+12,552,Leave room
1.74E+12,513,Leave room
1.74E+12,410,Leave room
1.74E+12,434,Leave room
1.74E+12,459,Leave room
1.74E+12,453,Leave room
1.74E+12,568,Leave room
1.74E+12,262,Leave room
1.74E+12,395,Leave room
1.74E+12,454,Leave room
1.74E+12,456,Leave room
1.74E+12,398,Leave room
1.74E+12,565,Leave room
1.74E+12,439,Leave room
1.74E+12,638,Leave room
1.74E+12,478,Leave room
1.74E+12,335,Leave room
1.74E+12,627,Leave room
1.74E+12,586,Leave room
1.74E+12,350,Leave room
1.74E+12,536,Leave room
1.74E+12,517,Leave room
1.74E+12,361,Leave room
1.74E+12,290,Leave room
1.74E+12,492,Leave room
1.74E+12,301,Leave room
1.74E+12,334,Leave room
1.74E+12,527,Leave room
1.74E+12,340,Leave room
1.74E+12,432,Leave room
1.74E+12,589,Leave room
1.74E+12,451,Leave room
1.74E+12,359,Leave room
1.74E+12,332,Leave room
1.74E+12,495,Leave room
1.74E+12,408,Leave room
1.74E+12,631,Leave room
1.74E+12,384,Leave room
1.74E+12,323,Leave room
1.74E+12,320,Leave room
1.74E+12,453,Leave room
1.74E+12,536,Leave room
1.74E+12,420,Leave room
1.74E+12,465,Leave room
1.74E+12,551,Leave room
1.74E+12,643,Leave room
1.74E+12,339,Leave room
1.74E+12,183,Leave room
1.74E+12,407,Leave room
1.74E+12,471,Leave room
1.74E+12,504,Leave room
1.74E+12,488,Leave room
1.74E+12,543,Leave room
1.74E+12,373,Leave room
1.74E+12,558,Leave room
1.74E+12,475,Leave room
1.74E+12,395,Leave room
1.74E+12,451,Leave room
1.74E+12,583,Leave room
1.74E+12,442,Leave room
1.74E+12,499,Leave room
1.74E+12,521,Leave room
1.74E+12,416,Leave room
1.74E+12,718,Leave room
1.74E+12,266,Leave room
1.74E+12,350,Leave room
1.74E+12,588,Leave room
1.74E+12,373,Leave room
1.74E+12,255,Leave room
1.74E+12,572,Leave room
1.74E+12,418,Leave room
1.74E+12,578,Leave room
1.74E+12,337,Leave room
1.74E+12,423,Leave room
1.74E+12,480,Leave room
1.74E+12,432,Leave room
1.74E+12,468,Leave room
1.74E+12,602,Leave room
1.74E+12,367,Leave room
1.74E+12,166,Leave room
1.74E+12,448,Leave room
1.74E+12,446,Leave room
1.74E+12,544,Leave room
1.74E+12,505,Leave room
1.74E+12,318,Leave room
1.74E+12,365,Leave room
1.74E+12,397,Leave room
1.74E+12,432,Leave room
1.74E+12,535,Leave room
1.74E+12,425,Leave room
1.74E+12,280,Leave room
1.74E+12,483,Leave room
1.74E+12,475,Leave room
1.74E+12,479,Leave room
1.74E+12,385,Leave room
1.74E+12,321,Leave room
1.74E+12,328,Leave room
1.74E+12,602,Leave room
1.74E+12,363,Leave room
1.74E+12,368,Leave room
1.74E+12,589,Leave room
1.74E+12,417,Leave room
1.74E+12,535,Leave room
1.74E+12,517,Leave room
1.74E+12,478,Leave room
1.74E+12,431,Leave room
1.74E+12,358,Leave room
1.74E+12,425,Leave room
1.74E+12,495,Leave room
1.74E+12,476,Leave room
1.74E+12,555,Leave room
1.74E+12,408,Leave room
1.74E+12,344,Leave room
1.74E+12,301,Leave room
1.74E+12,574,Leave room
1.74E+12,429,Leave room
1.74E+12,281,Leave room
1.74E+12,536,Leave room
1.74E+12,453,Leave room
1.74E+12,312,Leave room
1.74E+12,522,Leave room
1.74E+12,481,Leave room
1.74E+12,278,Leave room
1.74E+12,239,Leave room
1.74E+12,674,Leave room
1.74E+12,432,Leave room
1.74E+12,383,Leave room
1.74E+12,542,Leave room
1.74E+12,484,Leave room
1.74E+12,321,Leave room
1.74E+12,418,Leave room
1.74E+12,519,Leave room
1.74E+12,552,Leave room
1.74E+12,411,Leave room
1.74E+12,268,Leave room
1.74E+12,313,Leave room
1.74E+12,499,Leave room
1.74E+12,373,Leave room
1.74E+12,443,Leave room
1.74E+12,590,Leave room
1.74E+12,494,Leave room
1.74E+12,321,Leave room
1.74E+12,412,Leave room
1.74E+12,540,Leave room
1.74E+12,459,Leave room
1.74E+12,394,Leave room
1.74E+12,526,Leave room
1.74E+12,388,Leave room
1.74E+12,365,Leave room
1.74E+12,543,Leave room
1.74E+12,423,Leave room
1.74E+12,532,Leave room
1.74E+12,461,Leave room
1.74E+12,577,Leave room
1.74E+12,382,Leave room
1.74E+12,616,Leave room
1.74E+12,472,Leave room
1.74E+12,446,Leave room
1.74E+12,314,Leave room
1.74E+12,468,Leave room
1.74E+12,330,Leave room
1.74E+12,385,Leave room
1.74E+12,470,Leave room
1.74E+12,431,Leave room
1.74E+12,402,Leave room
1.74E+12,611,Leave room
1.74E+12,473,Leave room
1.74E+12,453,Leave room
1.74E+12,337,Leave room
1.74E+12,470,Leave room
1.74E+12,387,Leave room
1.74E+12,486,Leave room
1.74E+12,499,Leave room
1.74E+12,503,Leave room
1.74E+12,518,Leave room
1.74E+12,407,Leave room
1.74E+12,318,Leave room
1.74E+12,582,Leave room
1.74E+12,416,Leave room
1.74E+12,147,Leave room
1.74E+12,348,Leave room
1.74E+12,507,Leave room
1.74E+12,348,Leave room
1.74E+12,321,Leave room
1.74E+12,428,Leave room
1.74E+12,369,Leave room
1.74E+12,457,Leave room
1.74E+12,397,Leave room
1.74E+12,422,Leave room
1.74E+12,344,Leave room
1.74E+12,372,Leave room
1.74E+12,440,Leave room
1.74E+12,403,Leave room
1.74E+12,485,Leave room
1.74E+12,345,Leave room
1.74E+12,422,Leave room
1.74E+12,521,Leave room
1.74E+12,530,Leave room
1.74E+12,466,Leave room
1.74E+12,482,Leave room
1.74E+12,547,Leave room
1.74E+12,310,Leave room
1.74E+12,462,Leave room
1.74E+12,393,Leave room
1.74E+12,416,Leave room
1.74E+12,367,Leave room
1.74E+12,547,Leave room
1.74E+12,274,Leave room
1.74E+12,501,Leave room
1.74E+12,413,Leave room
1.74E+12,420,Leave room
1.74E+12,474,Leave room
1.74E+12,555,Leave room
1.74E+12,450,Leave room
1.74E+12,208,Leave room
1.74E+12,375,Leave room
1.74E+12,547,Leave room
1.74E+12,352,Leave room
1.74E+12,424,Leave room
1.74E+12,279,Leave room
1.74E+12,389,Leave room
1.74E+12,415,Leave room
1.74E+12,478,Leave room
1.74E+12,430,Leave room
1.74E+12,335,Leave room
1.74E+12,509,Leave room
1.74E+12,513,Leave room
1.74E+12,490,Leave room
1.74E+12,504,Leave room
1.74E+12,517,Leave room
1.74E+12,487,Leave room
1.74E+12,262,Leave room
1.74E+12,243,Leave room
1.74E+12,335,Leave room
1.74E+12,544,Leave room
1.74E+12,576,Leave room
1.74E+12,499,Leave room
1.74E+12,301,Leave room
1.74E+12,388,Leave room
1.74E+12,521,Leave room
1.74E+12,569,Leave room
1.74E+12,514,Leave room
1.74E+12,376,Leave room
1.74E+12,422,Leave room
1.74E+12,294,Leave room
1.74E+12,413,Leave room
1.74E+12,386,Leave room
1.74E+12,290,Leave room
1.74E+12,426,Leave room
1.74E+12,363,Leave room
1.74E+12,390,Leave room
1.74E+12,398,Leave room
1.74E+12,390,Leave room
1.74E+12,571,Leave room
1.74E+12,429,Leave room
1.74E+12,543,Leave room
1.74E+12,349,Leave room
1.74E+12,519,Leave room
1.74E+12,250,Leave room
1.74E+12,421,Leave room
1.74E+12,509,Leave room
1.74E+12,382,Leave room
1.74E+12,432,Leave room
1.74E+12,505,Leave room
1.74E+12,531,Leave room
1.74E+12,193,Leave room
1.74E+12,291,Leave room
1.74E+12,352,Leave room
1.74E+12,417,Leave room
1.74E+12,458,Leave room
1.74E+12,699,Leave room
1.74E+12,364,Leave room
1.74E+12,388,Leave room
1.74E+12,458,Leave room
1.74E+12,486,Leave room
1.74E+12,385,Leave room
1.74E+12,398,Leave room
1.74E+12,422,Leave room
1.74E+12,479,Leave room
1.74E+12,429,Leave room
1.74E+12,407,Leave room
1.74E+12,465,Leave room
1.74E+12,488,Leave room
1.74E+12,372,Leave room
1.74E+12,476,Leave room
1.74E+12,373,Leave room
1.74E+12,467,Leave room
1.74E+12,550,Leave room
1.74E+12,301,Leave room
1.74E+12,393,Leave room
1.74E+12,453,Leave room
1.74E+12,428,Leave room
1.74E+12,340,Leave room
1.74E+12,305,Leave room
1.74E+12,288,Leave room
1.74E+12,462,Leave room
1.74E+12,443,Leave room
1.74E+12,479,Leave room
1.74E+12,363,Leave room
1.74E+12,528,Leave room
1.74E+12,434,Leave room
1.74E+12,464,Leave room
1.74E+12,473,Leave room
1.74E+12,424,Leave room
1.74E+12,674,Leave room
1.74E+12,570,Leave room
1.74E+12,347,Leave room
1.74E+12,442,Leave room
1.74E+12,523,Leave room
1.74E+12,562,Leave room
1.74E+12,417,Leave room
1.74E+12,544,Leave room
1.74E+12,448,Leave room
1.74E+12,358,Leave room
1.74E+12,510,Leave room
1.74E+12,310,Leave room
1.74E+12,436,Leave room
1.74E+12,402,Leave room
1.74E+12,395,Leave room
1.74E+12,475,Leave room
1.74E+12,358,Leave room
1.74E+12,452,Leave room
1.74E+12,404,Leave room
1.74E+12,485,Leave room
1.74E+12,491,Leave room
1.74E+12,509,Leave room
1.74E+12,375,Leave room
1.74E+12,443,Leave room
1.74E+12,517,Leave room
1.74E+12,559,Leave room
1.74E+12,389,Leave room
1.74E+12,503,Leave room
1.74E+12,517,Leave room
1.74E+12,552,Leave room
1.74E+12,464,Leave room
1.74E+12,567,Leave room
1.74E+12,396,Leave room
1.74E+12,430,Leave room
1.74E+12,496,Leave room
1.74E+12,426,Leave room
1.74E+12,367,Leave room
1.74E+12,508,Leave room
1.74E+12,467,Leave room
1.74E+12,373,Leave room
1.74E+12,424,Leave room
1.74E+12,417,Leave room
1.74E+12,323,Leave room
1.74E+12,489,Leave room
1.74E+12,650,Leave room
1.74E+12,430,Leave room
1.74E+12,544,Leave room
1.74E+12,595,Leave room
1.74E+12,413,Leave room
1.74E+12,519,Leave room
1.74E+12,503,Leave room
1.74E+12,587,Leave room
1.74E+12,486,Leave room
1.74E+12,414,Leave room
1.74E+12,416,Leave room
1.74E+12,433,Leave room
1.74E+12,327,Leave room
1.74E+12,314,Leave room
1.74E+12,525,Leave room
1.74E+12,432,Leave room
1.74E+12,300,Leave room
1.74E+12,635,Leave room
1.74E+12,339,Leave room
1.74E+12,407,Leave room
1.74E+12,275,Leave room
1.74E+12,460,Leave room
1.74E+12,496,Leave room
1.74E+12,349,Leave room
1.74E+12,467,Leave room
1.74E+12,351,Leave room
1.74E+12,477,Leave room
1.74E+12,234,Leave room
1.74E+12,473,Leave room
1.74E+12,354,Leave room
1.74E+12,648,Leave room
1.74E+12,326,Leave room
1.74E+12,561,Leave room
1.74E+12,594,Leave room
1.74E+12,620,Leave room
1.74E+12,177,Leave room
1.74E+12,439,Leave room
1.74E+12,284,Leave room
1.74E+12,382,Leave room
1.74E+12,453,Leave room
1.74E+12,337,Leave room
1.74E+12,454,Leave room
1.74E+12,342,Leave room
1.74E+12,421,Leave room
1.74E+12,446,Leave room
1.74E+12,536,Leave room
1.74E+12,551,Leave room
1.74E+12,530,Leave room
1.74E+12,339,Leave room
1.74E+12,408,Leave room
1.74E+12,423,Leave room
1.74E+12,396,Leave room
1.74E+12,497,Leave room
1.74E+12,268,Leave room
1.74E+12,324,Leave room
1.74E+12,434,Leave room
1.74E+12,363,Leave room
1.74E+12,494,Leave room
1.74E+12,352,Leave room
1.74E+12,455,Leave room
1.74E+12,523,Leave room
1.74E+12,398,Leave room
1.74E+12,391,Leave room
1.74E+12,609,Leave room
1.74E+12,557,Leave room
1.74E+12,323,Leave room
1.74E+12,625,Leave room
1.74E+12,282,Leave room
1.74E+12,496,Leave room
1.74E+12,349,Leave room
1.74E+12,640,Leave room
1.74E+12,476,Leave room
1.74E+12,539,Leave room
1.74E+12,315,Leave room
1.74E+12,598,Leave room
1.74E+12,362,Leave room
1.74E+12,427,Leave room
1.74E+12,307,Leave room
1.74E+12,399,Leave room
1.74E+12,447,Leave room
1.74E+12,463,Leave room
1.74E+12,385,Leave room
1.74E+12,487,Leave room
1.74E+12,496,Leave room
1.74E+12,414,Leave room
1.74E+12,435,Leave room
1.74E+12,507,Leave room
1.74E+12,503,Leave room
1.74E+12,416,Leave room
1.74E+12,343,Leave room
1.74E+12,456,Leave room
1.74E+12,343,Leave room
1.74E+12,434,Leave room
1.74E+12,491,Leave room
1.74E+12,592,Leave room
1.74E+12,588,Leave room
1.74E+12,376,Leave room
1.74E+12,343,Leave room
1.74E+12,650,Leave room
1.74E+12,423,Leave room
1.74E+12,364,Leave room
1.74E+12,484,Leave room
1.74E+12,571,Leave room
1.74E+12,259,Leave room
1.74E+12,439,Leave room
1.74E+12,308,Leave room
1.74E+12,217,Leave room
1.74E+12,473,Leave room
1.74E+12,327,Leave room
1.74E+12,426,Leave room
1.74E+12,493,Leave room
1.74E+12,379,Leave room
1.74E+12,537,Leave room
1.74E+12,416,Leave room
1.74E+12,491,Leave room
1.74E+12,672,Leave room
1.74E+12,333,Leave room
1.74E+12,481,Leave room
1.74E+12,409,Leave room
1.74E+12,388,Leave room
1.74E+12,369,Leave room
1.74E+12,436,Leave room
1.74E+12,449,Leave room
1.74E+12,601,Leave room
1.74E+12,358,Leave room
1.74E+12,454,Leave room
1.74E+12,466,Leave room
1.74E+12,269,Leave room
1.74E+12,410,Leave room
1.74E+12,651,Leave room
1.74E+12,462,Leave room
1.74E+12,673,Leave room
1.74E+12,537,Leave room
1.74E+12,559,Leave room
1.74E+12,441,Leave room
1.74E+12,439,Leave room
1.74E+12,353,Leave room
1.74E+12,447,Leave room
1.74E+12,502,Leave room
1.74E+12,453,Leave room
1.74E+12,521,Leave room
1.74E+12,522,Leave room
1.74E+12,400,Leave room
1.74E+12,667,Leave room
1.74E+12,532,Leave room
1.74E+12,265,Leave room
1.74E+12,511,Leave room
1.74E+12,289,Leave room
1.74E+12,506,Leave room
1.74E+12,469,Leave room
1.74E+12,377,Leave room
1.74E+12,546,Leave room
1.74E+12,443,Leave room
1.74E+12,324,Leave room
1.74E+12,338,Leave room
1.74E+12,278,Leave room
1.74E+12,141,Leave room
1.74E+12,453,Leave room
1.74E+12,380,Leave room
1.74E+12,540,Leave room
1.74E+12,461,Leave room
1.74E+12,436,Leave room
1.74E+12,288,Leave room
1.74E+12,537,Leave room
1.74E+12,497,Leave room
1.74E+12,377,Leave room
1.74E+12,405,Leave room
1.74E+12,429,Leave room
1.74E+12,329,Leave room
1.74E+12,423,Leave room
1.74E+12,282,Leave room
1.74E+12,482,Leave room
1.74E+12,316,Leave room
1.74E+12,486,Leave room
1.74E+12,414,Leave room
1.74E+12,310,Leave room
1.74E+12,426,Leave room
1.74E+12,311,Leave room
1.74E+12,591,Leave room
1.74E+12,626,Leave room
1.74E+12,508,Leave room
1.74E+12,401,Leave room
1.74E+12,413,Leave room
1.74E+12,485,Leave room
1.74E+12,241,Leave room
1.74E+12,559,Leave room
1.74E+12,420,Leave room
1.74E+12,228,Leave room
1.74E+12,308,Leave room
1.74E+12,546,Leave room
1.74E+12,218,Leave room
1.74E+12,418,Leave room
1.74E+12,370,Leave room
1.74E+12,489,Leave room
1.74E+12,501,Leave room
1.74E+12,512,Leave room
1.74E+12,427,Leave room
1.74E+12,414,Leave room
1.74E+12,518,Leave room
1.74E+12,383,Leave room
1.74E+12,368,Leave room
1.74E+12,455,Leave room
1.74E+12,299,Leave room
1.74E+12,372,Leave room
1.74E+12,518,Leave room
1.74E+12,425,Leave room
1.74E+12,448,Leave room
1.74E+12,562,Leave room
1.74E+12,421,Leave room
1.74E+12,314,Leave room
1.74E+12,572,Leave room
1.74E+12,493,Leave room
1.74E+12,433,Leave room
1.74E+12,505,Leave room
1.74E+12,404,Leave room
1.74E+12,277,Leave room
1.74E+12,388,Leave room
1.74E+12,482,Leave room
1.74E+12,323,Leave room
1.74E+12,442,Leave room
1.74E+12,402,Leave room
1.74E+12,648,Leave room
1.74E+12,316,Leave room
1.74E+12,615,Leave room
1.74E+12,558,Leave room
1.74E+12,467,Leave room
1.74E+12,511,Leave room
1.74E+12,439,Leave room
1.74E+12,528,Leave room
1.74E+12,325,Leave room
1.74E+12,489,Leave room
1.74E+12,378,Leave room
1.74E+12,408,Leave room
1.74E+12,335,Leave room
1.74E+12,334,Leave room
1.74E+12,461,Leave room
1.74E+12,182,Leave room
1.74E+12,255,Leave room
1.74E+12,402,Leave room
1.74E+12,474,Leave room
1.74E+12,448,Leave room
1.74E+12,589,Leave room
1.74E+12,373,Leave room
1.74E+12,306,Leave room
1.74E+12,670,Leave room
1.74E+12,295,Leave room
1.74E+12,380,Leave room
1.74E+12,487,Leave room
1.74E+12,627,Leave room
1.74E+12,421,Leave room
1.74E+12,444,Leave room
1.74E+12,484,Leave room
1.74E+12,624,Leave room
1.74E+12,390,Leave room
1.74E+12,450,Leave room
1.74E+12,505,Leave room
1.74E+12,215,Leave room
1.74E+12,507,Leave room
1.74E+12,438,Leave room
1.74E+12,456,Leave room
1.74E+12,518,Leave room
1.74E+12,458,Leave room
1.74E+12,250,Leave room
1.74E+12,398,Leave room
1.74E+12,409,Leave room
1.74E+12,492,Leave room
1.74E+12,276,Leave room
1.74E+12,489,Leave room
1.74E+12,493,Leave room
1.74E+12,484,Leave room
1.74E+12,351,Leave room
1.74E+12,444,Leave room
1.74E+12,494,Leave room
1.74E+12,500,Leave room
1.74E+12,548,Leave room
1.74E+12,386,Leave room
1.74E+12,325,Leave room
1.74E+12,373,Leave room
1.74E+12,515,Leave room
1.74E+12,314,Leave room
1.74E+12,594,Leave room
1.74E+12,421,Leave room
1.74E+12,405,Leave room
1.74E+12,506,Leave room
1.74E+12,508,Leave room
1.74E+12,382,Leave room
1.74E+12,368,Leave room
1.74E+12,422,Leave room
1.74E+12,321,Leave room
1.74E+12,424,Leave room
1.74E+12,394,Leave room
1.74E+12,437,Leave room
1.74E+12,396,Leave room
1.74E+12,333,Leave room
1.74E+12,454,Leave room
1.74E+12,688,Leave room
1.74E+12,531,Leave room
1.74E+12,474,Leave room
1.74E+12,389,Leave room
1.74E+12,541,Leave room
1.74E+12,356,Leave room
1.74E+12,645,Leave room
1.74E+12,463,Leave room
1.74E+12,363,Leave room
1.74E+12,380,Leave room
1.74E+12,469,Leave room
1.74E+12,494,Leave room
1.74E+12,436,Leave room
1.74E+12,417,Leave room
1.74E+12,515,Leave room
1.74E+12,399,Leave room
1.74E+12,359,Leave room
1.74E+12,472,Leave room
1.74E+12,377,Leave room
1.74E+12,469,Leave room
1.74E+12,374,Leave room
1.74E+12,563,Leave room
1.74E+12,442,Leave room
1.74E+12,349,Leave room
1.74E+12,366,Leave room
1.74E+12,485,Leave room
1.74E+12,537,Leave room
1.74E+12,575,Leave room
1.74E+12,368,Leave room
1.74E+12,282,Leave room
1.74E+12,426,Leave room
1.74E+12,517,Leave room
1.74E+12,444,Leave room
1.74E+12,391,Leave room
1.74E+12,512,Leave room
1.74E+12,273,Leave room
1.74E+12,466,Leave room
1.74E+12,435,Leave room
1.74E+12,386,Leave room
1.74E+12,521,Leave room
1.74E+12,311,Leave room
1.74E+12,473,Leave room
1.74E+12,683,Leave room
1.74E+12,435,Leave room
1.74E+12,432,Leave room
1.74E+12,486,Leave room
1.74E+12,413,Leave room
1.74E+12,351,Leave room
1.74E+12,264,Leave room
1.74E+12,458,Leave room
1.74E+12,410,Leave room
1.74E+12,563,Leave room
1.74E+12,396,Leave room
1.74E+12,452,Leave room
1.74E+12,425,Leave room
1.74E+12,520,Leave room
1.74E+12,456,Leave room
1.74E+12,410,Leave room
1.74E+12,465,Leave room
1.74E+12,399,Leave room
1.74E+12,412,Leave room
1.74E+12,472,Leave room
1.74E+12,280,Leave room
1.74E+12,431,Leave room
1.74E+12,514,Leave room
1.74E+12,428,Leave room
1.74E+12,537,Leave room
1.74E+12,560,Leave room
1.74E+12,284,Leave room
1.74E+12,486,Leave room
1.74E+12,472,Leave room
1.74E+12,440,Leave room
1.74E+12,489,Leave room
1.74E+12,508,Leave room
1.74E+12,695,Leave room
1.74E+12,567,Leave room
1.74E+12,469,Leave room
1.74E+12,318,Leave room
1.74E+12,480,Leave room
1.74E+12,513,Leave room
1.74E+12,346,Leave room
1.74E+12,379,Leave room
1.74E+12,354,Leave room
1.74E+12,462,Leave room
1.74E+12,358,Leave room
1.74E+12,395,Leave room
1.74E+12,274,Leave room
1.74E+12,458,Leave room
1.74E+12,525,Leave room
1.74E+12,389,Leave room
1.74E+12,367,Leave room
1.74E+12,510,Leave room
1.74E+12,212,Leave room
1.74E+12,546,Leave room
1.74E+12,424,Leave room
1.74E+12,612,Leave room
1.74E+12,537,Leave room
1.74E+12,493,Leave room
1.74E+12,486,Leave room
1.74E+12,606,Leave room
1.74E+12,474,Leave room
1.74E+12,438,Leave room
1.74E+12,518,Leave room
1.74E+12,342,Leave room
1.74E+12,415,Leave room
1.74E+12,479,Leave room
1.74E+12,545,Leave room
1.74E+12,439,Leave room
1.74E+12,376,Leave room
1.74E+12,560,Leave room
1.74E+12,479,Leave room
1.74E+12,405,Leave room
1.74E+12,476,Leave room
1.74E+12,561,Leave room
1.74E+12,340,Leave room
1.74E+12,422,Leave room
1.74E+12,308,Leave room
1.74E+12,401,Leave room
1.74E+12,532,Leave room
1.74E+12,518,Leave room
1.74E+12,434,Leave room
1.74E+12,499,Leave room
1.74E+12,608,Leave room
1.74E+12,364,Leave room
1.74E+12,569,Leave room
1.74E+12,299,Leave room
1.74E+12,399,Leave room
1.74E+12,457,Leave room
1.74E+12,442,Leave room
1.74E+12,558,Leave room
1.74E+12,237,Leave room
1.74E+12,348,Leave room
1.74E+12,417,Leave room
1.74E+12,451,Leave room
1.74E+12,318,Leave room
1.74E+12,497,Leave room
1.74E+12,470,Leave room
1.74E+12,394,Leave room
1.74E+12,368,Leave room
1.74E+12,548,Leave room
1.74E+12,464,Leave room
1.74E+12,531,Leave room
1.74E+12,512,Leave room
1.74E+12,530,Leave room
1.74E+12,639,Leave room
1.74E+12,536,Leave room
1.74E+12,400,Leave room
1.74E+12,365,Leave room
1.74E+12,405,Leave room
1.74E+12,632,Leave room
1.74E+12,558,Leave room
1.74E+12,486,Leave room
1.74E+12,434,Leave room
1.74E+12,406,Leave room
1.74E+12,284,Leave room
1.74E+12,481,Leave room
1.74E+12,684,Leave room
1.74E+12,550,Leave room
1.74E+12,422,Leave room
1.74E+12,371,Leave room
1.74E+12,484,Leave room
1.74E+12,351,Leave room
1.74E+12,590,Leave room
1.74E+12,557,Leave room
1.74E+12,572,Leave room
1.74E+12,433,Leave room
1.74E+12,527,Leave room
1.74E+12,490,Leave room
1.74E+12,478,Leave room
1.74E+12,392,Leave room
1.74E+12,491,Leave room
1.74E+12,335,Leave room
1.74E+12,623,Leave room
1.74E+12,311,Leave room
1.74E+12,240,Leave room
1.74E+12,484,Leave room
1.74E+12,298,Leave room
1.74E+12,332,Leave room
1.74E+12,462,Leave room
1.74E+12,570,Leave room
1.74E+12,433,Leave room
1.74E+12,233,Leave room
1.74E+12,484,Leave room
1.74E+12,432,Leave room
1.74E+12,392,Leave room
1.74E+12,345,Leave room
1.74E+12,603,Leave room
1.74E+12,423,Leave room
1.74E+12,341,Leave room
1.74E+12,322,Leave room
1.74E+12,431,Leave room
1.74E+12,422,Leave room
1.74E+12,407,Leave room
1.74E+12,429,Leave room
1.74E+12,318,Leave room
1.74E+12,347,Leave room
1.74E+12,368,Leave room
1.74E+12,376,Leave room
1.74E+12,390,Leave room
1.74E+12,527,Leave room
1.74E+12,383,Leave room
1.74E+12,460,Leave room
1.74E+12,316,Leave room
1.74E+12,423,Leave room
1.74E+12,352,Leave room
1.74E+12,421,Leave room
1.74E+12,530,Leave room
1.74E+12,492,Leave room
1.74E+12,597,Leave room
1.74E+12,383,Leave room
1.74E+12,466,Leave room
1.74E+12,432,Leave room
1.74E+12,517,Leave room
1.74E+12,344,Leave room
1.74E+12,400,Leave room
1.74E+12,565,Leave room
1.74E+12,368,Leave room
1.74E+12,579,Leave room
1.74E+12,412,Leave room
1.74E+12,498,Leave room
1.74E+12,656,Leave room
1.74E+12,427,Leave room
1.74E+12,564,Leave room
1.74E+12,402,Leave room
1.74E+12,433,Leave room
1.74E+12,435,Leave room
1.74E+12,487,Leave room
1.74E+12,394,Leave room
1.74E+12,525,Leave room
1.74E+12,348,Leave room
1.74E+12,399,Leave room
1.74E+12,545,Leave room
1.74E+12,564,Leave room
1.74E+12,472,Leave room
1.74E+12,403,Leave room
1.74E+12,401,Leave room
1.74E+12,365,Leave room
1.74E+12,566,Leave room
1.74E+12,420,Leave room
1.74E+12,533,Leave room
1.74E+12,446,Leave room
1.74E+12,430,Leave room
1.74E+12,278,Leave room
1.74E+12,570,Leave room
1.74E+12,300,Leave room
1.74E+12,397,Leave room
1.74E+12,363,Leave room
1.74E+12,694,Leave room
1.74E+12,513,Leave room
1.74E+12,258,Leave room
1.74E+12,476,Leave room
1.74E+12,183,Leave room
1.74E+12,431,Leave room
1.74E+12,320,Leave room
1.74E+12,454,Leave room
1.74E+12,535,Leave room
1.74E+12,432,Leave room
1.74E+12,406,Leave room
1.74E+12,491,Leave room
1.74E+12,450,Leave room
1.74E+12,354,Leave room
1.74E+12,398,Leave room
1.74E+12,402,Leave room
1.74E+12,300,Leave room
1.74E+12,427,Leave room
1.74E+12,400,Leave room
1.74E+12,268,Leave room
1.74E+12,530,Leave room
1.74E+12,367,Leave room
1.74E+12,530,Leave room
1.74E+12,471,Leave room
1.74E+12,281,Leave room
1.74E+12,454,Leave room
1.74E+12,396,Leave room
1.74E+12,362,Leave room
1.74E+12,581,Leave room
1.74E+12,386,Leave room
1.74E+12,608,Leave room
1.74E+12,408,Leave room
1.74E+12,588,Leave room
1.74E+12,431,Leave room
1.74E+12,627,Leave room
1.74E+12,370,Leave room
1.74E+12,385,Leave room
1.74E+12,415,Leave room
1.74E+12,242,Leave room
1.74E+12,562,Leave room
1.74E+12,175,Leave room
1.74E+12,534,Leave room
1.74E+12,536,Leave room
1.74E+12,539,Leave room
1.74E+12,484,Leave room
1.74E+12,400,Leave room
1.74E+12,387,Leave room
1.74E+12,433,Leave room
1.74E+12,300,Leave room
1.74E+12,578,Leave room
1.74E+12,411,Leave room
1.74E+12,228,Leave room
1.74E+12,446,Leave room
1.74E+12,365,Leave room
1.74E+12,441,Leave room
1.74E+12,487,Leave room
1.74E+12,380,Leave room
1.74E+12,260,Leave room
1.74E+12,405,Leave room
1.74E+12,444,Leave room
1.74E+12,275,Leave room
1.74E+12,383,Leave room
1.74E+12,555,Leave room
1.74E+12,336,Leave room
1.74E+12,411,Leave room
1.74E+12,290,Leave room
1.74E+12,388,Leave room
1.74E+12,395,Leave room
1.74E+12,350,Leave room
1.74E+12,389,Leave room
1.74E+12,302,Leave room
1.74E+12,642,Leave room
1.74E+12,175,Leave room
1.74E+12,290,Leave room
1.74E+12,628,Leave room
